problem_id,function_index,function_group,dimension,instance_index,fbest,final_value_rank,budget,nfe,archive_nodes,archive_capacity,archive_saturated,graph_edges,graph_edges_per_node,mean_node_visits,max_node_visits,mean_node_novelty,mean_edge_accessibility,max_edge_accessibility,positive_improvement_edges,positive_improvement_edge_fraction,use_center_local,use_far_basin,diag_dimension,diag_mean_scale,diag_max_scale,diag_anisotropy,diag_boundary_signal,diag_ruggedness_score,diag_sign_change_rate,diag_finite_anchor_fraction,diag_valid_axis_triplets,phase_initial_design_nfe,phase_initial_design_fraction,phase_center_local_nfe,phase_center_local_fraction,phase_coordinate_sweep_nfe,phase_coordinate_sweep_fraction,phase_far_basin_nfe,phase_far_basin_fraction,phase_archive_fallback_nfe,phase_archive_fallback_fraction,phase_final_polish_nfe,phase_final_polish_fraction,phase_budget_completion_nfe,phase_budget_completion_fraction
bbob_f001_i01_d02,1,Separable (f1-f5),2,1,79.48,3.0,2000,2000,80,80,True,557,6.9625,10.425,131.0,0.43879987541688353,0.3299588429575661,0.5,226,0.40574506283662476,True,True,2,10.0,10.0,1.0,-0.267086171696602,0.12938306683043124,1.0,1.0,2,33,0.0165,12.0,0.006,372,0.186,32.0,0.016,42,0.021,12,0.006,1497,0.7485
bbob_f001_i02_d02,1,Separable (f1-f5),2,2,394.48,3.0,2000,2000,80,80,True,675,8.4375,12.9,136.0,0.42433814412295057,0.32430070554622464,0.5,273,0.40444444444444444,True,False,2,10.0,10.0,1.0,-0.05374801460276662,0.07353516129074765,0.0,1.0,2,33,0.0165,15.0,0.0075,344,0.172,,,54,0.027,15,0.0075,1539,0.7695
bbob_f001_i03_d02,1,Separable (f1-f5),2,3,-247.11,3.0,2000,2000,80,80,True,654,8.175,11.95,140.0,0.4261303391460487,0.3269517558405953,0.5,269,0.41131498470948014,True,False,2,10.0,10.0,1.0,-0.058550627168891776,0.07781061092027945,0.5,1.0,2,33,0.0165,9.0,0.0045,330,0.165,,,54,0.027,12,0.006,1562,0.781
bbob_f002_i01_d02,2,Separable (f1-f5),2,1,-209.87999999999977,4.0,2000,2000,80,80,True,138,1.725,2.7,35.0,0.7552589347388441,0.1217405042728345,1.0,50,0.36231884057971014,True,True,2,10.0,10.0,1.0,-2.1141890149316582,0.972168981896178,1.0,1.0,2,33,0.0165,162.0,0.081,317,0.1585,32.0,0.016,200,0.1,100,0.05,1156,0.578
bbob_f002_i02_d02,2,Separable (f1-f5),2,2,-92.09,2.5,2000,2000,80,80,True,186,2.325,3.2375,39.0,0.6366955364888904,0.13450260522823296,1.0,75,0.4032258064516129,True,True,2,10.0,10.0,1.0,0.12317417783132423,0.8799189785694326,0.5,1.0,2,33,0.0165,102.0,0.051,316,0.158,32.0,0.016,200,0.1,100,0.05,1217,0.6085
bbob_f002_i03_d02,2,Separable (f1-f5),2,3,-87.88999999998028,5.0,2000,2000,80,80,True,176,2.2,3.2875,35.0,0.6456387226558782,0.1367825720976372,1.0,63,0.35795454545454547,True,True,2,10.0,10.0,1.0,-1.815242660302352e-06,0.9434113800495986,0.5,1.0,2,33,0.0165,156.0,0.078,307,0.1535,32.0,0.016,200,0.1,100,0.05,1172,0.586
bbob_f003_i01_d02,3,Separable (f1-f5),2,1,-461.0950409429067,3.5,2000,2000,80,80,True,329,4.1125,6.525,70.0,0.5781278649051111,0.14183023617564455,0.5,130,0.3951367781155015,True,True,2,10.0,10.0,1.0,-0.26323537227841265,0.21865620437117028,0.5,1.0,2,33,0.0165,48.0,0.024,460,0.23,32.0,0.016,111,0.0555,12,0.006,1304,0.652
bbob_f003_i02_d02,3,Separable (f1-f5),2,2,78.6549590570933,2.5,2000,2000,80,80,True,336,4.2,6.2125,63.0,0.583050479857946,0.15655962154254893,0.5,150,0.44642857142857145,True,True,2,10.0,10.0,1.0,-0.6314321076157104,0.3750441140121002,0.5,1.0,2,33,0.0165,51.0,0.0255,420,0.21,32.0,0.016,120,0.06,45,0.0225,1299,0.6495
bbob_f003_i03_d02,3,Separable (f1-f5),2,3,115.68000000000004,2.0,2000,2000,80,80,True,195,2.4375,3.6625,38.0,0.6750761451022068,0.1509041171230023,0.5,84,0.4307692307692308,True,True,2,10.0,10.0,1.0,-0.4796174687531837,0.40091790204827565,1.0,1.0,2,33,0.0165,48.0,0.024,462,0.231,32.0,0.016,114,0.057,21,0.0105,1290,0.645
bbob_f004_i01_d02,4,Separable (f1-f5),2,1,-462.09,1.0,2000,2000,80,80,True,241,3.0125,4.3125,44.0,0.6151400372875425,0.1294986989181911,0.5,98,0.4066390041493776,True,True,2,10.0,10.0,1.0,-1.164371627387847,0.5456535737608542,1.0,1.0,2,33,0.0165,57.0,0.0285,479,0.2395,32.0,0.016,114,0.057,100,0.05,1185,0.5925
bbob_f004_i02_d02,4,Separable (f1-f5),2,2,77.66000000000001,2.0,2000,2000,80,80,True,235,2.9375,4.525,45.0,0.5954372715860099,0.154800362576523,1.0,102,0.4340425531914894,True,True,2,10.0,10.0,1.0,-1.1491367752072816,0.4585025779187135,1.0,1.0,2,33,0.0165,45.0,0.0225,468,0.234,32.0,0.016,200,0.1,100,0.05,1122,0.561
bbob_f004_i03_d02,4,Separable (f1-f5),2,3,115.68,1.5,2000,2000,80,80,True,216,2.7,3.9625,48.0,0.6418423993514331,0.1392020767646954,0.5,93,0.4305555555555556,True,True,2,10.0,10.0,1.0,-0.954567347493336,0.4473704908879922,1.0,1.0,2,33,0.0165,39.0,0.0195,404,0.202,32.0,0.016,200,0.1,57,0.0285,1235,0.6175
bbob_f005_i01_d02,5,Separable (f1-f5),2,1,-9.21,3.0,2000,2000,80,80,True,619,7.7375,13.2125,195.0,0.38835376521821685,0.29639197861603495,0.5,300,0.48465266558966075,True,True,2,10.0,10.0,1.0,-0.13036736320365133,0.5777054521596224,0.0,1.0,2,33,0.0165,12.0,0.006,372,0.186,32.0,0.016,39,0.0195,9,0.0045,1503,0.7515
bbob_f005_i02_d02,5,Separable (f1-f5),2,2,655.99,3.0,2000,2000,80,80,True,594,7.425,13.075,187.0,0.38364992860034264,0.3082139580475717,0.5,300,0.5050505050505051,True,False,2,10.0,10.0,1.0,0.0,0.037297033117601075,0.0,1.0,2,33,0.0165,12.0,0.006,372,0.186,,,42,0.021,12,0.006,1529,0.7645
bbob_f005_i03_d02,5,Separable (f1-f5),2,3,66.71,3.0,2000,2000,80,80,True,617,7.7125,13.15,188.0,0.4025299686516358,0.30118904283409986,0.5,311,0.5040518638573744,True,True,2,10.0,10.0,1.0,0.0,0.21265353819219973,0.0,1.0,2,33,0.0165,12.0,0.006,372,0.186,32.0,0.016,39,0.0195,9,0.0045,1503,0.7515
bbob_f006_i01_d02,6,Low/moderate conditioning (f6-f9),2,1,35.90000000000003,3.0,2000,2000,80,80,True,154,1.925,2.775,29.0,0.7035162918327126,0.156782981628208,1.0,60,0.38961038961038963,True,True,2,10.0,10.0,1.0,-0.09076679280321887,0.9621804252775313,0.0,1.0,2,33,0.0165,300.0,0.15,336,0.168,32.0,0.016,200,0.1,100,0.05,999,0.4995
bbob_f006_i02_d02,6,Low/moderate conditioning (f6-f9),2,2,31.37,1.5,2000,2000,80,80,True,128,1.6,2.5125,26.0,0.725256974129181,0.13501731968635533,1.0,45,0.3515625,True,True,2,10.0,10.0,1.0,-1.6570288579836836,0.9966473012589224,0.0,1.0,2,33,0.0165,288.0,0.144,361,0.1805,32.0,0.016,200,0.1,100,0.05,986,0.493
bbob_f006_i03_d02,6,Low/moderate conditioning (f6-f9),2,3,-999.999999996765,5.0,2000,2000,80,80,True,191,2.3875,3.55,40.0,0.6052942025542697,0.1856838263971753,1.0,83,0.43455497382198954,True,True,2,10.0,10.0,1.0,0.7609745925605643,1.0078574688347357,0.0,1.0,2,33,0.0165,189.0,0.0945,356,0.178,32.0,0.016,200,0.1,100,0.05,1090,0.545
bbob_f007_i01_d02,7,Low/moderate conditioning (f6-f9),2,1,92.94,2.0,2000,2000,80,80,True,196,2.45,3.85,29.0,0.6067644618078438,0.1658890397675208,0.5,77,0.39285714285714285,True,True,2,10.0,10.0,1.0,-0.6977256402999117,0.6904042368970748,1.0,1.0,2,33,0.0165,3.0,0.0015,372,0.186,32.0,0.016,12,0.006,6,0.003,1542,0.771
bbob_f007_i02_d02,7,Low/moderate conditioning (f6-f9),2,2,35.35383609492419,3.0,2000,2000,80,80,True,515,6.4375,10.2375,130.0,0.46973047951867863,0.24042535696183823,0.5,200,0.3883495145631068,True,True,2,10.0,10.0,1.0,-0.33121550337696026,0.6709266354479521,1.0,1.0,2,33,0.0165,3.0,0.0015,412,0.206,32.0,0.016,12,0.006,6,0.003,1502,0.751
bbob_f007_i03_d02,7,Low/moderate conditioning (f6-f9),2,3,3.825122905424048,4.0,2000,2000,80,80,True,612,7.65,12.625,134.0,0.46495235004708324,0.2082754040018049,0.5,246,0.4019607843137255,True,True,2,10.0,10.0,1.0,-0.7463707106016979,0.9031548254190505,0.0,1.0,2,33,0.0165,3.0,0.0015,372,0.186,32.0,0.016,12,0.006,6,0.003,1542,0.771
bbob_f008_i01_d02,8,Low/moderate conditioning (f6-f9),2,1,149.15000000000006,3.0,2000,2000,80,80,True,320,4.0,6.35,78.0,0.5436318155871206,0.1445056104796811,1.0,132,0.4125,True,True,2,10.0,10.0,1.0,-3.479744484674832,0.9416641067220854,1.0,1.0,2,33,0.0165,72.0,0.036,347,0.1735,32.0,0.016,200,0.1,63,0.0315,1253,0.6265
bbob_f008_i02_d02,8,Low/moderate conditioning (f6-f9),2,2,-1000.0,2.5,2000,2000,80,80,True,212,2.65,4.0125,49.0,0.5741389444813434,0.13597599576970745,1.0,80,0.37735849056603776,True,True,2,10.0,10.0,1.0,-0.11646940927963334,1.0425966269872835,0.0,1.0,2,33,0.0165,138.0,0.069,263,0.1315,32.0,0.016,200,0.1,75,0.0375,1259,0.6295
bbob_f008_i03_d02,8,Low/moderate conditioning (f6-f9),2,3,98.62000000000228,5.0,2000,2000,80,80,True,340,4.25,6.5625,79.0,0.45767333943332733,0.14168664132706005,1.0,135,0.39705882352941174,True,True,2,10.0,10.0,1.0,-1.127407885074411,0.9501501624993139,1.0,1.0,2,33,0.0165,96.0,0.048,297,0.1485,32.0,0.016,200,0.1,100,0.05,1242,0.621
bbob_f009_i01_d02,9,Low/moderate conditioning (f6-f9),2,1,123.8300000000012,5.0,2000,2000,80,80,True,292,3.65,5.5625,68.0,0.5456328459643676,0.16034396060631467,1.0,124,0.4246575342465753,True,True,2,10.0,10.0,1.0,-1.5642062014495386,0.9706478260043355,1.0,1.0,2,33,0.0165,66.0,0.033,348,0.174,32.0,0.016,200,0.1,99,0.0495,1222,0.611
bbob_f009_i02_d02,9,Low/moderate conditioning (f6-f9),2,2,47.51000000000078,5.0,2000,2000,80,80,True,458,5.725,8.95,115.0,0.49921408140280993,0.15841053531170948,1.0,174,0.3799126637554585,True,True,2,10.0,10.0,1.0,-5.513738438046588,0.9605813573797224,1.0,1.0,2,33,0.0165,69.0,0.0345,351,0.1755,32.0,0.016,200,0.1,66,0.033,1249,0.6245
bbob_f009_i03_d02,9,Low/moderate conditioning (f6-f9),2,3,55.34000000000001,5.0,2000,2000,80,80,True,167,2.0875,3.0125,36.0,0.6687659812506006,0.12569662361316802,1.0,64,0.38323353293413176,True,True,2,10.0,10.0,1.0,-4.356747091275978,0.9626466613986092,1.0,1.0,2,33,0.0165,87.0,0.0435,355,0.1775,32.0,0.016,200,0.1,60,0.03,1233,0.6165
bbob_f010_i01_d02,10,High conditioning / unimodal (f10-f14),2,1,-54.93999993391047,5.0,2000,2000,80,80,True,246,3.075,4.7375,51.0,0.5571746825905411,0.14625053230298346,1.0,107,0.4349593495934959,True,True,2,10.0,10.0,1.0,-0.3706215423489769,0.8501126219966046,0.5,1.0,2,33,0.0165,243.0,0.1215,334,0.167,32.0,0.016,200,0.1,100,0.05,1058,0.529
bbob_f010_i02_d02,10,High conditioning / unimodal (f10-f14),2,2,59.13000000317551,4.0,2000,2000,80,80,True,168,2.1,3.425,41.0,0.6250762939310868,0.11659035354245832,1.0,58,0.34523809523809523,True,True,2,10.0,10.0,1.0,-0.6470846516191591,0.7652015772371413,1.0,1.0,2,33,0.0165,222.0,0.111,352,0.176,32.0,0.016,200,0.1,100,0.05,1061,0.5305
bbob_f010_i03_d02,10,High conditioning / unimodal (f10-f14),2,3,-491.5299999999398,4.0,2000,2000,80,80,True,189,2.3625,3.6875,44.0,0.6712361056800313,0.16217426874299576,1.0,84,0.4444444444444444,True,True,2,10.0,10.0,1.0,-0.5926293961410407,0.9359011329676131,1.0,1.0,2,33,0.0165,168.0,0.084,345,0.1725,32.0,0.016,200,0.1,100,0.05,1122,0.561
bbob_f011_i01_d02,11,High conditioning / unimodal (f10-f14),2,1,76.27000000557278,4.0,2000,2000,80,80,True,182,2.275,3.725,37.0,0.6305576394621364,0.13134067560800947,1.0,69,0.3791208791208791,True,True,2,10.0,10.0,1.0,0.16542509824963308,0.8056221628814002,0.0,1.0,2,33,0.0165,183.0,0.0915,336,0.168,32.0,0.016,200,0.1,100,0.05,1116,0.558
bbob_f011_i02_d02,11,High conditioning / unimodal (f10-f14),2,2,-22.549999956503637,5.0,2000,2000,80,80,True,154,1.925,2.7375,26.0,0.7199791830290755,0.12484706092481776,1.0,56,0.36363636363636365,True,True,2,10.0,10.0,1.0,-0.030384553088485547,0.8522677412624182,0.0,1.0,2,33,0.0165,189.0,0.0945,315,0.1575,32.0,0.016,200,0.1,100,0.05,1131,0.5655
bbob_f011_i03_d02,11,High conditioning / unimodal (f10-f14),2,3,13.660000000419686,4.5,2000,2000,80,80,True,166,2.075,3.6,38.0,0.6300612567230639,0.14197065076578586,1.0,61,0.3674698795180723,True,True,2,10.0,10.0,1.0,-2.2511708453010124,0.7938339404519855,1.0,1.0,2,33,0.0165,240.0,0.12,340,0.17,32.0,0.016,200,0.1,100,0.05,1055,0.5275
bbob_f012_i01_d02,12,High conditioning / unimodal (f10-f14),2,1,-621.1099999994705,5.0,2000,2000,80,80,True,148,1.85,2.8375,26.0,0.7139506899126744,0.12951510290729593,1.0,61,0.41216216216216217,True,True,2,10.0,10.0,1.0,-0.00014088543451703896,0.9973992939555941,0.0,1.0,2,33,0.0165,135.0,0.0675,331,0.1655,32.0,0.016,200,0.1,96,0.048,1173,0.5865
bbob_f012_i02_d02,12,High conditioning / unimodal (f10-f14),2,2,-254.81999999999817,2.5,2000,2000,80,80,True,175,2.1875,3.3,37.0,0.6159448957888662,0.1425492477522314,1.0,74,0.4228571428571429,True,True,2,10.0,10.0,1.0,-2.1040869824860007,0.9999325259641244,0.0,1.0,2,33,0.0165,132.0,0.066,318,0.159,32.0,0.016,200,0.1,81,0.0405,1204,0.602
bbob_f012_i03_d02,12,High conditioning / unimodal (f10-f14),2,3,56.6100001929724,5.0,2000,2000,80,80,True,203,2.5375,3.65,40.0,0.6259399908029124,0.12831101038070006,1.0,76,0.37438423645320196,True,True,2,10.0,10.0,1.0,1.116434219417021,0.9933510524449306,0.0,1.0,2,33,0.0165,240.0,0.12,257,0.1285,32.0,0.016,200,0.1,100,0.05,1138,0.569
bbob_f013_i01_d02,13,High conditioning / unimodal (f10-f14),2,1,30.584353876819232,6.0,2000,2000,80,80,True,127,1.5875,2.4375,27.0,0.7457642826261552,0.14657729415502402,1.0,49,0.3858267716535433,True,True,2,10.0,10.0,1.0,-0.5954705250319153,0.5156407370289879,0.5,1.0,2,33,0.0165,165.0,0.0825,372,0.186,32.0,0.016,200,0.1,100,0.05,1098,0.549
bbob_f013_i02_d02,13,High conditioning / unimodal (f10-f14),2,2,-51.709997913272915,5.0,2000,2000,80,80,True,110,1.375,2.35,23.0,0.751424279090889,0.1633721364248959,1.0,48,0.43636363636363634,True,True,2,10.0,10.0,1.0,-0.4376400295110466,0.6628564296609218,1.0,1.0,2,33,0.0165,300.0,0.15,372,0.186,32.0,0.016,200,0.1,100,0.05,963,0.4815
bbob_f013_i03_d02,13,High conditioning / unimodal (f10-f14),2,3,-279.94747065634357,5.0,2000,2000,80,80,True,116,1.45,2.45,22.0,0.6947225882376863,0.15209864658199115,1.0,50,0.43103448275862066,True,True,2,10.0,10.0,1.0,-0.8951526380822887,0.9804023532606325,0.5,1.0,2,33,0.0165,300.0,0.15,372,0.186,32.0,0.016,200,0.1,100,0.05,963,0.4815
bbob_f014_i01_d02,14,High conditioning / unimodal (f10-f14),2,1,-52.34999994682339,5.0,2000,2000,80,80,True,141,1.7625,2.7875,34.0,0.7087063586646783,0.26519039637701075,1.0,55,0.3900709219858156,True,True,2,10.0,10.0,1.0,-1.689507266040717,0.4523537270957992,1.0,1.0,2,33,0.0165,135.0,0.0675,326,0.163,32.0,0.016,200,0.1,100,0.05,1174,0.587
bbob_f014_i02_d02,14,High conditioning / unimodal (f10-f14),2,2,-179.53999999971848,4.0,2000,2000,80,80,True,121,1.5125,2.475,31.0,0.7608073863475125,0.2637707407097129,1.0,44,0.36363636363636365,True,False,2,10.0,10.0,1.0,-0.1312354138250318,0.08543090007686746,1.0,1.0,2,33,0.0165,108.0,0.054,342,0.171,,,200,0.1,100,0.05,1217,0.6085
bbob_f014_i03_d02,14,High conditioning / unimodal (f10-f14),2,3,77.31000002033359,4.0,2000,2000,80,80,True,154,1.925,2.85,31.0,0.695347075487415,0.26136879572240856,1.0,52,0.33766233766233766,True,True,2,10.0,10.0,1.0,-0.8110730792822703,0.19449978286581127,1.0,1.0,2,33,0.0165,183.0,0.0915,346,0.173,32.0,0.016,200,0.1,100,0.05,1106,0.553
bbob_f015_i01_d02,15,Multimodal with global structure (f15-f19),2,1,1000.9949590570932,3.5,2000,2000,80,80,True,260,3.25,4.65,41.0,0.5820710376200695,0.15056125671738763,0.5,118,0.45384615384615384,True,True,2,10.0,10.0,1.0,-0.24045087438259297,0.11953850502282971,1.0,1.0,2,33,0.0165,87.0,0.0435,365,0.1825,32.0,0.016,165,0.0825,27,0.0135,1291,0.6455
bbob_f015_i02_d02,15,Multimodal with global structure (f15-f19),2,2,71.0249590570933,3.0,2000,2000,80,80,True,309,3.8625,5.7125,34.0,0.5522537201097639,0.15101382894569787,0.5,138,0.44660194174757284,True,True,2,10.0,10.0,1.0,-1.057295584626986,0.4535546418978691,0.0,1.0,2,33,0.0165,33.0,0.0165,403,0.2015,32.0,0.016,200,0.1,27,0.0135,1272,0.636
bbob_f015_i03_d02,15,Multimodal with global structure (f15-f19),2,3,-48.21999999999999,2.0,2000,2000,80,80,True,348,4.35,6.5875,79.0,0.524463927785314,0.13867612855356953,1.0,145,0.4166666666666667,True,True,2,10.0,10.0,1.0,-1.3153719923142155,1.2009169390312928,1.0,1.0,2,33,0.0165,51.0,0.0255,444,0.222,32.0,0.016,200,0.1,48,0.024,1192,0.596
bbob_f016_i01_d02,16,Multimodal with global structure (f15-f19),2,1,71.36919976621135,4.0,2000,2000,80,80,True,129,1.6125,2.6125,23.0,0.7098191346578238,0.10969621837119467,1.0,52,0.40310077519379844,True,True,2,10.0,10.0,1.0,-0.04036455949123835,0.2312942910771438,0.0,1.0,2,33,0.0165,183.0,0.0915,600,0.3,32.0,0.016,200,0.1,100,0.05,852,0.426
bbob_f016_i02_d02,16,Multimodal with global structure (f15-f19),2,2,-355.2198944468276,4.0,2000,2000,80,80,True,123,1.5375,2.525,23.0,0.7342312142670866,0.09896481568996081,1.0,44,0.35772357723577236,True,True,2,10.0,10.0,1.0,-0.20469071638750305,0.16543481143431407,0.5,1.0,2,33,0.0165,93.0,0.0465,600,0.3,32.0,0.016,200,0.1,100,0.05,942,0.471
bbob_f016_i03_d02,16,Multimodal with global structure (f15-f19),2,3,99.25475691869252,5.0,2000,2000,80,80,True,119,1.4875,2.4375,20.0,0.7200296350615614,0.08468799491707243,0.5,45,0.37815126050420167,True,True,2,10.0,10.0,1.0,0.045272283160436216,0.18461770187756377,1.0,1.0,2,33,0.0165,126.0,0.063,600,0.3,32.0,0.016,200,0.1,100,0.05,909,0.4545
bbob_f017_i01_d02,17,Multimodal with global structure (f15-f19),2,1,-16.19741909580417,7.0,2000,2000,80,80,True,282,3.525,4.85,29.0,0.5660660352688878,0.21026649714997026,0.5,139,0.4929078014184397,True,True,2,10.0,10.0,1.0,-0.32712224659830075,1.0790042379687101,0.5,1.0,2,33,0.0165,30.0,0.015,470,0.235,32.0,0.016,159,0.0795,30,0.015,1246,0.623
bbob_f017_i02_d02,17,Multimodal with global structure (f15-f19),2,2,18.967298246218803,5.0,2000,2000,80,80,True,277,3.4625,5.25,58.0,0.568712604288692,0.19197632882385407,0.5,127,0.4584837545126354,True,True,2,10.0,10.0,1.0,-0.5852129200126656,0.3990678457719971,0.5,1.0,2,33,0.0165,60.0,0.03,482,0.241,32.0,0.016,126,0.063,27,0.0135,1240,0.62
bbob_f017_i03_d02,17,Multimodal with global structure (f15-f19),2,3,273.51291187985925,6.0,2000,2000,80,80,True,419,5.2375,7.95,70.0,0.468556116255303,0.21085976076409385,0.5,183,0.43675417661097854,True,False,2,10.0,10.0,1.0,0.010007290487170835,0.0502501923787076,0.5,1.0,2,33,0.0165,6.0,0.003,472,0.236,,,102,0.051,54,0.027,1333,0.6665
bbob_f018_i01_d02,18,Multimodal with global structure (f15-f19),2,1,-16.41418011021787,2.0,2000,2000,80,80,True,372,4.65,7.0375,67.0,0.5047852110470469,0.13688205006679033,0.5,143,0.3844086021505376,True,True,2,10.0,10.0,1.0,-0.1836319765487648,0.9703573682638176,0.5,1.0,2,33,0.0165,36.0,0.018,424,0.212,32.0,0.016,150,0.075,42,0.021,1283,0.6415
bbob_f018_i02_d02,18,Multimodal with global structure (f15-f19),2,2,19.17291187985927,4.0,2000,2000,80,80,True,194,2.425,3.575,36.0,0.5861826516873245,0.08687145950556066,0.5,74,0.38144329896907214,True,True,2,10.0,10.0,1.0,-0.3855989427655225,0.5475516765845707,0.5,1.0,2,33,0.0165,39.0,0.0195,521,0.2605,32.0,0.016,69,0.0345,63,0.0315,1243,0.6215
bbob_f018_i03_d02,18,Multimodal with global structure (f15-f19),2,3,273.39313580504466,3.0,2000,2000,80,80,True,192,2.4,3.55,29.0,0.6561754492110358,0.12992728722590072,0.5,84,0.4375,True,True,2,10.0,10.0,1.0,0.15385459323118186,0.3006990352261906,0.5,1.0,2,33,0.0165,6.0,0.003,421,0.2105,32.0,0.016,108,0.054,84,0.042,1316,0.658
bbob_f019_i01_d02,19,Multimodal with global structure (f15-f19),2,1,-102.54999999998044,3.0,2000,2000,80,80,True,308,3.85,6.175,51.0,0.5701737154005159,0.17265445778665503,0.5,136,0.44155844155844154,True,True,2,10.0,10.0,1.0,-0.18166315146075054,0.14762580507230724,1.0,1.0,2,33,0.0165,63.0,0.0315,600,0.3,32.0,0.016,159,0.0795,54,0.027,1059,0.5295
bbob_f019_i02_d02,19,Multimodal with global structure (f15-f19),2,2,71.70570765076795,3.5,2000,2000,80,80,True,281,3.5125,5.6125,63.0,0.5344817551708472,0.16197680016098573,0.5,121,0.4306049822064057,True,True,2,10.0,10.0,1.0,-0.594943920962077,0.22099710788644286,1.0,1.0,2,33,0.0165,36.0,0.018,600,0.3,32.0,0.016,102,0.051,81,0.0405,1116,0.558
bbob_f019_i03_d02,19,Multimodal with global structure (f15-f19),2,3,214.0257076507679,4.0,2000,2000,80,80,True,288,3.6,5.6375,63.0,0.5776439285759534,0.16820240737610168,0.5,132,0.4583333333333333,True,False,2,10.0,10.0,1.0,-0.30958929759019876,0.08433185941624988,1.0,1.0,2,33,0.0165,42.0,0.021,600,0.3,,,135,0.0675,75,0.0375,1115,0.5575
bbob_f020_i01_d02,20,Multimodal with weak structure (f20-f24),2,1,-546.4999999999999,3.0,2000,2000,80,80,True,348,4.35,6.3375,59.0,0.5610441107279011,0.15571865315884956,0.5,133,0.382183908045977,True,True,2,10.0,10.0,1.0,-2.6753367574967872,0.9708672230956394,0.5,1.0,2,33,0.0165,54.0,0.027,282,0.141,32.0,0.016,153,0.0765,30,0.015,1416,0.708
bbob_f020_i02_d02,20,Multimodal with weak structure (f20-f24),2,2,1000.0,1.0,2000,2000,80,80,True,409,5.1125,7.9375,54.0,0.5193831151851589,0.18352957993732488,0.5,171,0.4180929095354523,True,True,2,10.0,10.0,1.0,-2.985249087417071,0.9094508945504057,0.5,1.0,2,33,0.0165,54.0,0.027,339,0.1695,32.0,0.016,144,0.072,42,0.021,1356,0.678
bbob_f020_i03_d02,20,Multimodal with weak structure (f20-f24),2,3,208.9721916730722,3.5,2000,2000,80,80,True,379,4.7375,7.1625,83.0,0.5096657472805429,0.1795648407697131,0.5,155,0.40897097625329815,True,True,2,10.0,10.0,1.0,-1.8245129756052647,0.9181577544260955,0.5,1.0,2,33,0.0165,54.0,0.027,299,0.1495,32.0,0.016,141,0.0705,33,0.0165,1408,0.704
bbob_f021_i01_d02,21,Multimodal with weak structure (f20-f24),2,1,40.7800000003663,3.0,2000,2000,80,80,True,280,3.5,6.325,45.0,0.5085917990670483,0.2357089585613822,0.5,116,0.4142857142857143,True,True,2,10.0,10.0,1.0,-0.22550777357305887,0.14883416397427957,0.5,1.0,2,33,0.0165,141.0,0.0705,503,0.2515,32.0,0.016,200,0.1,12,0.006,1079,0.5395
bbob_f021_i02_d02,21,Multimodal with weak structure (f20-f24),2,2,-1.599999999999571,3.0,2000,2000,80,80,True,322,4.025,7.4375,98.0,0.5383174749260016,0.2731527598491673,0.5,139,0.43167701863354035,True,True,2,10.0,10.0,1.0,-1.1042794482088654,0.4587983677006019,0.5,1.0,2,33,0.0165,36.0,0.018,489,0.2445,32.0,0.016,180,0.09,81,0.0405,1149,0.5745
bbob_f021_i03_d02,21,Multimodal with weak structure (f20-f24),2,3,-370.8399999969111,3.0,2000,2000,80,80,True,338,4.225,7.9,104.0,0.4869723802262499,0.25493434156027894,0.5,147,0.4349112426035503,True,False,2,10.0,10.0,1.0,0.012951718027860423,0.026225237786723726,0.0,1.0,2,33,0.0165,39.0,0.0195,495,0.2475,,,177,0.0885,57,0.0285,1199,0.5995
bbob_f022_i01_d02,22,Multimodal with weak structure (f20-f24),2,1,-999.999999993913,3.0,2000,2000,80,80,True,318,3.975,6.675,96.0,0.4988632387445201,0.2065038239352277,0.5,140,0.44025157232704404,True,False,2,10.0,10.0,1.0,-0.03139241834112283,0.02333141834869374,0.0,1.0,2,33,0.0165,81.0,0.0405,557,0.2785,,,200,0.1,54,0.027,1075,0.5375
bbob_f022_i02_d02,22,Multimodal with weak structure (f20-f24),2,2,1000.0000000018294,3.0,2000,2000,80,80,True,370,4.625,7.5625,101.0,0.5270089304832637,0.20621766022323978,1.0,163,0.44054054054054054,True,False,2,10.0,10.0,1.0,-0.019705066173925423,0.013623733479407776,0.5,1.0,2,33,0.0165,48.0,0.024,568,0.284,,,200,0.1,54,0.027,1097,0.5485
bbob_f022_i03_d02,22,Multimodal with weak structure (f20-f24),2,3,-49.1299999999145,2.0,2000,2000,80,80,True,341,4.2625,7.4375,99.0,0.49439265225507023,0.22977487254074944,1.0,159,0.4662756598240469,True,True,2,10.0,10.0,1.0,-2.531355625152433,2.1098140299026884,0.5,1.0,2,33,0.0165,33.0,0.0165,458,0.229,32.0,0.016,200,0.1,100,0.05,1144,0.572
bbob_f023_i01_d02,23,Multimodal with weak structure (f20-f24),2,1,6.964242660433886,3.0,2000,2000,80,80,True,119,1.4875,2.2875,19.0,0.631671983276241,0.16823345069618872,1.0,66,0.5546218487394958,True,True,2,10.0,10.0,1.0,0.5786383163742503,0.39273613594441487,0.0,1.0,2,33,0.0165,225.0,0.1125,600,0.3,32.0,0.016,200,0.1,100,0.05,810,0.405
bbob_f023_i02_d02,23,Multimodal with weak structure (f20-f24),2,2,0.2481490497256389,4.0,2000,2000,80,80,True,112,1.4,2.1125,18.0,0.7501539279485939,0.10239448201866443,1.0,49,0.4375,True,True,2,10.0,10.0,1.0,0.27154972106805103,0.3534500029995578,1.0,1.0,2,33,0.0165,300.0,0.15,572,0.286,32.0,0.016,200,0.1,100,0.05,763,0.3815
bbob_f023_i03_d02,23,Multimodal with weak structure (f20-f24),2,3,-130.6099968009582,2.5,2000,2000,80,80,True,110,1.375,2.3,22.0,0.7635330698348726,0.10761620622917811,1.0,44,0.4,True,True,2,10.0,10.0,1.0,0.012226793772544625,0.16461712386696795,0.0,1.0,2,33,0.0165,252.0,0.126,532,0.266,32.0,0.016,200,0.1,100,0.05,851,0.4255
bbob_f024_i01_d02,24,Multimodal with weak structure (f20-f24),2,1,103.19065708897104,1.0,2000,2000,80,80,True,139,1.7375,2.6125,22.0,0.6842208223793467,0.09675142252749616,0.5,59,0.4244604316546763,True,False,2,10.0,10.0,1.0,-0.16632719421288558,0.09127511961963418,0.5,1.0,2,33,0.0165,51.0,0.0255,600,0.3,,,165,0.0825,39,0.0195,1112,0.556
bbob_f024_i02_d02,24,Multimodal with weak structure (f20-f24),2,2,94.41181591548084,3.0,2000,2000,80,80,True,141,1.7625,2.625,24.0,0.6653247296124178,0.10237733891021931,0.5,60,0.425531914893617,True,False,2,10.0,10.0,1.0,-0.16696377190243544,0.09748408061831117,0.0,1.0,2,33,0.0165,42.0,0.021,600,0.3,,,150,0.075,54,0.027,1121,0.5605
bbob_f024_i03_d02,24,Multimodal with weak structure (f20-f24),2,3,15.241881417979284,2.0,2000,2000,80,80,True,152,1.9,2.7875,28.0,0.6862486548528326,0.11892414778136214,0.5,61,0.40131578947368424,True,True,2,10.0,10.0,1.0,-0.35370181838260867,0.2619100690867319,0.5,1.0,2,33,0.0165,66.0,0.033,600,0.3,32.0,0.016,200,0.1,39,0.0195,1030,0.515
bbob_f001_i01_d05,1,Separable (f1-f5),5,1,79.48000000000003,3.0,5000,5000,80,80,True,192,2.4,6.225,258.0,0.7111855599217793,0.3256475466924325,0.5,100,0.5208333333333334,True,True,5,10.0,10.0,1.0,-0.07987095398577981,0.15066000799317783,0.8,1.0,5,39,0.0078,24.0,0.0048,889,0.1778,32.0,0.0064,108,0.0216,36,0.0072,3872,0.7744
bbob_f001_i02_d05,1,Separable (f1-f5),5,2,394.48000000000104,4.0,5000,5000,80,80,True,260,3.25,7.3375,263.0,0.6844017575806838,0.3388782017718538,0.5,120,0.46153846153846156,True,False,5,10.0,10.0,1.0,-0.05241257725298261,0.054792064664195284,0.2,1.0,5,39,0.0078,24.0,0.0048,824,0.1648,,,96,0.0192,30,0.006,3987,0.7974
bbob_f001_i03_d05,1,Separable (f1-f5),5,3,-247.10999999999987,3.0,5000,5000,80,80,True,230,2.875,6.7875,264.0,0.6836036063182291,0.33695345888859846,0.5,110,0.4782608695652174,True,True,5,10.0,10.0,1.0,-0.06024738781648334,0.12876612986934555,0.4,1.0,5,39,0.0078,30.0,0.006,790,0.158,32.0,0.0064,120,0.024,42,0.0084,3947,0.7894
bbob_f002_i01_d05,2,Separable (f1-f5),5,1,-209.87999999964072,4.0,5000,5000,80,80,True,86,1.075,1.8,48.0,0.932080621362022,0.14791028260505604,1.0,38,0.4418604651162791,True,True,5,10.0,10.0,1.0,0.11421849293405713,0.8143626879631715,0.8,1.0,5,39,0.0078,606.0,0.1212,845,0.169,32.0,0.0064,500,0.1,250,0.05,2728,0.5456
bbob_f002_i02_d05,2,Separable (f1-f5),5,2,-92.08999999999884,3.0,5000,5000,80,80,True,86,1.075,1.95,44.0,0.8978341545027563,0.15419578340697387,1.0,49,0.5697674418604651,True,True,5,10.0,10.0,1.0,0.14182825809047953,0.972977512884483,0.8,1.0,5,39,0.0078,666.0,0.1332,821,0.1642,32.0,0.0064,500,0.1,250,0.05,2692,0.5384
bbob_f002_i03_d05,2,Separable (f1-f5),5,3,-87.8899999983612,4.0,5000,5000,80,80,True,83,1.0375,1.7125,40.0,0.9585464254903375,0.1832610298212319,1.0,43,0.5180722891566265,True,True,5,10.0,10.0,1.0,-0.05247461559589811,0.7386218550743896,0.6,1.0,5,39,0.0078,750.0,0.15,814,0.1628,32.0,0.0064,500,0.1,250,0.05,2615,0.523
bbob_f003_i01_d05,3,Separable (f1-f5),5,1,-450.15052158723296,4.0,5000,5000,80,80,True,90,1.125,1.85,46.0,0.9072797559985393,0.1212077042949946,0.5,43,0.4777777777777778,True,True,5,10.0,10.0,1.0,-0.08215339445735982,0.6442275998241478,0.8,1.0,5,39,0.0078,210.0,0.042,1124,0.2248,32.0,0.0064,234,0.0468,42,0.0084,3319,0.6638
bbob_f003_i02_d05,3,Separable (f1-f5),5,2,84.62470836183397,3.0,5000,5000,80,80,True,100,1.25,3.0125,92.0,0.7631812128224962,0.14498175552871734,0.5,52,0.52,True,True,5,10.0,10.0,1.0,-0.16832259628508892,0.4760951824378086,0.4,1.0,5,39,0.0078,210.0,0.042,1174,0.2348,32.0,0.0064,500,0.1,42,0.0084,3003,0.6006
bbob_f003_i03_d05,3,Separable (f1-f5),5,3,122.644708361834,3.0,5000,5000,80,80,True,101,1.2625,2.7,64.0,0.8123608503378061,0.15979261973085004,0.5,53,0.5247524752475248,True,True,5,10.0,10.0,1.0,0.3902882033509662,0.5170676477189506,0.6,1.0,5,39,0.0078,78.0,0.0156,1068,0.2136,32.0,0.0064,474,0.0948,36,0.0072,3273,0.6546
bbob_f004_i01_d05,4,Separable (f1-f5),5,1,-429.2564925849432,5.0,5000,5000,80,80,True,97,1.2125,2.3,53.0,0.778922912889069,0.14455632531624688,0.5,51,0.5257731958762887,True,True,5,10.0,10.0,1.0,0.5713054128192259,2.322143883607664,1.0,1.0,5,39,0.0078,114.0,0.0228,1176,0.2352,32.0,0.0064,498,0.0996,96,0.0192,3045,0.609
bbob_f004_i02_d05,4,Separable (f1-f5),5,2,105.51873736412446,4.0,5000,5000,80,80,True,97,1.2125,2.325,68.0,0.9098477422820832,0.14738361570668876,1.0,47,0.4845360824742268,True,True,5,10.0,10.0,1.0,-0.21990685785032663,0.5942494023236807,0.8,1.0,5,39,0.0078,198.0,0.0396,1246,0.2492,32.0,0.0064,500,0.1,174,0.0348,2811,0.5622
bbob_f004_i03_d05,4,Separable (f1-f5),5,3,130.6043505464803,4.0,5000,5000,80,80,True,100,1.25,2.4875,80.0,0.874782277368136,0.1902377988752767,1.0,60,0.6,True,True,5,10.0,10.0,1.0,-0.47932312673525623,0.5798961103037557,0.8,1.0,5,39,0.0078,228.0,0.0456,1176,0.2352,32.0,0.0064,500,0.1,84,0.0168,2941,0.5882
bbob_f005_i01_d05,5,Separable (f1-f5),5,1,-9.21,2.5,5000,5000,80,80,True,597,7.4625,14.6625,295.0,0.4849517176857889,0.2783399329829671,0.5,238,0.39865996649916247,True,True,5,10.0,10.0,1.0,0.0,0.2822719420308661,0.0,1.0,5,39,0.0078,36.0,0.0072,930,0.186,32.0,0.0064,84,0.0168,24,0.0048,3855,0.771
bbob_f005_i02_d05,5,Separable (f1-f5),5,2,655.99,3.0,5000,5000,80,80,True,545,6.8125,13.7875,303.0,0.4982507036669235,0.2837033472116312,0.5,250,0.45871559633027525,True,False,5,10.0,10.0,1.0,-0.016950608071919396,0.02903352236817289,0.0,1.0,5,39,0.0078,36.0,0.0072,930,0.186,,,84,0.0168,36,0.0072,3875,0.775
bbob_f005_i03_d05,5,Separable (f1-f5),5,3,66.71,3.0,5000,5000,80,80,True,531,6.6375,13.125,296.0,0.5175836173094475,0.2837624192439167,0.5,239,0.4500941619585687,True,True,5,10.0,10.0,1.0,0.0,0.1601839573242531,0.0,1.0,5,39,0.0078,30.0,0.006,930,0.186,32.0,0.0064,108,0.0216,36,0.0072,3825,0.765
bbob_f006_i01_d05,6,Low/moderate conditioning (f6-f9),5,1,35.90000000019311,3.0,5000,5000,80,80,True,72,0.9,1.6625,24.0,0.8547174065742119,0.1905754899627886,1.0,38,0.5277777777777778,True,True,5,10.0,10.0,1.0,0.4283105315467106,0.7730998102011326,0.6,1.0,5,39,0.0078,750.0,0.15,820,0.164,32.0,0.0064,500,0.1,250,0.05,2609,0.5218
bbob_f006_i02_d05,6,Low/moderate conditioning (f6-f9),5,2,31.370000002689604,3.0,5000,5000,80,80,True,82,1.025,1.625,33.0,0.9380732538171914,0.1824453528407705,1.0,45,0.5487804878048781,True,True,5,10.0,10.0,1.0,-0.269931528796416,0.9800665529223106,0.2,1.0,5,39,0.0078,750.0,0.15,842,0.1684,32.0,0.0064,500,0.1,250,0.05,2587,0.5174
bbob_f006_i03_d05,6,Low/moderate conditioning (f6-f9),5,3,-999.9999999996612,3.0,5000,5000,80,80,True,80,1.0,1.7,29.0,0.9125510765909223,0.19322889465737553,1.0,37,0.4625,True,True,5,10.0,10.0,1.0,0.0060568894367333355,0.5402787133838689,0.0,1.0,5,39,0.0078,750.0,0.15,861,0.1722,32.0,0.0064,500,0.1,250,0.05,2568,0.5136
bbob_f007_i01_d05,7,Low/moderate conditioning (f6-f9),5,1,94.87745333613978,4.0,5000,5000,80,80,True,159,1.9875,5.5125,167.0,0.7061467191546207,0.20510265205817751,0.5,88,0.5534591194968553,True,True,5,10.0,10.0,1.0,-0.3407547423020397,0.38467932053859266,1.0,1.0,5,39,0.0078,6.0,0.0012,1010,0.202,32.0,0.0064,24,0.0048,12,0.0024,3877,0.7754
bbob_f007_i02_d05,7,Low/moderate conditioning (f6-f9),5,2,35.94956228931022,3.0,5000,5000,80,80,True,146,1.825,5.4625,160.0,0.7556209978170341,0.24116941558406818,0.5,91,0.6232876712328768,True,True,5,10.0,10.0,1.0,0.007263697564286143,0.4376338590381206,0.0,1.0,5,39,0.0078,6.0,0.0012,1170,0.234,32.0,0.0064,24,0.0048,12,0.0024,3717,0.7434
bbob_f007_i03_d05,7,Low/moderate conditioning (f6-f9),5,3,4.904453717666752,4.0,5000,5000,80,80,True,155,1.9375,5.375,60.0,0.688222081336933,0.24352291458120914,0.5,101,0.6516129032258065,True,True,5,10.0,10.0,1.0,-0.15977393098861234,0.6553904687923894,0.0,1.0,5,39,0.0078,6.0,0.0012,1110,0.222,32.0,0.0064,24,0.0048,12,0.0024,3777,0.7554
bbob_f008_i01_d05,8,Low/moderate conditioning (f6-f9),5,1,149.15000000000168,3.0,5000,5000,80,80,True,123,1.5375,3.2,104.0,0.7877742895904971,0.14788694169260325,1.0,66,0.5365853658536586,True,True,5,10.0,10.0,1.0,-1.3370353395071475,0.9231199474923423,0.8,1.0,5,39,0.0078,384.0,0.0768,797,0.1594,32.0,0.0064,500,0.1,36,0.0072,3212,0.6424
bbob_f008_i02_d05,8,Low/moderate conditioning (f6-f9),5,2,-999.999999999987,4.0,5000,5000,80,80,True,120,1.5,3.1,104.0,0.8503926111950232,0.1370202174341726,1.0,64,0.5333333333333333,True,True,5,10.0,10.0,1.0,-0.14197375992497685,0.8727020130203917,0.4,1.0,5,39,0.0078,450.0,0.09,701,0.1402,32.0,0.0064,500,0.1,84,0.0168,3194,0.6388
bbob_f008_i03_d05,8,Low/moderate conditioning (f6-f9),5,3,98.6200000000222,3.0,5000,5000,80,80,True,68,0.85,1.6375,35.0,0.9319487272953886,0.13443245173303162,1.0,28,0.4117647058823529,True,True,5,10.0,10.0,1.0,-0.9971285162695805,0.8336282400381071,0.6,1.0,5,39,0.0078,300.0,0.06,748,0.1496,32.0,0.0064,500,0.1,36,0.0072,3345,0.669
bbob_f009_i01_d05,9,Low/moderate conditioning (f6-f9),5,1,123.83000000000008,2.0,5000,5000,80,80,True,80,1.0,1.7,37.0,0.9085585822579425,0.08401807972344578,1.0,33,0.4125,True,True,5,10.0,10.0,1.0,0.9814560255475114,0.8868810738403479,1.0,1.0,5,39,0.0078,210.0,0.042,711,0.1422,32.0,0.0064,500,0.1,216,0.0432,3292,0.6584
bbob_f009_i02_d05,9,Low/moderate conditioning (f6-f9),5,2,47.510000000000275,3.0,5000,5000,80,80,True,103,1.2875,2.9375,106.0,0.869354004518884,0.09227557499316624,1.0,47,0.4563106796116505,True,True,5,10.0,10.0,1.0,0.1264510184197846,0.5891554558604172,1.0,1.0,5,39,0.0078,312.0,0.0624,704,0.1408,32.0,0.0064,500,0.1,250,0.05,3163,0.6326
bbob_f009_i03_d05,9,Low/moderate conditioning (f6-f9),5,3,55.340000000000714,4.0,5000,5000,80,80,True,113,1.4125,3.125,108.0,0.8679158811144205,0.1633281360815108,0.5,63,0.5575221238938053,True,True,5,10.0,10.0,1.0,0.009594108553346298,0.6368048625305505,1.0,1.0,5,39,0.0078,222.0,0.0444,710,0.142,32.0,0.0064,500,0.1,222,0.0444,3275,0.655
bbob_f010_i01_d05,10,High conditioning / unimodal (f10-f14),5,1,-54.939997455990685,3.0,5000,5000,80,80,True,88,1.1,2.2,64.0,0.9061640845442742,0.12492370464552102,1.0,41,0.4659090909090909,True,True,5,10.0,10.0,1.0,0.21454537532957946,0.831861910772235,0.0,1.0,5,39,0.0078,750.0,0.15,811,0.1622,32.0,0.0064,500,0.1,250,0.05,2618,0.5236
bbob_f010_i02_d05,10,High conditioning / unimodal (f10-f14),5,2,59.130000398054975,4.0,5000,5000,80,80,True,102,1.275,2.8375,89.0,0.8396453866888404,0.17285859673994508,1.0,60,0.5882352941176471,True,True,5,10.0,10.0,1.0,0.21402799354801857,0.8063757044252334,0.0,1.0,5,39,0.0078,750.0,0.15,765,0.153,32.0,0.0064,500,0.1,250,0.05,2664,0.5328
bbob_f010_i03_d05,10,High conditioning / unimodal (f10-f14),5,3,-491.52999866440007,4.0,5000,5000,80,80,True,84,1.05,2.225,59.0,0.844035405685436,0.15056511907787665,1.0,47,0.5595238095238095,True,True,5,10.0,10.0,1.0,1.2627751669073106,0.8889428743287434,1.0,1.0,5,39,0.0078,750.0,0.15,744,0.1488,32.0,0.0064,500,0.1,250,0.05,2685,0.537
bbob_f011_i01_d05,11,High conditioning / unimodal (f10-f14),5,1,76.27000110123652,3.0,5000,5000,80,80,True,78,0.975,1.9375,50.0,0.919560223411348,0.12875510497846124,1.0,40,0.5128205128205128,True,True,5,10.0,10.0,1.0,0.03368168134389735,0.9390296433279269,0.0,1.0,5,39,0.0078,660.0,0.132,877,0.1754,32.0,0.0064,500,0.1,250,0.05,2642,0.5284
bbob_f011_i02_d05,11,High conditioning / unimodal (f10-f14),5,2,-22.549996885950165,3.0,5000,5000,80,80,True,80,1.0,1.925,44.0,0.9151080875564752,0.12494703120845951,1.0,31,0.3875,True,True,5,10.0,10.0,1.0,0.2915635091080795,0.959229141815002,0.2,1.0,5,39,0.0078,750.0,0.15,868,0.1736,32.0,0.0064,500,0.1,250,0.05,2561,0.5122
bbob_f011_i03_d05,11,High conditioning / unimodal (f10-f14),5,3,13.66000113535448,3.0,5000,5000,80,80,True,75,0.9375,1.725,35.0,0.9054633066294688,0.11550783616900366,1.0,28,0.37333333333333335,True,True,5,10.0,10.0,1.0,-0.17247517491189093,0.959655414579592,0.0,1.0,5,39,0.0078,750.0,0.15,868,0.1736,32.0,0.0064,500,0.1,250,0.05,2561,0.5122
bbob_f012_i01_d05,12,High conditioning / unimodal (f10-f14),5,1,-621.1099995309112,4.0,5000,5000,80,80,True,86,1.075,1.825,43.0,0.8862702152498063,0.1701099041734862,1.0,37,0.43023255813953487,True,True,5,10.0,10.0,1.0,-0.13043864661934307,0.5629660038978975,0.6,1.0,5,39,0.0078,750.0,0.15,679,0.1358,32.0,0.0064,500,0.1,250,0.05,2750,0.55
bbob_f012_i02_d05,12,High conditioning / unimodal (f10-f14),5,2,-254.8199999988985,3.0,5000,5000,80,80,True,83,1.0375,1.8125,46.0,0.9304287100432266,0.12236143377139203,1.0,30,0.3614457831325301,True,True,5,10.0,10.0,1.0,-0.013873129487640986,0.8145575029932721,0.0,1.0,5,39,0.0078,636.0,0.1272,726,0.1452,32.0,0.0064,500,0.1,250,0.05,2817,0.5634
bbob_f012_i03_d05,12,High conditioning / unimodal (f10-f14),5,3,56.610002620331485,1.0,5000,5000,80,80,True,92,1.15,1.65,44.0,0.965855360784405,0.16133779476510127,1.0,42,0.45652173913043476,True,True,5,10.0,10.0,1.0,-1.4819577215985846,0.8322317260477595,0.2,1.0,5,39,0.0078,750.0,0.15,667,0.1334,32.0,0.0064,500,0.1,250,0.05,2762,0.5524
bbob_f013_i01_d05,13,High conditioning / unimodal (f10-f14),5,1,31.287536222410548,5.0,5000,5000,80,80,True,82,1.025,1.525,26.0,0.9149212911921876,0.14262262634400671,1.0,32,0.3902439024390244,True,True,5,10.0,10.0,1.0,-0.05432652744647546,0.3043764538331376,0.4,1.0,5,39,0.0078,750.0,0.15,687,0.1374,32.0,0.0064,500,0.1,250,0.05,2742,0.5484
bbob_f013_i02_d05,13,High conditioning / unimodal (f10-f14),5,2,-51.7097427869472,3.0,5000,5000,80,80,True,77,0.9625,1.55,33.0,0.9437243198168591,0.18910607728071993,1.0,40,0.5194805194805194,True,True,5,10.0,10.0,1.0,-0.12093501086512026,0.2772521915064708,0.2,1.0,5,39,0.0078,600.0,0.12,730,0.146,32.0,0.0064,500,0.1,250,0.05,2849,0.5698
bbob_f013_i03_d05,13,High conditioning / unimodal (f10-f14),5,3,-279.70649380058575,5.0,5000,5000,80,80,True,78,0.975,1.6,32.0,0.9113427880150645,0.23807792101997458,1.0,40,0.5128205128205128,True,True,5,10.0,10.0,1.0,-0.15262692293925958,0.254013790963842,0.2,1.0,5,39,0.0078,624.0,0.1248,814,0.1628,32.0,0.0064,500,0.1,250,0.05,2741,0.5482
bbob_f014_i01_d05,14,High conditioning / unimodal (f10-f14),5,1,-52.349999027772576,5.0,5000,5000,80,80,True,95,1.1875,2.425,75.0,0.8401463226510583,0.34073758615303934,1.0,48,0.5052631578947369,True,True,5,10.0,10.0,1.0,-0.4464686575802004,2.1031258940257955,0.0,1.0,5,39,0.0078,630.0,0.126,768,0.1536,32.0,0.0064,500,0.1,250,0.05,2781,0.5562
bbob_f014_i02_d05,14,High conditioning / unimodal (f10-f14),5,2,-179.53999983889196,3.0,5000,5000,80,80,True,85,1.0625,1.65,37.0,0.9468413275042789,0.32282958797423156,1.0,35,0.4117647058823529,True,True,5,10.0,10.0,1.0,-0.11370931483880946,0.3473700110247798,0.2,1.0,5,39,0.0078,660.0,0.132,828,0.1656,32.0,0.0064,500,0.1,250,0.05,2691,0.5382
bbob_f014_i03_d05,14,High conditioning / unimodal (f10-f14),5,3,77.31000106742943,5.0,5000,5000,80,80,True,90,1.125,1.9625,54.0,0.888837600099011,0.26305446402552735,1.0,40,0.4444444444444444,True,True,5,10.0,10.0,1.0,-0.04506275481856808,0.18060095409340438,1.0,1.0,5,39,0.0078,516.0,0.1032,813,0.1626,32.0,0.0064,500,0.1,250,0.05,2850,0.57
bbob_f015_i01_d05,15,Multimodal with global structure (f15-f19),5,1,1002.98487717128,1.0,5000,5000,80,80,True,99,1.2375,2.1375,57.0,0.8830157744249945,0.14765179413791593,0.5,45,0.45454545454545453,True,True,5,10.0,10.0,1.0,-0.034169433148070444,0.1358177022440169,0.6,1.0,5,39,0.0078,216.0,0.0432,998,0.1996,32.0,0.0064,456,0.0912,36,0.0072,3223,0.6446
bbob_f015_i02_d05,15,Multimodal with global structure (f15-f19),5,2,72.01991811418661,1.0,5000,5000,80,80,True,74,0.925,2.5625,44.0,0.7761897884511605,0.20890227659389393,0.5,42,0.5675675675675675,True,True,5,10.0,10.0,1.0,-0.4127504769982995,0.3820531859858194,0.6,1.0,5,39,0.0078,120.0,0.024,1251,0.2502,32.0,0.0064,432,0.0864,36,0.0072,3090,0.618
bbob_f015_i03_d05,15,Multimodal with global structure (f15-f19),5,3,-41.25529163816593,3.0,5000,5000,80,80,True,83,1.0375,1.9375,41.0,0.8871510052483853,0.1303443242023188,0.5,45,0.5421686746987951,True,True,5,10.0,10.0,1.0,-0.1569811277170176,0.4144714392585487,0.6,1.0,5,39,0.0078,126.0,0.0252,1136,0.2272,32.0,0.0064,500,0.1,108,0.0216,3059,0.6118
bbob_f016_i01_d05,16,Multimodal with global structure (f15-f19),5,1,74.59393122996823,4.0,5000,5000,80,80,True,84,1.05,1.775,28.0,0.8964057944958365,0.0919913227731411,1.0,35,0.4166666666666667,True,True,5,10.0,10.0,1.0,-0.027265913320089163,0.17904437082483157,0.6,1.0,5,39,0.0078,288.0,0.0576,1500,0.3,32.0,0.0064,500,0.1,250,0.05,2391,0.4782
bbob_f016_i02_d05,16,Multimodal with global structure (f15-f19),5,2,-351.2305281264575,4.0,5000,5000,80,80,True,79,0.9875,1.675,22.0,0.918879285386005,0.10335007176226231,1.0,21,0.26582278481012656,True,True,5,10.0,10.0,1.0,-0.05051626313190653,0.11259893999013262,1.0,1.0,5,39,0.0078,306.0,0.0612,1500,0.3,32.0,0.0064,500,0.1,250,0.05,2373,0.4746
bbob_f016_i03_d05,16,Multimodal with global structure (f15-f19),5,3,102.23593221459792,6.0,5000,5000,80,80,True,81,1.0125,1.65,23.0,0.931546573771192,0.09606641798487711,1.0,30,0.37037037037037035,True,True,5,10.0,10.0,1.0,-0.09294487532388147,0.21200298294243022,0.8,1.0,5,39,0.0078,480.0,0.096,1500,0.3,32.0,0.0064,500,0.1,250,0.05,2199,0.4398
bbob_f017_i01_d05,17,Multimodal with global structure (f15-f19),5,1,-15.8920088846983,4.0,5000,5000,80,80,True,100,1.25,2.4125,53.0,0.8483185402239559,0.2558397927060967,0.5,54,0.54,True,True,5,10.0,10.0,1.0,-0.2908426707356477,0.9402807853679037,0.4,1.0,5,39,0.0078,138.0,0.0276,1308,0.2616,32.0,0.0064,414,0.0828,84,0.0168,2985,0.597
bbob_f017_i02_d05,17,Multimodal with global structure (f15-f19),5,2,20.043088500517857,4.0,5000,5000,80,80,True,91,1.1375,2.05,51.0,0.890814116392326,0.2342334793806442,1.0,34,0.37362637362637363,True,True,5,10.0,10.0,1.0,-0.05998442773723043,0.14555903856894423,1.0,1.0,5,39,0.0078,402.0,0.0804,1299,0.2598,32.0,0.0064,500,0.1,66,0.0132,2662,0.5324
bbob_f017_i03_d05,17,Multimodal with global structure (f15-f19),5,3,273.8251585246002,4.0,5000,5000,80,80,True,100,1.25,2.825,84.0,0.8147434361728957,0.2799670684697654,0.5,51,0.51,True,False,5,10.0,10.0,1.0,-0.015508706029188645,0.02309463551557128,0.4,1.0,5,39,0.0078,144.0,0.0288,1325,0.265,,,480,0.096,24,0.0048,2988,0.5976
bbob_f018_i01_d05,18,Multimodal with global structure (f15-f19),5,1,-12.287975744823584,4.0,5000,5000,80,80,True,84,1.05,2.0375,52.0,0.8808801942654159,0.2358828277680096,1.0,45,0.5357142857142857,True,True,5,10.0,10.0,1.0,-0.1252899347960271,0.538508780757386,0.4,1.0,5,39,0.0078,138.0,0.0276,1254,0.2508,32.0,0.0064,500,0.1,72,0.0144,2965,0.593
bbob_f018_i02_d05,18,Multimodal with global structure (f15-f19),5,2,21.68559639477755,4.0,5000,5000,80,80,True,89,1.1125,2.15,57.0,0.8985968264761279,0.15569652880398951,1.0,42,0.47191011235955055,True,True,5,10.0,10.0,1.0,0.02106208183810224,0.2093703309925957,1.0,1.0,5,39,0.0078,240.0,0.048,1339,0.2678,32.0,0.0064,500,0.1,250,0.05,2600,0.52
bbob_f018_i03_d05,18,Multimodal with global structure (f15-f19),5,3,275.275911994203,4.0,5000,5000,80,80,True,101,1.2625,2.4625,42.0,0.8051458815865349,0.16331747308384453,1.0,57,0.5643564356435643,True,True,5,10.0,10.0,1.0,0.10219924556887651,0.11317136220054423,0.8,1.0,5,39,0.0078,54.0,0.0108,1344,0.2688,32.0,0.0064,500,0.1,144,0.0288,2887,0.5774
bbob_f019_i01_d05,19,Multimodal with global structure (f15-f19),5,1,-102.53429234923196,1.0,5000,5000,80,80,True,108,1.35,2.6625,72.0,0.8316399862201773,0.1122550346896347,0.5,50,0.46296296296296297,True,True,5,10.0,10.0,1.0,0.006832324352348519,0.21056219389944236,1.0,1.0,5,39,0.0078,90.0,0.018,1500,0.3,32.0,0.0064,500,0.1,54,0.0108,2785,0.557
bbob_f019_i02_d05,19,Multimodal with global structure (f15-f19),5,2,71.70570765076867,1.0,5000,5000,80,80,True,80,1.0,1.9,43.0,0.889298501840561,0.1160257038496632,1.0,30,0.375,True,True,5,10.0,10.0,1.0,0.0023078217199240525,0.1763025395159125,1.0,1.0,5,39,0.0078,144.0,0.0288,1500,0.3,32.0,0.0064,500,0.1,102,0.0204,2683,0.5366
bbob_f019_i03_d05,19,Multimodal with global structure (f15-f19),5,3,214.02570765076797,1.0,5000,5000,80,80,True,103,1.2875,2.6375,73.0,0.8122183370109205,0.15633184847554712,1.0,51,0.49514563106796117,True,False,5,10.0,10.0,1.0,0.033266282182893014,0.07371540153437446,1.0,1.0,5,39,0.0078,78.0,0.0156,1500,0.3,,,500,0.1,250,0.05,2633,0.5266
bbob_f020_i01_d05,20,Multimodal with weak structure (f20-f24),5,1,-545.4733234766722,3.0,5000,5000,80,80,True,157,1.9625,5.1625,138.0,0.7434883729610648,0.27718977816050855,0.5,92,0.5859872611464968,True,True,5,10.0,10.0,1.0,-0.06829940102485348,0.7628668382932171,1.0,1.0,5,39,0.0078,132.0,0.0264,781,0.1562,32.0,0.0064,312,0.0624,24,0.0048,3680,0.736
bbob_f020_i02_d05,20,Multimodal with weak structure (f20-f24),5,2,1001.412794941434,5.0,5000,5000,80,80,True,125,1.5625,3.1625,111.0,0.8416746092947408,0.2306362390594913,0.5,73,0.584,True,True,5,10.0,10.0,1.0,-0.17568441352404146,0.7557847286278556,1.0,1.0,5,39,0.0078,132.0,0.0264,825,0.165,32.0,0.0064,342,0.0684,36,0.0072,3594,0.7188
bbob_f020_i03_d05,20,Multimodal with weak structure (f20-f24),5,3,209.6040791928799,4.0,5000,5000,80,80,True,157,1.9625,4.575,117.0,0.8182845719988407,0.26777921483792905,0.5,98,0.6242038216560509,True,True,5,10.0,10.0,1.0,-0.154942370955912,0.7559091114444421,1.0,1.0,5,39,0.0078,132.0,0.0264,815,0.163,32.0,0.0064,312,0.0624,36,0.0072,3634,0.7268
bbob_f021_i01_d05,21,Multimodal with weak structure (f20-f24),5,1,40.780000000818795,1.0,5000,5000,80,80,True,125,1.5625,4.275,163.0,0.7647109493793494,0.2669098061915732,1.0,70,0.56,True,False,5,10.0,10.0,1.0,-0.14372661465794925,0.08362563728240617,1.0,1.0,5,39,0.0078,60.0,0.012,896,0.1792,,,500,0.1,30,0.006,3475,0.695
bbob_f021_i02_d05,21,Multimodal with weak structure (f20-f24),5,2,-1.5999999999767598,1.0,5000,5000,80,80,True,124,1.55,4.3875,182.0,0.7649553263236536,0.25455506852865345,0.5,77,0.6209677419354839,True,True,5,10.0,10.0,1.0,-0.04907942472694636,0.10903287843886646,0.8,1.0,5,39,0.0078,72.0,0.0144,1034,0.2068,32.0,0.0064,378,0.0756,24,0.0048,3421,0.6842
bbob_f021_i03_d05,21,Multimodal with weak structure (f20-f24),5,3,-370.8399999887257,2.0,5000,5000,80,80,True,109,1.3625,4.425,171.0,0.877677008225119,0.254633505570236,0.5,67,0.6146788990825688,True,False,5,10.0,10.0,1.0,-0.04025646488162773,0.040963542978436754,0.2,1.0,5,39,0.0078,108.0,0.0216,940,0.188,,,378,0.0756,24,0.0048,3511,0.7022
bbob_f022_i01_d05,22,Multimodal with weak structure (f20-f24),5,1,-999.9999999979814,4.0,5000,5000,80,80,True,141,1.7625,5.3125,201.0,0.677852743543691,0.2720847062632333,1.0,77,0.5460992907801419,True,False,5,10.0,10.0,1.0,-0.0019034835372151952,0.0049071419873273235,0.2,1.0,5,39,0.0078,66.0,0.0132,1066,0.2132,,,500,0.1,250,0.05,3079,0.6158
bbob_f022_i02_d05,22,Multimodal with weak structure (f20-f24),5,2,1000.0000000549514,3.0,5000,5000,80,80,True,105,1.3125,4.45,167.0,0.761841002053017,0.24830299589392596,1.0,55,0.5238095238095238,True,False,5,10.0,10.0,1.0,-0.0035707573522648036,0.0051710559926018435,0.8,1.0,5,39,0.0078,180.0,0.036,1044,0.2088,,,500,0.1,250,0.05,2987,0.5974
bbob_f022_i03_d05,22,Multimodal with weak structure (f20-f24),5,3,-49.129999988549294,2.0,5000,5000,80,80,True,139,1.7375,4.575,118.0,0.7557209927403594,0.22852100693141644,0.5,91,0.6546762589928058,True,True,5,10.0,10.0,1.0,0.028106798591794557,0.2521263788414329,0.6,1.0,5,39,0.0078,144.0,0.0288,926,0.1852,32.0,0.0064,500,0.1,24,0.0048,3335,0.667
bbob_f023_i01_d05,23,Multimodal with weak structure (f20-f24),5,1,8.589033085774243,6.0,5000,5000,80,80,True,87,1.0875,1.825,21.0,0.8187653366318234,0.10151712225906943,1.0,42,0.4827586206896552,True,True,5,10.0,10.0,1.0,-0.013080233657390177,0.28832816790538707,1.0,1.0,5,39,0.0078,750.0,0.15,1500,0.3,32.0,0.0064,500,0.1,250,0.05,1929,0.3858
bbob_f023_i02_d05,23,Multimodal with weak structure (f20-f24),5,2,0.9746573190984608,4.0,5000,5000,80,80,True,81,1.0125,1.4625,15.0,0.9144388730197122,0.1202263613505857,1.0,51,0.6296296296296297,True,True,5,10.0,10.0,1.0,-0.06285873177359177,0.27614080044083994,0.8,1.0,5,39,0.0078,426.0,0.0852,1500,0.3,32.0,0.0064,500,0.1,250,0.05,2253,0.4506
bbob_f023_i03_d05,23,Multimodal with weak structure (f20-f24),5,3,-129.11922338314994,5.0,5000,5000,80,80,True,82,1.025,1.6,22.0,0.8420669244953386,0.10805888779321966,1.0,36,0.43902439024390244,True,False,5,10.0,10.0,1.0,-0.01865007503157913,0.06538620424053937,0.8,1.0,5,39,0.0078,660.0,0.132,1500,0.3,,,500,0.1,250,0.05,2051,0.4102
bbob_f024_i01_d05,24,Multimodal with weak structure (f20-f24),5,1,119.5603933895208,4.0,5000,5000,80,80,True,85,1.0625,1.7125,29.0,0.9036639655692206,0.08396319444931812,0.5,36,0.4235294117647059,True,True,5,10.0,10.0,1.0,0.04860607980756339,0.10980251611777533,1.0,1.0,5,39,0.0078,138.0,0.0276,1500,0.3,32.0,0.0064,500,0.1,78,0.0156,2713,0.5426
bbob_f024_i02_d05,24,Multimodal with weak structure (f20-f24),5,2,107.42702733859797,3.0,5000,5000,80,80,True,98,1.225,2.0375,34.0,0.8627271390359874,0.07864937985157616,0.5,44,0.4489795918367347,True,True,5,10.0,10.0,1.0,-0.16491542702954676,0.16799486821484783,0.6,1.0,5,39,0.0078,138.0,0.0276,1438,0.2876,32.0,0.0064,500,0.1,48,0.0096,2805,0.561
bbob_f024_i03_d05,24,Multimodal with weak structure (f20-f24),5,3,27.628780827348365,4.0,5000,5000,80,80,True,89,1.1125,1.825,37.0,0.8824999286270752,0.0825955513302282,1.0,42,0.47191011235955055,True,True,5,10.0,10.0,1.0,0.03538062367410678,0.20106258476232752,0.8,1.0,5,39,0.0078,150.0,0.03,1493,0.2986,32.0,0.0064,500,0.1,90,0.018,2696,0.5392
bbob_f001_i01_d10,1,Separable (f1-f5),10,1,79.48000000000003,3.5,10000,10000,80,80,True,80,1.0,5.3625,268.0,0.7506037250046941,0.28798274969834176,0.5,35,0.4375,True,True,10,10.0,10.0,1.0,0.2600814402444303,0.19143916789443224,0.8,1.0,10,49,0.0049,55.0,0.0055,1749,0.1749,32.0,0.0032,209,0.0209,99,0.0099,7807,0.7807
bbob_f001_i02_d10,1,Separable (f1-f5),10,2,394.4800000000015,3.0,10000,10000,80,80,True,86,1.075,5.775,273.0,0.7272756191706657,0.28416463496633576,0.5,52,0.6046511627906976,True,False,10,10.0,10.0,1.0,0.02977497624384331,0.08115734762604555,0.3,1.0,10,49,0.0049,33.0,0.0033,1718,0.1718,,,187,0.0187,66,0.0066,7947,0.7947
bbob_f001_i03_d10,1,Separable (f1-f5),10,3,-247.1099999999992,4.0,10000,10000,80,80,True,80,1.0,5.6,275.0,0.7219230639597526,0.296447499501867,0.5,43,0.5375,True,True,10,10.0,10.0,1.0,0.21911966189757712,0.4075587190289612,0.4,1.0,10,49,0.0049,33.0,0.0033,1634,0.1634,32.0,0.0032,187,0.0187,44,0.0044,8021,0.8021
bbob_f002_i01_d10,2,Separable (f1-f5),10,1,-209.87999999799283,3.0,10000,10000,80,80,True,81,1.0125,1.5875,30.0,0.9422021143449559,0.1620278126211988,1.0,45,0.5555555555555556,True,True,10,10.0,10.0,1.0,0.8599337859010685,0.30510749660713343,0.8,1.0,10,49,0.0049,1500.0,0.15,1733,0.1733,32.0,0.0032,1000,0.1,500,0.05,5186,0.5186
bbob_f002_i02_d10,2,Separable (f1-f5),10,2,-92.08999999972052,3.0,10000,10000,80,80,True,74,0.925,1.55,30.0,0.9719790721432705,0.14261002561225783,1.0,30,0.40540540540540543,True,True,10,10.0,10.0,1.0,0.8214956350894477,0.45985069364886405,0.8,1.0,10,49,0.0049,1500.0,0.15,1672,0.1672,32.0,0.0032,1000,0.1,500,0.05,5247,0.5247
bbob_f002_i03_d10,2,Separable (f1-f5),10,3,-87.88999998423189,3.0,10000,10000,80,80,True,77,0.9625,1.5125,33.0,0.9687608772726259,0.2083286724150892,1.0,37,0.4805194805194805,True,True,10,10.0,10.0,1.0,0.6163091316705609,0.5185103348715804,0.5,1.0,10,49,0.0049,1500.0,0.15,1678,0.1678,32.0,0.0032,1000,0.1,500,0.05,5241,0.5241
bbob_f003_i01_d10,3,Separable (f1-f5),10,1,-398.41295901929425,4.0,10000,10000,80,80,True,74,0.925,2.025,66.0,0.9257256112029777,0.1848119253337349,0.5,37,0.5,False,True,10,10.0,10.0,1.0,7.986259251354967,7.364883098889318,0.8,1.0,10,49,0.0049,,,2305,0.2305,32.0,0.0032,1000,0.1,66,0.0066,6548,0.6548
bbob_f003_i02_d10,3,Separable (f1-f5),10,2,123.27377640774606,4.0,10000,10000,80,80,True,85,1.0625,2.0375,56.0,0.9302929975227524,0.18721809033309753,1.0,48,0.5647058823529412,True,True,10,10.0,10.0,1.0,0.2338171457661627,0.2943909149873833,0.6,1.0,10,49,0.0049,638.0,0.0638,2146,0.2146,32.0,0.0032,1000,0.1,66,0.0066,6069,0.6069
bbob_f003_i03_d10,3,Separable (f1-f5),10,3,165.42765397606473,4.0,10000,10000,80,80,True,69,0.8625,2.1125,63.0,0.9033669650784777,0.20497013903844716,0.5,40,0.5797101449275363,True,True,10,10.0,10.0,1.0,0.6025062726002929,0.4353254921946439,0.5,1.0,10,49,0.0049,231.0,0.0231,2081,0.2081,32.0,0.0032,1000,0.1,66,0.0066,6541,0.6541
bbob_f004_i01_d10,4,Separable (f1-f5),10,1,-371.549262235344,4.0,10000,10000,80,80,True,96,1.2,2.6,67.0,0.7372245006918363,0.09057298830664047,0.5,51,0.53125,True,True,10,10.0,10.0,1.0,1.5134363371989277,1.707244894166429,0.9,1.0,10,49,0.0049,286.0,0.0286,2332,0.2332,32.0,0.0032,363,0.0363,99,0.0099,6839,0.6839
bbob_f004_i02_d10,4,Separable (f1-f5),10,2,127.25354682526044,4.0,10000,10000,80,80,True,83,1.0375,2.05,36.0,0.8570074839106038,0.11206989585736207,1.0,36,0.43373493975903615,True,True,10,10.0,10.0,1.0,1.4899572341195773,0.6849870121439604,0.8,1.0,10,49,0.0049,473.0,0.0473,1989,0.1989,32.0,0.0032,1000,0.1,231,0.0231,6226,0.6226
bbob_f004_i03_d10,4,Separable (f1-f5),10,3,209.48906446864396,4.0,10000,10000,80,80,True,79,0.9875,2.45,83.0,0.9115063704952897,0.1898071862017525,0.5,42,0.5316455696202531,True,True,10,10.0,10.0,1.0,0.39856679335928075,0.4531481741896328,0.8,1.0,10,49,0.0049,517.0,0.0517,1868,0.1868,32.0,0.0032,1000,0.1,66,0.0066,6468,0.6468
bbob_f005_i01_d10,5,Separable (f1-f5),10,1,-9.21,2.0,10000,10000,80,80,True,421,5.2625,12.075,295.0,0.5512834255645677,0.2266368743647957,0.5,193,0.4584323040380047,True,True,10,10.0,10.0,1.0,0.016182703215951305,0.14688453152797404,0.0,1.0,10,49,0.0049,66.0,0.0066,1860,0.186,32.0,0.0032,165,0.0165,55,0.0055,7773,0.7773
bbob_f005_i02_d10,5,Separable (f1-f5),10,2,655.99,2.5,10000,10000,80,80,True,345,4.3125,10.7625,291.0,0.5389123505079378,0.2297332886787308,0.5,166,0.4811594202898551,True,False,10,10.0,10.0,1.0,0.0,0.02436286666411555,0.0,1.0,10,49,0.0049,33.0,0.0033,1860,0.186,,,154,0.0154,66,0.0066,7838,0.7838
bbob_f005_i03_d10,5,Separable (f1-f5),10,3,66.71,1.5,10000,10000,80,80,True,401,5.0125,11.7625,294.0,0.571040712739534,0.23096072781170546,0.5,191,0.4763092269326683,True,True,10,10.0,10.0,1.0,-0.0005355629654967742,0.10240892616553457,0.0,1.0,10,49,0.0049,33.0,0.0033,1860,0.186,32.0,0.0032,187,0.0187,66,0.0066,7773,0.7773
bbob_f006_i01_d10,6,Low/moderate conditioning (f6-f9),10,1,35.900008290131154,3.0,10000,10000,80,80,True,65,0.8125,1.45,18.0,0.9480294994186519,0.06924450220627701,1.0,37,0.5692307692307692,True,True,10,10.0,10.0,1.0,0.14007735162959534,0.48833614708021,0.2,1.0,10,49,0.0049,1500.0,0.15,1612,0.1612,32.0,0.0032,1000,0.1,500,0.05,5307,0.5307
bbob_f006_i02_d10,6,Low/moderate conditioning (f6-f9),10,2,31.370005642635615,3.0,10000,10000,80,80,True,62,0.775,1.3875,11.0,0.9516082875329961,0.09694716064307181,1.0,42,0.6774193548387096,True,True,10,10.0,10.0,1.0,0.5379822822479777,0.5546095273397748,0.5,1.0,10,49,0.0049,1500.0,0.15,1591,0.1591,32.0,0.0032,1000,0.1,500,0.05,5328,0.5328
bbob_f006_i03_d10,6,Low/moderate conditioning (f6-f9),10,3,-999.9999998155542,3.0,10000,10000,80,80,True,78,0.975,2.0625,37.0,0.7787267408966663,0.2137094777429792,0.5,41,0.5256410256410257,True,True,10,10.0,10.0,1.0,0.038692123278084384,0.4448092232832355,0.2,1.0,10,49,0.0049,1500.0,0.15,1640,0.164,32.0,0.0032,1000,0.1,500,0.05,5279,0.5279
bbob_f007_i01_d10,7,Low/moderate conditioning (f6-f9),10,1,99.20096044862689,4.0,10000,10000,80,80,True,81,1.0125,4.925,128.0,0.717720239143228,0.22720143249011743,0.5,51,0.6296296296296297,True,True,10,10.0,10.0,1.0,0.1909909931817041,0.3849248934102037,0.4,1.0,10,49,0.0049,11.0,0.0011,2459,0.2459,32.0,0.0032,44,0.0044,22,0.0022,7383,0.7383
bbob_f007_i02_d10,7,Low/moderate conditioning (f6-f9),10,2,48.62281051479391,4.0,10000,10000,80,80,True,104,1.3,4.3375,62.0,0.7063393906614216,0.2525227512424955,0.5,77,0.7403846153846154,True,True,10,10.0,10.0,1.0,0.34757544768352916,0.3796798685035857,0.6,1.0,10,49,0.0049,11.0,0.0011,2438,0.2438,32.0,0.0032,44,0.0044,22,0.0022,7404,0.7404
bbob_f007_i03_d10,7,Low/moderate conditioning (f6-f9),10,3,12.113854285226838,3.0,10000,10000,80,80,True,85,1.0625,4.6625,66.0,0.7100259667699904,0.2280061806881207,0.5,51,0.6,True,True,10,10.0,10.0,1.0,0.4601152844731011,0.45234592420650166,0.6,1.0,10,49,0.0049,11.0,0.0011,2360,0.236,32.0,0.0032,44,0.0044,22,0.0022,7482,0.7482
bbob_f008_i01_d10,8,Low/moderate conditioning (f6-f9),10,1,149.150000000028,4.0,10000,10000,80,80,True,79,0.9875,2.775,96.0,0.818886215166214,0.15749759575920297,1.0,38,0.4810126582278481,True,True,10,10.0,10.0,1.0,0.29140907114837317,0.7296236120525004,0.9,1.0,10,49,0.0049,1287.0,0.1287,1692,0.1692,32.0,0.0032,1000,0.1,363,0.0363,5577,0.5577
bbob_f008_i02_d10,8,Low/moderate conditioning (f6-f9),10,2,-999.9999999997738,3.0,10000,10000,80,80,True,77,0.9625,1.875,50.0,0.9095797685533249,0.11851499466590133,0.5,29,0.37662337662337664,True,True,10,10.0,10.0,1.0,0.445572971322634,0.6934592522108053,0.6,1.0,10,49,0.0049,1177.0,0.1177,1698,0.1698,32.0,0.0032,1000,0.1,500,0.05,5544,0.5544
bbob_f008_i03_d10,8,Low/moderate conditioning (f6-f9),10,3,98.62000000003164,4.0,10000,10000,80,80,True,75,0.9375,2.5375,88.0,0.8780417881751574,0.1523442312898002,0.5,36,0.48,True,True,10,10.0,10.0,1.0,0.5216572091129122,0.8062080481020631,0.6,1.0,10,49,0.0049,1056.0,0.1056,1649,0.1649,32.0,0.0032,1000,0.1,66,0.0066,6148,0.6148
bbob_f009_i01_d10,9,Low/moderate conditioning (f6-f9),10,1,123.83000000003696,4.0,10000,10000,80,80,True,83,1.0375,3.3,116.0,0.7774827817312788,0.13368108952839755,0.5,43,0.5180722891566265,True,True,10,10.0,10.0,1.0,1.4881076627570233,0.8597518609530668,1.0,1.0,10,49,0.0049,649.0,0.0649,1447,0.1447,32.0,0.0032,1000,0.1,500,0.05,6323,0.6323
bbob_f009_i02_d10,9,Low/moderate conditioning (f6-f9),10,2,47.510000000025315,3.0,10000,10000,80,80,True,86,1.075,2.65,95.0,0.8923809498222915,0.10881002583161242,0.5,35,0.4069767441860465,True,True,10,10.0,10.0,1.0,1.8828888565790944,0.773460511031339,1.0,1.0,10,49,0.0049,605.0,0.0605,1446,0.1446,32.0,0.0032,1000,0.1,500,0.05,6368,0.6368
bbob_f009_i03_d10,9,Low/moderate conditioning (f6-f9),10,3,55.34000000002308,3.0,10000,10000,80,80,True,81,1.0125,2.625,93.0,0.9054801242350592,0.12381548152637814,0.5,34,0.41975308641975306,True,True,10,10.0,10.0,1.0,1.1903799016909378,0.7583183499984163,1.0,1.0,10,49,0.0049,561.0,0.0561,1473,0.1473,32.0,0.0032,1000,0.1,500,0.05,6385,0.6385
bbob_f010_i01_d10,10,High conditioning / unimodal (f10-f14),10,1,-54.93968954976997,3.0,10000,10000,80,80,True,70,0.875,1.425,18.0,0.9643135490440592,0.09286163359734084,1.0,47,0.6714285714285714,True,True,10,10.0,10.0,1.0,-0.2793134045389757,0.45178721084772727,0.1,1.0,10,49,0.0049,1500.0,0.15,1718,0.1718,32.0,0.0032,1000,0.1,500,0.05,5201,0.5201
bbob_f010_i02_d10,10,High conditioning / unimodal (f10-f14),10,2,59.13335178311708,3.0,10000,10000,80,80,True,65,0.8125,1.375,18.0,0.9719054420882903,0.06155710040062723,1.0,39,0.6,True,True,10,10.0,10.0,1.0,-0.6361584379476225,0.6250802333219273,0.0,1.0,10,49,0.0049,1500.0,0.15,1578,0.1578,32.0,0.0032,1000,0.1,500,0.05,5341,0.5341
bbob_f010_i03_d10,10,High conditioning / unimodal (f10-f14),10,3,-491.5298193438147,3.0,10000,10000,80,80,True,56,0.7,1.5375,18.0,0.9780090566600557,0.08036105263589267,1.0,26,0.4642857142857143,True,True,10,10.0,10.0,1.0,0.00390749052834266,0.5951887830182403,0.4,1.0,10,49,0.0049,1500.0,0.15,1558,0.1558,32.0,0.0032,1000,0.1,500,0.05,5361,0.5361
bbob_f011_i01_d10,11,High conditioning / unimodal (f10-f14),10,1,76.27000247593656,3.0,10000,10000,80,80,True,85,1.0625,2.525,67.0,0.9268586317167269,0.11042061351789362,1.0,42,0.49411764705882355,True,True,10,10.0,10.0,1.0,1.0949354946169862,0.9788209162667848,0.4,1.0,10,49,0.0049,1500.0,0.15,1693,0.1693,32.0,0.0032,1000,0.1,500,0.05,5226,0.5226
bbob_f011_i02_d10,11,High conditioning / unimodal (f10-f14),10,2,-22.54998851139156,3.0,10000,10000,80,80,True,85,1.0625,3.1375,85.0,0.8254032848033178,0.09281466539661451,1.0,40,0.47058823529411764,True,True,10,10.0,10.0,1.0,-0.28699264260255736,0.999642576966197,0.6,1.0,10,49,0.0049,1500.0,0.15,1728,0.1728,32.0,0.0032,1000,0.1,500,0.05,5191,0.5191
bbob_f011_i03_d10,11,High conditioning / unimodal (f10-f14),10,3,13.660013300980774,3.0,10000,10000,80,80,True,86,1.075,2.9125,57.0,0.7579048481701127,0.10472789852707522,1.0,43,0.5,True,True,10,10.0,10.0,1.0,-0.35640291641659366,0.895350902784102,0.0,1.0,10,49,0.0049,1500.0,0.15,1728,0.1728,32.0,0.0032,1000,0.1,500,0.05,5191,0.5191
bbob_f012_i01_d10,12,High conditioning / unimodal (f10-f14),10,1,-621.1099890510555,2.0,10000,10000,80,80,True,82,1.025,2.325,64.0,0.7510062999152864,0.14791245306980755,1.0,36,0.43902439024390244,True,True,10,10.0,10.0,1.0,0.4352673062756198,0.6169896359295166,0.8,1.0,10,49,0.0049,1500.0,0.15,1401,0.1401,32.0,0.0032,1000,0.1,500,0.05,5518,0.5518
bbob_f012_i02_d10,12,High conditioning / unimodal (f10-f14),10,2,-254.81999861415784,2.0,10000,10000,80,80,True,84,1.05,2.075,54.0,0.8175982296791489,0.10805279289335143,0.5,29,0.34523809523809523,True,True,10,10.0,10.0,1.0,0.026220032241881644,0.7015846188374962,0.1,1.0,10,49,0.0049,1500.0,0.15,1432,0.1432,32.0,0.0032,1000,0.1,500,0.05,5487,0.5487
bbob_f012_i03_d10,12,High conditioning / unimodal (f10-f14),10,3,56.61000000017616,3.0,10000,10000,80,80,True,69,0.8625,1.575,40.0,0.9558602737842973,0.14551978446718405,0.5,28,0.4057971014492754,True,True,10,10.0,10.0,1.0,-0.13318348881998762,0.7147714173371604,0.0,1.0,10,49,0.0049,1500.0,0.15,1351,0.1351,32.0,0.0032,1000,0.1,500,0.05,5568,0.5568
bbob_f013_i01_d10,13,High conditioning / unimodal (f10-f14),10,1,30.19357749444932,3.0,10000,10000,80,80,True,72,0.9,1.55,38.0,0.9755802587434037,0.13771802841761316,0.5,25,0.3472222222222222,True,True,10,10.0,10.0,1.0,0.09101220964003551,0.17266475896816766,0.5,1.0,10,49,0.0049,1287.0,0.1287,1521,0.1521,32.0,0.0032,1000,0.1,500,0.05,5611,0.5611
bbob_f013_i02_d10,13,High conditioning / unimodal (f10-f14),10,2,-51.47740673433739,4.0,10000,10000,80,80,True,77,0.9625,1.5875,39.0,0.9676500324595032,0.16969627896821757,0.5,35,0.45454545454545453,True,True,10,10.0,10.0,1.0,0.04437516183307845,0.19206100688359912,0.4,1.0,10,49,0.0049,1500.0,0.15,1488,0.1488,32.0,0.0032,1000,0.1,500,0.05,5431,0.5431
bbob_f013_i03_d10,13,High conditioning / unimodal (f10-f14),10,3,-258.0363524535323,5.0,10000,10000,80,80,True,74,0.925,1.55,38.0,0.9574919704832496,0.17778871078041944,1.0,29,0.3918918918918919,True,True,10,10.0,10.0,1.0,0.26868101108398307,0.19858391641503007,0.8,1.0,10,49,0.0049,1287.0,0.1287,1500,0.15,32.0,0.0032,1000,0.1,500,0.05,5632,0.5632
bbob_f014_i01_d10,14,High conditioning / unimodal (f10-f14),10,1,-52.34999842783713,4.0,10000,10000,80,80,True,86,1.075,2.375,90.0,0.916022661751143,0.2940493565798432,0.5,46,0.5348837209302325,True,True,10,10.0,10.0,1.0,0.1814348084826151,1.0393729640156424,0.1,1.0,10,49,0.0049,1500.0,0.15,1482,0.1482,32.0,0.0032,1000,0.1,500,0.05,5437,0.5437
bbob_f014_i02_d10,14,High conditioning / unimodal (f10-f14),10,2,-179.5399994251145,3.0,10000,10000,80,80,True,73,0.9125,2.2375,74.0,0.8888955691531291,0.31772674054055916,0.5,31,0.4246575342465753,True,True,10,10.0,10.0,1.0,-0.11651998611627952,0.6765831381470002,0.4,1.0,10,49,0.0049,1045.0,0.1045,1603,0.1603,32.0,0.0032,1000,0.1,500,0.05,5771,0.5771
bbob_f014_i03_d10,14,High conditioning / unimodal (f10-f14),10,3,77.31000221123574,4.0,10000,10000,80,80,True,75,0.9375,2.1375,69.0,0.9227307975171601,0.34105168024580884,0.5,36,0.48,True,True,10,10.0,10.0,1.0,0.326389114145708,0.281013920758086,0.7,1.0,10,49,0.0049,1500.0,0.15,1624,0.1624,32.0,0.0032,1000,0.1,500,0.05,5295,0.5295
bbob_f015_i01_d10,15,Multimodal with global structure (f15-f19),10,1,1073.626274436608,4.0,10000,10000,80,80,True,78,0.975,3.175,102.0,0.7961156698984737,0.18624849213587458,0.5,39,0.5,True,True,10,10.0,10.0,1.0,0.18169281167924914,0.16228334738242767,0.7,1.0,10,49,0.0049,473.0,0.0473,2442,0.2442,32.0,0.0032,1000,0.1,286,0.0286,5718,0.5718
bbob_f015_i02_d10,15,Multimodal with global structure (f15-f19),10,2,136.69183662890518,5.0,10000,10000,80,80,True,85,1.0625,2.1625,56.0,0.8295009158815031,0.20911459540190747,1.0,48,0.5647058823529412,True,True,10,10.0,10.0,1.0,0.5525267241633958,0.32378341759999363,0.7,1.0,10,49,0.0049,363.0,0.0363,2227,0.2227,32.0,0.0032,1000,0.1,66,0.0066,6263,0.6263
bbob_f015_i03_d10,15,Multimodal with global structure (f15-f19),10,3,-4.044621211485634,3.0,10000,10000,80,80,True,71,0.8875,2.0375,69.0,0.9603248551278813,0.17773608400955984,0.5,38,0.5352112676056338,True,True,10,10.0,10.0,1.0,0.16081222636615208,0.510252558946249,0.2,1.0,10,49,0.0049,473.0,0.0473,2208,0.2208,32.0,0.0032,1000,0.1,66,0.0066,6172,0.6172
bbob_f016_i01_d10,16,Multimodal with global structure (f15-f19),10,1,81.26707477914333,3.0,10000,10000,80,80,True,85,1.0625,1.9625,28.0,0.862387333166916,0.09224465395375561,1.0,37,0.43529411764705883,True,True,10,10.0,10.0,1.0,0.08904051295965316,0.1393804581112174,0.9,1.0,10,49,0.0049,1500.0,0.15,3000,0.3,32.0,0.0032,1000,0.1,500,0.05,3919,0.3919
bbob_f016_i02_d10,16,Multimodal with global structure (f15-f19),10,2,-346.2150847114183,4.0,10000,10000,80,80,True,90,1.125,2.3125,31.0,0.8268346744402221,0.10027557492714018,1.0,47,0.5222222222222223,True,False,10,10.0,10.0,1.0,-0.052306819714700754,0.09497615450159623,0.4,1.0,10,49,0.0049,935.0,0.0935,3000,0.3,,,1000,0.1,500,0.05,4516,0.4516
bbob_f016_i03_d10,16,Multimodal with global structure (f15-f19),10,3,108.4433278514686,3.0,10000,10000,80,80,True,78,0.975,1.875,20.0,0.9062955819440843,0.09935638868465652,1.0,32,0.41025641025641024,True,True,10,10.0,10.0,1.0,-0.05733558711420097,0.11633432835322734,0.9,1.0,10,49,0.0049,1320.0,0.132,3000,0.3,32.0,0.0032,1000,0.1,500,0.05,4099,0.4099
bbob_f017_i01_d10,17,Multimodal with global structure (f15-f19),10,1,-15.213970032193796,4.0,10000,10000,80,80,True,65,0.8125,1.725,28.0,0.92677406457596,0.32829788612926425,0.5,32,0.49230769230769234,True,True,10,10.0,10.0,1.0,0.6997155751135626,0.6830529146597834,0.6,1.0,10,49,0.0049,1331.0,0.1331,2607,0.2607,32.0,0.0032,1000,0.1,500,0.05,4481,0.4481
bbob_f017_i02_d10,17,Multimodal with global structure (f15-f19),10,2,20.11812975253251,4.0,10000,10000,80,80,True,92,1.15,2.2,60.0,0.9421697658294861,0.2813275578332825,1.0,45,0.4891304347826087,True,True,10,10.0,10.0,1.0,0.31228107658825455,0.19687851354095226,0.9,1.0,10,49,0.0049,517.0,0.0517,2795,0.2795,32.0,0.0032,1000,0.1,500,0.05,5107,0.5107
bbob_f017_i03_d10,17,Multimodal with global structure (f15-f19),10,3,276.21462111951837,4.0,10000,10000,80,80,True,75,0.9375,2.5,53.0,0.8380900548467689,0.3038052200286764,1.0,44,0.5866666666666667,True,False,10,10.0,10.0,1.0,-0.008557079929136248,0.03765789228415502,0.2,1.0,10,49,0.0049,1364.0,0.1364,2789,0.2789,,,1000,0.1,66,0.0066,4732,0.4732
bbob_f018_i01_d10,18,Multimodal with global structure (f15-f19),10,1,-9.585403464911211,4.0,10000,10000,80,80,True,76,0.95,2.425,39.0,0.8384720575508149,0.26161538685982105,0.5,42,0.5526315789473685,True,True,10,10.0,10.0,1.0,0.38333229274853664,0.44620900105102645,0.1,1.0,10,49,0.0049,1078.0,0.1078,2735,0.2735,32.0,0.0032,1000,0.1,500,0.05,4606,0.4606
bbob_f018_i02_d10,18,Multimodal with global structure (f15-f19),10,2,23.089312942414075,4.0,10000,10000,80,80,True,104,1.3,2.45,42.0,0.8837620989413824,0.14810186451897878,1.0,51,0.49038461538461536,True,True,10,10.0,10.0,1.0,0.3196557822383874,0.3009142551828314,1.0,1.0,10,49,0.0049,660.0,0.066,2620,0.262,32.0,0.0032,1000,0.1,500,0.05,5139,0.5139
bbob_f018_i03_d10,18,Multimodal with global structure (f15-f19),10,3,284.9458511576498,4.0,10000,10000,80,80,True,73,0.9125,2.5125,40.0,0.735107341226658,0.2819481960944544,1.0,41,0.5616438356164384,True,True,10,10.0,10.0,1.0,-0.057443615234804964,0.1595107909878815,0.1,1.0,10,49,0.0049,583.0,0.0583,2680,0.268,32.0,0.0032,1000,0.1,500,0.05,5156,0.5156
bbob_f019_i01_d10,19,Multimodal with global structure (f15-f19),10,1,-102.5342923492316,1.0,10000,10000,80,80,True,106,1.325,2.35,56.0,0.8850075877231914,0.12170588187398838,1.0,48,0.4528301886792453,True,True,10,10.0,10.0,1.0,0.35000781206755427,0.17230718383780702,1.0,1.0,10,49,0.0049,242.0,0.0242,3000,0.3,32.0,0.0032,1000,0.1,500,0.05,5177,0.5177
bbob_f019_i02_d10,19,Multimodal with global structure (f15-f19),10,2,71.70570765076823,1.0,10000,10000,80,80,True,100,1.25,2.2625,54.0,0.903565168202715,0.11450476130972247,1.0,35,0.35,True,True,10,10.0,10.0,1.0,0.3023581619087163,0.1671556671666191,1.0,1.0,10,49,0.0049,220.0,0.022,3000,0.3,32.0,0.0032,1000,0.1,500,0.05,5199,0.5199
bbob_f019_i03_d10,19,Multimodal with global structure (f15-f19),10,3,214.02570765076825,1.0,10000,10000,80,80,True,110,1.375,3.0375,84.0,0.7908900633214857,0.13607029429767903,1.0,46,0.41818181818181815,True,True,10,10.0,10.0,1.0,0.09272785974795178,0.058732363349437856,1.0,1.0,10,49,0.0049,242.0,0.0242,3000,0.3,32.0,0.0032,1000,0.1,500,0.05,5177,0.5177
bbob_f020_i01_d10,20,Multimodal with weak structure (f20-f24),10,1,-544.7839973463058,4.0,10000,10000,80,80,True,104,1.3,3.3625,92.0,0.8562785520463073,0.16839940877509157,0.5,57,0.5480769230769231,True,True,10,10.0,10.0,1.0,1.1500948927539276,0.7788550735665117,1.0,1.0,10,49,0.0049,330.0,0.033,1709,0.1709,32.0,0.0032,616,0.0616,77,0.0077,7187,0.7187
bbob_f020_i02_d10,20,Multimodal with weak structure (f20-f24),10,2,1002.566370552202,5.0,10000,10000,80,80,True,100,1.25,2.775,105.0,0.8492279351861569,0.104403884619844,0.5,47,0.47,True,True,10,10.0,10.0,1.0,0.6587987658576492,0.7241638522273334,1.0,1.0,10,49,0.0049,330.0,0.033,1709,0.1709,32.0,0.0032,638,0.0638,77,0.0077,7165,0.7165
bbob_f020_i03_d10,20,Multimodal with weak structure (f20-f24),10,3,210.94637055220076,4.0,10000,10000,80,80,True,89,1.1125,3.0375,122.0,0.8540496536779347,0.18069968379832665,0.5,38,0.42696629213483145,True,True,10,10.0,10.0,1.0,0.32765718875653527,0.759719776446445,1.0,1.0,10,49,0.0049,341.0,0.0341,1747,0.1747,32.0,0.0032,660,0.066,66,0.0066,7105,0.7105
bbob_f021_i01_d10,21,Multimodal with weak structure (f20-f24),10,1,42.71774049587452,5.0,10000,10000,80,80,True,91,1.1375,4.5875,199.0,0.7477619715132497,0.26089897765034015,0.5,49,0.5384615384615384,True,False,10,10.0,10.0,1.0,0.01796205489043326,0.0330271971843731,0.8,1.0,10,49,0.0049,407.0,0.0407,1737,0.1737,,,1000,0.1,66,0.0066,6741,0.6741
bbob_f021_i02_d10,21,Multimodal with weak structure (f20-f24),10,2,0.8729738584068221,5.0,10000,10000,80,80,True,97,1.2125,5.075,233.0,0.7689773295720804,0.28277469337688627,0.5,57,0.5876288659793815,True,False,10,10.0,10.0,1.0,0.038055061643412096,0.04630303598656113,0.8,1.0,10,49,0.0049,187.0,0.0187,1912,0.1912,,,1000,0.1,66,0.0066,6786,0.6786
bbob_f021_i03_d10,21,Multimodal with weak structure (f20-f24),10,3,-370.8399999839202,2.0,10000,10000,80,80,True,92,1.15,5.025,228.0,0.7077142883947165,0.25208075297567645,0.5,47,0.5108695652173914,True,False,10,10.0,10.0,1.0,0.018166851727371994,0.015387104085247943,0.9,1.0,10,49,0.0049,407.0,0.0407,1808,0.1808,,,1000,0.1,55,0.0055,6681,0.6681
bbob_f022_i01_d10,22,Multimodal with weak structure (f20-f24),10,1,-998.0450011404422,3.0,10000,10000,80,80,True,87,1.0875,5.4,249.0,0.7654617016572691,0.25312523473368886,0.5,45,0.5172413793103449,True,False,10,10.0,10.0,1.0,0.0019822509761247132,0.0027516922702103394,0.6,1.0,10,49,0.0049,165.0,0.0165,1746,0.1746,,,649,0.0649,198,0.0198,7193,0.7193
bbob_f022_i02_d10,22,Multimodal with weak structure (f20-f24),10,2,1001.9549988596424,4.0,10000,10000,80,80,True,79,0.9875,4.7375,206.0,0.7743721354998726,0.28058264525329335,0.5,45,0.569620253164557,True,False,10,10.0,10.0,1.0,0.0012603070709989454,0.0019768704109667194,0.4,1.0,10,49,0.0049,110.0,0.011,1740,0.174,,,1000,0.1,77,0.0077,7024,0.7024
bbob_f022_i03_d10,22,Multimodal with weak structure (f20-f24),10,3,-49.129999988067794,1.0,10000,10000,80,80,True,92,1.15,4.9375,200.0,0.7254437547489834,0.2787600276285307,1.0,50,0.5434782608695652,True,True,10,10.0,10.0,1.0,0.058066275155768385,0.05820473986116377,0.8,1.0,10,49,0.0049,132.0,0.0132,1821,0.1821,32.0,0.0032,1000,0.1,500,0.05,6466,0.6466
bbob_f023_i01_d10,23,Multimodal with weak structure (f20-f24),10,1,8.005702366194058,2.0,10000,10000,80,80,True,92,1.15,1.7875,22.0,0.9158224893867107,0.10129992623062453,1.0,37,0.40217391304347827,True,True,10,10.0,10.0,1.0,-0.17495373141949186,0.18739706717719143,0.2,1.0,10,49,0.0049,1430.0,0.143,3000,0.3,32.0,0.0032,1000,0.1,500,0.05,3989,0.3989
bbob_f023_i02_d10,23,Multimodal with weak structure (f20-f24),10,2,1.6708904360483887,2.0,10000,10000,80,80,True,89,1.1125,1.8875,27.0,0.9069212871877301,0.13438963927717235,1.0,26,0.29213483146067415,True,True,10,10.0,10.0,1.0,0.4489240260516421,0.3171498269115262,0.6,1.0,10,49,0.0049,1500.0,0.15,3000,0.3,32.0,0.0032,1000,0.1,500,0.05,3919,0.3919
bbob_f023_i03_d10,23,Multimodal with weak structure (f20-f24),10,3,-130.20989431330943,1.0,10000,10000,80,80,True,82,1.025,1.5375,13.0,0.9282796774155628,0.0704908989575234,1.0,30,0.36585365853658536,True,False,10,10.0,10.0,1.0,0.024404452821562343,0.03913178970211563,0.5,1.0,10,49,0.0049,1500.0,0.15,3000,0.3,,,1000,0.1,500,0.05,3951,0.3951
bbob_f024_i01_d10,24,Multimodal with weak structure (f20-f24),10,1,154.07385349339705,4.0,10000,10000,80,80,True,101,1.2625,2.7625,67.0,0.8158730166151308,0.10556910668678336,1.0,57,0.5643564356435643,True,True,10,10.0,10.0,1.0,0.2503425978187119,0.1727589290719552,1.0,1.0,10,49,0.0049,506.0,0.0506,3000,0.3,32.0,0.0032,1000,0.1,66,0.0066,5347,0.5347
bbob_f024_i02_d10,24,Multimodal with weak structure (f20-f24),10,2,146.07937503429423,4.0,10000,10000,80,80,True,102,1.275,2.775,50.0,0.7955336208225733,0.08999471160032581,1.0,45,0.4411764705882353,True,True,10,10.0,10.0,1.0,0.351455534288424,0.2017987136226792,1.0,1.0,10,49,0.0049,561.0,0.0561,2821,0.2821,32.0,0.0032,1000,0.1,66,0.0066,5471,0.5471
bbob_f024_i03_d10,24,Multimodal with weak structure (f20-f24),10,3,61.283553379289856,3.0,10000,10000,80,80,True,85,1.0625,2.3625,47.0,0.8758025240922951,0.08096882441458057,0.5,40,0.47058823529411764,True,True,10,10.0,10.0,1.0,0.22337974603974678,0.26661625213594253,1.0,1.0,10,49,0.0049,605.0,0.0605,2899,0.2899,32.0,0.0032,1000,0.1,66,0.0066,5349,0.5349
