problem_name,parameter_query_status,available_N_values,selected_inventory_N_values,parameter_text_sha256
BIGGSB1,ok,25;100;1000;5000;10000;20000,25,9164f21ee5024bcb05682c17514358d76e6a42548e1fa737f30c28f0530eebb5
CHEBYQAD,ok,2;4;5;6;7;8;9;10;20;50;100,10;50,80b279a185b281ee8d0cc9a2a8c249b81e936d96c63b3035401af124b973778b
CHENHARK,ok,10;100;1000;5000;10000;50000,10;100,b3d8d27bcb6fb5441e587144a9bb822c36babdfda576f81b64f3dbf6be0276d3
CVXBQP1,ok,10;50;100;1000;10000;100000,10;50,e3b104faa5373621f7aaf20207dca66844cf0cd44389cfb023fa53673097cab7
CYCLOOCTLS,ok,,,845f22c6c251420ebeece3f170b286757aa102b79d47fcc9928b80cb9461f973
DEGDIAG,ok,10;50;100;1000;10000;100000,10;50,4a705b6672cb581b069f435e20470b34910002b97c0ebce28bae69eb3c0407ca
DEGTRID,ok,10;50;100;1000;10000;100000,10;50,41116c7e7e24172ce5823fb7febd23357920ee30f54de65c9b980633ed56a515
DEGTRID2,ok,,,d81f519456b5fd53e78903b03753f8c801e08e22302df377fbe92fecfb3078cf
DIAGIQB,ok,10;50;100;500;1000;5000;10000;100000,10;50;500,167c4ae67fb7e10de72cbbedeca9bffe9718634d9e290e330fc5e26b69fcf274
DIAGIQE,ok,10;50;100;500;1000;5000;10000;100000,10;50;500,38b86768a3eaefd742ca7c0bc04e2a233fbb03750988a624f12367ec459a60f7
DIAGIQT,ok,10;50;100;500;1000;5000;10000;100000,10;50;500,d85275829d51338182ae88a99b656dcc12e3eb723114f9a90a86f08cace20a01
DIAGNQB,ok,10;50;100;500;1000;5000;10000;100000,10;50;500,500a3dad73c6097d21bc204ab2cfe56614801e3867ce5a4662a2ec565b228c24
DIAGNQE,ok,10;50;100;500;1000;5000;10000;100000,10;50;500,1e7d6f1ae2afd9aae4b448c27a83247c1fe62adfdf26318b005db36a20b321b8
DIAGNQT,ok,10;50;100;500;1000;5000;10000;100000,10;50;500,d5d71acb3d8426e07f3134f1b8b1acab47eb02811bc36839b402fac98f8734eb
DIAGPQB,ok,10;50;100;500;1000;5000;10000;100000,10;50;500,ad431c82013a41ce8188f2cac0d11966fe1f3aa112ad8d1cef3d6c29462715c5
DIAGPQE,ok,10;50;100;500;1000;5000;10000;100000,10;50;500,2aa6fd1d3947f8d7c0260e32622695d1dd76ca872f9c5a4f2fc23092b7bcef4c
DIAGPQT,ok,10;50;100;500;1000;5000;10000;100000,10;50;500,5002c5c7c688e3bc1baec3e65432020de5b59f0375dc8d0dfc4371f31f8ebfa3
EXPLIN,ok,12;120;1200,12;120,ab1185d9e55ba6ee579e7f06abe2a1ef685582580b579c0d1d6775148ef84599
EXPLIN2,ok,12;120;1200,12;120,5c22941ff1bb59abcd11c3088674470ba776cf31b8cdda1671ccae0a2b8fb885
EXPQUAD,ok,12;120;1200,12;120,5c6679a8b47aa55e728b045ec2cf6944c9f1ee1afc0e47d4db268ce2b2b6b9e8
GENROSEB,ok,5;10;100;500,10;100;500,953fc99b04c57ab1c27d23e319b2cb53bca5421ee203c911917cc241ae4f3079
HADAMALS,ok,2;4;6;8;10;12;14;16;18;20;32;64;128;256;428,10;64;256,4f01fc7c36400fad066ab2e8a47ab096850ac2989012e0298f77d9f0ade3e2fb
HARKERP2,ok,10;100;500;1000;5000;10000,10;100;500,49597b6aec2b9b997f93a64c07fe0242d41e133d0b4b1440913c16e70d148c28
HS110,ok,10;50;100;200,10;50;200,34dca654286abaeda1c187e76c61cdae047b516b0aa33e6cbdc007a3ce3dd1e9
LINVERSE,ok,10;100;500;1000,10;100;500,b6b22d431d9ed5c964863c7f7334c7156da9eb71021cf1eeba0303a7f9a062fc
MINSURFO,ok,,,5ac78cb8f1295669e697eeced06e6453570ff0af69ae5eff0a1b65100ba30718
NCVXBQP1,ok,10;50;100;1000;10000;50000;100000,10;50,93c2b2d7a88780d243064862a6d16ca4c2421c9c5c8fbe52cafbc69f25852c5c
NCVXBQP2,ok,10;50;100;1000;10000;100000,10;50,682ff172b4373b38a750f754224090e35568a20c52bc0a1c88ad63ae60fb1dcc
NCVXBQP3,ok,10;50;100;1000;10000;100000,10;50,08f99f65a0ec406511240e7d7a09ee87fe763fe2ce366f507ca6c414d603189e
NONSCOMP,ok,25;50;100;500;1000;5000;10000,50;500,896bcab03c62ddfea06c9b3aeed1c16217e6f3c4388beda59601345db4da5b7f
PENTDI,ok,50;100;500;1000;5000;10000;50000,50;500,aab4bb9fe2705f8f425e37ca1e7c3b69daa72b60ad5bcff7d15ba3cf156c0a64
POWELLBC,ok,,,a6bb2e7eb4e3ea0d7cf5e28d00eba02e8023f6591aced476824143594d8cc1ad
POWERSUMB,ok,4;10;20,10,7c5d8de5f80ef8b1d8f797a31dbbde7f9f33466be26b96f0f54ca58fbd4eef6b
PRICE3B,ok,,,b0c39ac183d48430681623c132e26ed5b1c692de7fe11899b081cecd32536c41
PROBPENL,ok,10;50;100;500,10;50;500,e9d63d5e3c92d6742974de37a83fae1592e51ad81f36a2b1664c6513119b47fe
QINGB,ok,5;100;1000;10000,5;100,a09e213dd822c81853eeff57485233369dcc90b7e439f0776ceda3bc01e061b7
QR3DLS,ok,,,d1547439bc8e35895b553d82a0885ee63b56af5f22c97e6cfe3ee02df0166429
QRTQUAD,ok,12;120;1200;5000,12;120,2c984f31dfcb541a47a3a76b3b273db6bb83a94dd5e46c244b9d307224e5ffa0
QUDLIN,ok,12;120;1200;5000;10000,12;120,c6d15d8cf6ac5bdb0a3b356938e7bd44e531c660947b243f4571b2d807753987
S368,ok,8;50;100,8;50,2939e819f0bb678ad4f1f8eca6ad0a92a5f06da5201582d91c74dcb195712361
SCOND1LS,ok,10;50;100;500;1000;5000,10;50;500,e3d25a7a7f68a8745c24f15bf621f8437a32236afa5720390817873a51f26199
SINEALI,ok,4;10;20;100;1000,10;100,5a750bf15bed076a5db342f4ce01f97d04f372fc6d262ea4b4bfc9bd4935e4c0
SPECAN,ok,,,47e0b98fc7296d989724b75b590bc27a166be5af5102e245ee477b8fb233707a
STRTCHDVB,ok,10;100;1000,10;100,e2e4a4ad8c502a57de8e5671024d4d9e62bf5a98423a06314c646b4bf877a809
TRIGON1B,ok,10;100;1000,10;100,f2f4aef2373b0eccab0fe7ad8997c117953b2bd756a4f38525aa49dda394dffd
TRIGON2B,ok,10;100;1000,10;100,5adf7c391bb68dcb804d88d1bb20c74f0a40b63565d013712909351b87cd91ba
