algorithm,performance_ratio_threshold,fraction_of_problems,target_residual
BasinGraph,1.0,0.56,0.001
BasinGraph,1.032270466816175,0.56,0.001
BasinGraph,1.065582316660884,0.56,0.001
BasinGraph,1.099969155450592,0.56,0.001
BasinGraph,1.1354656735803765,0.56,0.001
BasinGraph,1.172107680920558,0.58,0.001
BasinGraph,1.2099321429426886,0.58,0.001
BasinGraph,1.2489772180113443,0.58,0.001
BasinGraph,1.289282295879338,0.58,0.001
BasinGraph,1.3308880374251941,0.58,0.001
BasinGraph,1.3738364156729683,0.58,0.001
BasinGraph,1.4181707581357959,0.6,0.001
BasinGraph,1.4639357905258867,0.6,0.001
BasinGraph,1.5111776818750635,0.6,0.001
BasinGraph,1.5599440911113571,0.6,0.001
BasinGraph,1.6102842151386545,0.6,0.001
BasinGraph,1.662248838467897,0.62,0.001
BasinGraph,1.7158903844499007,0.62,0.001
BasinGraph,1.771262968161485,0.66,0.001
BasinGraph,1.8284224509982603,0.66,0.001
BasinGraph,1.887426497029149,0.66,0.001
BasinGraph,1.9483346311694978,0.66,0.001
BasinGraph,2.0112082992314577,0.66,0.001
BasinGraph,2.0761109299122222,0.66,0.001
BasinGraph,2.143107998782653,0.66,0.001
BasinGraph,2.2122670943408482,0.66,0.001
BasinGraph,2.2836579861972903,0.66,0.001
BasinGraph,2.357352695460363,0.66,0.001
BasinGraph,2.433425567393238,0.68,0.001
BasinGraph,2.5119533464154333,0.68,0.001
BasinGraph,2.5930152535247126,0.68,0.001
BasinGraph,2.6766930662174175,0.7,0.001
BasinGraph,2.7630712009878726,0.72,0.001
BasinGraph,2.8522367984900807,0.74,0.001
BasinGraph,2.944279811447628,0.74,0.001
BasinGraph,3.0392930954004833,0.74,0.001
BasinGraph,3.1373725023802344,0.74,0.001
BasinGraph,3.238616977608276,0.76,0.001
BasinGraph,3.3431286593144853,0.76,0.001
BasinGraph,3.451012981777097,0.76,0.001
BasinGraph,3.5623787816877246,0.76,0.001
BasinGraph,3.677338407948824,0.78,0.001
BasinGraph,3.796007835014383,0.8,0.001
BasinGraph,3.9185067798881548,0.8,0.001
BasinGraph,4.044958822897493,0.8,0.001
BasinGraph,4.1754915323646005,0.8,0.001
BasinGraph,4.310236593300993,0.8,0.001
BasinGraph,4.449329940254976,0.8,0.001
BasinGraph,4.592911894446188,0.8,0.001
BasinGraph,4.74112730532553,0.8,0.001
BasinGraph,4.894125696703299,0.82,0.001
BasinGraph,5.052061417592952,0.82,0.001
BasinGraph,5.215093797922664,0.82,0.001
BasinGraph,5.383387309271767,0.82,0.001
BasinGraph,5.557111730794241,0.84,0.001
BasinGraph,5.736442320496613,0.84,0.001
BasinGraph,5.921559992043101,0.84,0.001
BasinGraph,6.1126514972663175,0.84,0.001
BasinGraph,6.309909614567694,0.84,0.001
BasinGraph,6.513533343397664,0.84,0.001
BasinGraph,6.723728105011829,0.84,0.001
BasinGraph,6.940705949705596,0.84,0.001
BasinGraph,7.1646857707364004,0.84,0.001
BasinGraph,7.39589352514927,0.84,0.001
BasinGraph,7.634562461728565,0.84,0.001
BasinGraph,7.880933356305793,0.84,0.001
BasinGraph,8.135254754660945,0.84,0.001
BasinGraph,8.397783223262364,0.84,0.001
BasinGraph,8.668783608098082,0.84,0.001
BasinGraph,8.948529301859814,0.84,0.001
BasinGraph,9.23730251974905,0.84,0.001
BasinGraph,9.535394584183583,0.84,0.001
BasinGraph,9.843106218691615,0.84,0.001
BasinGraph,10.16074785128999,0.84,0.001
BasinGraph,10.488639927652564,0.84,0.001
BasinGraph,10.827113234384683,0.84,0.001
BasinGraph,11.176509232729869,0.84,0.001
BasinGraph,11.537180403045351,0.84,0.001
BasinGraph,11.909490600394049,0.84,0.001
BasinGraph,12.293815421611614,0.84,0.001
BasinGraph,12.690542584218917,0.84,0.001
BasinGraph,13.100072317562208,0.84,0.001
BasinGraph,13.522817766575592,0.84,0.001
BasinGraph,13.95920540857305,0.84,0.001
BasinGraph,14.409675483490583,0.84,0.001
BasinGraph,14.874682438012416,0.84,0.001
BasinGraph,15.354695384029435,0.84,0.001
BasinGraph,15.850198571892232,0.84,0.001
BasinGraph,16.361691878936274,0.84,0.001
BasinGraph,16.889691313771966,0.84,0.001
BasinGraph,17.43472953684848,0.84,0.001
BasinGraph,17.997356397816333,0.84,0.001
BasinGraph,18.57813949023095,0.84,0.001
BasinGraph,19.177664724156717,0.84,0.001
BasinGraph,19.796536917249345,0.84,0.001
BasinGraph,20.43538040491262,0.84,0.001
BasinGraph,21.094839670145277,0.86,0.001
BasinGraph,21.77557999371323,0.86,0.001
BasinGraph,22.478288125303315,0.86,0.001
BasinGraph,23.203672976335348,0.86,0.001
BasinGraph,23.952466335131554,0.86,0.001
BasinGraph,24.725423605164963,0.86,0.001
BasinGraph,25.523324567131308,0.86,0.001
BasinGraph,26.346974165613393,0.86,0.001
BasinGraph,27.19720332113144,0.86,0.001
BasinGraph,28.074869768398774,0.86,0.001
BasinGraph,28.980858921628318,0.86,0.001
BasinGraph,29.91608476776299,0.86,0.001
BasinGraph,30.88149078853096,0.88,0.001
BasinGraph,31.87805091225626,0.88,0.001
BasinGraph,32.90677049638456,0.88,0.001
BasinGraph,33.96868734171564,0.88,0.001
BasinGraph,35.0648727393655,0.88,0.001
BasinGraph,36.19643255151459,0.88,0.001
BasinGraph,37.364508327032155,0.88,0.001
BasinGraph,38.57027845310236,0.88,0.001
BasinGraph,39.81495934401382,0.88,0.001
BasinGraph,41.099806668312176,0.88,0.001
BasinGraph,42.42611661555315,0.88,0.001
BasinGraph,43.79522720393455,0.88,0.001
BasinGraph,45.20851963012596,0.88,0.001
BasinGraph,46.66741966265833,0.88,0.001
BasinGraph,48.17339908027866,0.88,0.001
BasinGraph,49.72797715672117,0.88,0.001
BasinGraph,51.33272219339265,0.88,0.001
BasinGraph,52.98925310151845,0.88,0.001
BasinGraph,54.6992410353449,0.88,0.001
BasinGraph,56.46441107804598,0.9,0.001
BasinGraph,58.28654398203492,0.9,0.001
BasinGraph,60.167477965436696,0.9,0.001
BasinGraph,62.10911056653329,0.9,0.001
BasinGraph,64.11340055805275,0.9,0.001
BasinGraph,66.18236992323352,0.9,0.001
BasinGraph,68.31810589565704,0.9,0.001
BasinGraph,70.5227630649068,0.9,0.001
BasinGraph,72.79856555017784,0.9,0.001
BasinGraph,75.14780924402999,0.9,0.001
BasinGraph,77.5728641285477,0.9,0.001
BasinGraph,80.0761766662437,0.9,0.001
BasinGraph,82.66027226811788,0.9,0.001
BasinGraph,85.32775784136216,0.9,0.001
BasinGraph,88.08132441928045,0.9,0.001
BasinGraph,90.92374987607762,0.9,0.001
BasinGraph,93.85790172925577,0.9,0.001
BasinGraph,96.88674003244553,0.9,0.001
BasinGraph,100.01332036158993,0.9,0.001
BasinGraph,103.24079689749414,0.9,0.001
BasinGraph,106.57242560785014,0.9,0.001
BasinGraph,110.01156753194759,0.9,0.001
BasinGraph,113.56169217138275,0.9,0.001
BasinGraph,117.22638099018796,0.9,0.001
BasinGraph,121.00933102791217,0.9,0.001
BasinGraph,124.914358629296,0.9,0.001
BasinGraph,128.9454032943064,0.9,0.001
BasinGraph,133.10653165241368,0.9,0.001
BasinGraph,137.40194156511896,0.9,0.001
BasinGraph,141.8359663608742,0.9,0.001
BasinGraph,146.41307920666299,0.9,0.001
BasinGraph,151.13789762065554,0.9,0.001
BasinGraph,156.0151881304894,0.9,0.001
BasinGraph,161.04987108187373,0.9,0.001
BasinGraph,166.2470256023705,0.9,0.001
BasinGraph,171.6118947253597,0.9,0.001
BasinGraph,177.1498906793554,0.9,0.001
BasinGraph,182.86660034801247,0.9,0.001
BasinGraph,188.76779090632982,0.9,0.001
BasinGraph,194.8594156387351,0.9,0.001
BasinGraph,201.14761994492423,0.9,0.001
BasinGraph,207.63874753950958,0.9,0.001
BasinGraph,214.33934685173534,0.9,0.001
BasinGraph,221.256177631715,0.9,0.001
BasinGraph,228.39621776985308,0.9,0.001
BasinGraph,235.76667033633487,0.9,0.001
BasinGraph,243.37497084778374,0.9,0.001
BasinGraph,251.22879476841456,0.9,0.001
BasinGraph,259.33606525325644,0.9,0.001
BasinGraph,267.70496114124916,0.9,0.001
BasinGraph,276.3439252062831,0.9,0.001
BasinGraph,285.26167267450415,0.9,0.001
BasinGraph,294.46720001647344,0.9,0.001
BasinGraph,303.9697940230568,0.9,0.001
BasinGraph,313.7790411741976,0.9,0.001
BasinGraph,323.9048373100205,0.9,0.001
BasinGraph,334.35739761403227,0.9,0.001
BasinGraph,345.1472669184787,0.9,0.001
BasinGraph,356.28533034226473,0.9,0.001
BasinGraph,367.78282427216493,0.9,0.001
BasinGraph,379.6513476983991,0.9,0.001
BasinGraph,391.9028739160162,0.9,0.001
BasinGraph,404.5497626038868,0.9,0.001
BasinGraph,417.60477229348675,0.9,0.001
BasinGraph,431.0810732400602,0.9,0.001
BasinGraph,444.9922607091349,0.9,0.001
BasinGraph,459.35236869180346,0.9,0.001
BasinGraph,474.17588406260387,0.9,0.001
BasinGraph,489.4777611942768,0.9,0.001
BasinGraph,505.27343704415205,0.9,0.001
BasinGraph,521.5788467273803,0.9,0.001
BasinGraph,538.4104395927153,0.9,0.001
BasinGraph,555.7851958170738,0.9,0.001
BasinGraph,573.7206435356103,0.9,0.001
BasinGraph,592.2348765245805,0.9,0.001
BasinGraph,611.3465724548487,0.9,0.001
BasinGraph,631.0750117344355,0.9,0.001
BasinGraph,651.4400969591285,0.9,0.001
BasinGraph,672.4623729907742,0.9,0.001
BasinGraph,694.1630476834996,0.9,0.001
BasinGraph,716.5640132787845,0.9,0.001
BasinGraph,739.687868490963,0.9,0.001
BasinGraph,763.5579413054273,0.9,0.001
BasinGraph,788.1983125125514,0.9,0.001
BasinGraph,813.6338400010532,0.9,0.001
BasinGraph,839.8901838353238,0.9,0.001
BasinGraph,866.993832142013,0.9,0.001
BasinGraph,894.9721278319807,0.9,0.001
BasinGraph,923.8532961845837,0.9,0.001
BasinGraph,953.6664733221226,0.9,0.001
BasinGraph,984.4417356031622,0.9,0.001
BasinGraph,1016.2101299644022,0.9,0.001
BasinGraph,1049.0037052416799,0.9,0.001
BasinGraph,1082.8555445017255,0.9,0.001
BasinGraph,1117.79979841728,0.9,0.001
BasinGraph,1153.8717197192325,0.9,0.001
BasinGraph,1191.107698760554,0.9,0.001
BasinGraph,1229.5453002278975,0.9,0.001
BasinGraph,1269.2233010378866,0.9,0.001
BasinGraph,1310.181729456345,0.9,0.001
BasinGraph,1352.4619054799252,0.9,0.001
BasinGraph,1396.1064825208553,0.9,0.001
BasinGraph,1441.159490436892,0.9,0.001
BasinGraph,1487.666379949852,0.9,0.001
BasinGraph,1535.674068497562,0.9,0.001
BasinGraph,1585.2309875654737,0.9,0.001
BasinGraph,1636.3871315456786,0.9,0.001
BasinGraph,1689.1941081726382,0.9,0.001
BasinGraph,1743.7051905865023,0.9,0.001
BasinGraph,1799.975371076515,0.9,0.001
BasinGraph,1858.0614165587729,0.9,0.001
BasinGraph,1918.0219258442487,0.9,0.001
BasinGraph,1979.9173887549005,0.9,0.001
BasinGraph,2043.8102471474845,0.9,0.001
BasinGraph,2109.7649579066165,0.9,0.001
BasinGraph,2177.8480579706697,0.9,0.001
BasinGraph,2248.1282314560844,0.9,0.001
BasinGraph,2320.6763789477927,0.9,0.001
BasinGraph,2395.5656890257096,0.9,0.001
BasinGraph,2472.8717120993824,0.9,0.001
BasinGraph,2552.672436625342,0.9,0.001
BasinGraph,2635.0483677840257,0.9,0.001
BasinGraph,2720.0826086956167,0.9,0.001
BIPOP-CMA-ES,1.0,0.06,0.001
BIPOP-CMA-ES,1.032270466816175,0.06,0.001
BIPOP-CMA-ES,1.065582316660884,0.06,0.001
BIPOP-CMA-ES,1.099969155450592,0.06,0.001
BIPOP-CMA-ES,1.1354656735803765,0.06,0.001
BIPOP-CMA-ES,1.172107680920558,0.06,0.001
BIPOP-CMA-ES,1.2099321429426886,0.06,0.001
BIPOP-CMA-ES,1.2489772180113443,0.06,0.001
BIPOP-CMA-ES,1.289282295879338,0.06,0.001
BIPOP-CMA-ES,1.3308880374251941,0.06,0.001
BIPOP-CMA-ES,1.3738364156729683,0.06,0.001
BIPOP-CMA-ES,1.4181707581357959,0.06,0.001
BIPOP-CMA-ES,1.4639357905258867,0.06,0.001
BIPOP-CMA-ES,1.5111776818750635,0.06,0.001
BIPOP-CMA-ES,1.5599440911113571,0.06,0.001
BIPOP-CMA-ES,1.6102842151386545,0.06,0.001
BIPOP-CMA-ES,1.662248838467897,0.06,0.001
BIPOP-CMA-ES,1.7158903844499007,0.06,0.001
BIPOP-CMA-ES,1.771262968161485,0.08,0.001
BIPOP-CMA-ES,1.8284224509982603,0.08,0.001
BIPOP-CMA-ES,1.887426497029149,0.08,0.001
BIPOP-CMA-ES,1.9483346311694978,0.08,0.001
BIPOP-CMA-ES,2.0112082992314577,0.08,0.001
BIPOP-CMA-ES,2.0761109299122222,0.08,0.001
BIPOP-CMA-ES,2.143107998782653,0.08,0.001
BIPOP-CMA-ES,2.2122670943408482,0.08,0.001
BIPOP-CMA-ES,2.2836579861972903,0.12,0.001
BIPOP-CMA-ES,2.357352695460363,0.12,0.001
BIPOP-CMA-ES,2.433425567393238,0.12,0.001
BIPOP-CMA-ES,2.5119533464154333,0.12,0.001
BIPOP-CMA-ES,2.5930152535247126,0.12,0.001
BIPOP-CMA-ES,2.6766930662174175,0.12,0.001
BIPOP-CMA-ES,2.7630712009878726,0.12,0.001
BIPOP-CMA-ES,2.8522367984900807,0.12,0.001
BIPOP-CMA-ES,2.944279811447628,0.12,0.001
BIPOP-CMA-ES,3.0392930954004833,0.12,0.001
BIPOP-CMA-ES,3.1373725023802344,0.14,0.001
BIPOP-CMA-ES,3.238616977608276,0.16,0.001
BIPOP-CMA-ES,3.3431286593144853,0.16,0.001
BIPOP-CMA-ES,3.451012981777097,0.16,0.001
BIPOP-CMA-ES,3.5623787816877246,0.18,0.001
BIPOP-CMA-ES,3.677338407948824,0.18,0.001
BIPOP-CMA-ES,3.796007835014383,0.18,0.001
BIPOP-CMA-ES,3.9185067798881548,0.18,0.001
BIPOP-CMA-ES,4.044958822897493,0.18,0.001
BIPOP-CMA-ES,4.1754915323646005,0.18,0.001
BIPOP-CMA-ES,4.310236593300993,0.18,0.001
BIPOP-CMA-ES,4.449329940254976,0.18,0.001
BIPOP-CMA-ES,4.592911894446188,0.2,0.001
BIPOP-CMA-ES,4.74112730532553,0.2,0.001
BIPOP-CMA-ES,4.894125696703299,0.2,0.001
BIPOP-CMA-ES,5.052061417592952,0.2,0.001
BIPOP-CMA-ES,5.215093797922664,0.2,0.001
BIPOP-CMA-ES,5.383387309271767,0.2,0.001
BIPOP-CMA-ES,5.557111730794241,0.2,0.001
BIPOP-CMA-ES,5.736442320496613,0.24,0.001
BIPOP-CMA-ES,5.921559992043101,0.24,0.001
BIPOP-CMA-ES,6.1126514972663175,0.24,0.001
BIPOP-CMA-ES,6.309909614567694,0.24,0.001
BIPOP-CMA-ES,6.513533343397664,0.24,0.001
BIPOP-CMA-ES,6.723728105011829,0.24,0.001
BIPOP-CMA-ES,6.940705949705596,0.24,0.001
BIPOP-CMA-ES,7.1646857707364004,0.26,0.001
BIPOP-CMA-ES,7.39589352514927,0.26,0.001
BIPOP-CMA-ES,7.634562461728565,0.26,0.001
BIPOP-CMA-ES,7.880933356305793,0.26,0.001
BIPOP-CMA-ES,8.135254754660945,0.26,0.001
BIPOP-CMA-ES,8.397783223262364,0.26,0.001
BIPOP-CMA-ES,8.668783608098082,0.26,0.001
BIPOP-CMA-ES,8.948529301859814,0.26,0.001
BIPOP-CMA-ES,9.23730251974905,0.26,0.001
BIPOP-CMA-ES,9.535394584183583,0.26,0.001
BIPOP-CMA-ES,9.843106218691615,0.26,0.001
BIPOP-CMA-ES,10.16074785128999,0.26,0.001
BIPOP-CMA-ES,10.488639927652564,0.26,0.001
BIPOP-CMA-ES,10.827113234384683,0.26,0.001
BIPOP-CMA-ES,11.176509232729869,0.26,0.001
BIPOP-CMA-ES,11.537180403045351,0.26,0.001
BIPOP-CMA-ES,11.909490600394049,0.26,0.001
BIPOP-CMA-ES,12.293815421611614,0.26,0.001
BIPOP-CMA-ES,12.690542584218917,0.28,0.001
BIPOP-CMA-ES,13.100072317562208,0.28,0.001
BIPOP-CMA-ES,13.522817766575592,0.3,0.001
BIPOP-CMA-ES,13.95920540857305,0.3,0.001
BIPOP-CMA-ES,14.409675483490583,0.3,0.001
BIPOP-CMA-ES,14.874682438012416,0.3,0.001
BIPOP-CMA-ES,15.354695384029435,0.3,0.001
BIPOP-CMA-ES,15.850198571892232,0.3,0.001
BIPOP-CMA-ES,16.361691878936274,0.3,0.001
BIPOP-CMA-ES,16.889691313771966,0.32,0.001
BIPOP-CMA-ES,17.43472953684848,0.32,0.001
BIPOP-CMA-ES,17.997356397816333,0.32,0.001
BIPOP-CMA-ES,18.57813949023095,0.32,0.001
BIPOP-CMA-ES,19.177664724156717,0.32,0.001
BIPOP-CMA-ES,19.796536917249345,0.32,0.001
BIPOP-CMA-ES,20.43538040491262,0.32,0.001
BIPOP-CMA-ES,21.094839670145277,0.32,0.001
BIPOP-CMA-ES,21.77557999371323,0.32,0.001
BIPOP-CMA-ES,22.478288125303315,0.32,0.001
BIPOP-CMA-ES,23.203672976335348,0.32,0.001
BIPOP-CMA-ES,23.952466335131554,0.32,0.001
BIPOP-CMA-ES,24.725423605164963,0.32,0.001
BIPOP-CMA-ES,25.523324567131308,0.32,0.001
BIPOP-CMA-ES,26.346974165613393,0.32,0.001
BIPOP-CMA-ES,27.19720332113144,0.32,0.001
BIPOP-CMA-ES,28.074869768398774,0.32,0.001
BIPOP-CMA-ES,28.980858921628318,0.32,0.001
BIPOP-CMA-ES,29.91608476776299,0.32,0.001
BIPOP-CMA-ES,30.88149078853096,0.32,0.001
BIPOP-CMA-ES,31.87805091225626,0.32,0.001
BIPOP-CMA-ES,32.90677049638456,0.32,0.001
BIPOP-CMA-ES,33.96868734171564,0.32,0.001
BIPOP-CMA-ES,35.0648727393655,0.32,0.001
BIPOP-CMA-ES,36.19643255151459,0.32,0.001
BIPOP-CMA-ES,37.364508327032155,0.32,0.001
BIPOP-CMA-ES,38.57027845310236,0.34,0.001
BIPOP-CMA-ES,39.81495934401382,0.34,0.001
BIPOP-CMA-ES,41.099806668312176,0.34,0.001
BIPOP-CMA-ES,42.42611661555315,0.34,0.001
BIPOP-CMA-ES,43.79522720393455,0.34,0.001
BIPOP-CMA-ES,45.20851963012596,0.34,0.001
BIPOP-CMA-ES,46.66741966265833,0.34,0.001
BIPOP-CMA-ES,48.17339908027866,0.34,0.001
BIPOP-CMA-ES,49.72797715672117,0.34,0.001
BIPOP-CMA-ES,51.33272219339265,0.34,0.001
BIPOP-CMA-ES,52.98925310151845,0.34,0.001
BIPOP-CMA-ES,54.6992410353449,0.34,0.001
BIPOP-CMA-ES,56.46441107804598,0.34,0.001
BIPOP-CMA-ES,58.28654398203492,0.34,0.001
BIPOP-CMA-ES,60.167477965436696,0.34,0.001
BIPOP-CMA-ES,62.10911056653329,0.34,0.001
BIPOP-CMA-ES,64.11340055805275,0.34,0.001
BIPOP-CMA-ES,66.18236992323352,0.34,0.001
BIPOP-CMA-ES,68.31810589565704,0.34,0.001
BIPOP-CMA-ES,70.5227630649068,0.34,0.001
BIPOP-CMA-ES,72.79856555017784,0.36,0.001
BIPOP-CMA-ES,75.14780924402999,0.36,0.001
BIPOP-CMA-ES,77.5728641285477,0.36,0.001
BIPOP-CMA-ES,80.0761766662437,0.36,0.001
BIPOP-CMA-ES,82.66027226811788,0.36,0.001
BIPOP-CMA-ES,85.32775784136216,0.36,0.001
BIPOP-CMA-ES,88.08132441928045,0.36,0.001
BIPOP-CMA-ES,90.92374987607762,0.36,0.001
BIPOP-CMA-ES,93.85790172925577,0.36,0.001
BIPOP-CMA-ES,96.88674003244553,0.36,0.001
BIPOP-CMA-ES,100.01332036158993,0.36,0.001
BIPOP-CMA-ES,103.24079689749414,0.36,0.001
BIPOP-CMA-ES,106.57242560785014,0.36,0.001
BIPOP-CMA-ES,110.01156753194759,0.36,0.001
BIPOP-CMA-ES,113.56169217138275,0.36,0.001
BIPOP-CMA-ES,117.22638099018796,0.36,0.001
BIPOP-CMA-ES,121.00933102791217,0.36,0.001
BIPOP-CMA-ES,124.914358629296,0.36,0.001
BIPOP-CMA-ES,128.9454032943064,0.36,0.001
BIPOP-CMA-ES,133.10653165241368,0.36,0.001
BIPOP-CMA-ES,137.40194156511896,0.36,0.001
BIPOP-CMA-ES,141.8359663608742,0.36,0.001
BIPOP-CMA-ES,146.41307920666299,0.36,0.001
BIPOP-CMA-ES,151.13789762065554,0.36,0.001
BIPOP-CMA-ES,156.0151881304894,0.36,0.001
BIPOP-CMA-ES,161.04987108187373,0.36,0.001
BIPOP-CMA-ES,166.2470256023705,0.36,0.001
BIPOP-CMA-ES,171.6118947253597,0.36,0.001
BIPOP-CMA-ES,177.1498906793554,0.36,0.001
BIPOP-CMA-ES,182.86660034801247,0.36,0.001
BIPOP-CMA-ES,188.76779090632982,0.36,0.001
BIPOP-CMA-ES,194.8594156387351,0.36,0.001
BIPOP-CMA-ES,201.14761994492423,0.36,0.001
BIPOP-CMA-ES,207.63874753950958,0.36,0.001
BIPOP-CMA-ES,214.33934685173534,0.36,0.001
BIPOP-CMA-ES,221.256177631715,0.36,0.001
BIPOP-CMA-ES,228.39621776985308,0.36,0.001
BIPOP-CMA-ES,235.76667033633487,0.36,0.001
BIPOP-CMA-ES,243.37497084778374,0.36,0.001
BIPOP-CMA-ES,251.22879476841456,0.36,0.001
BIPOP-CMA-ES,259.33606525325644,0.36,0.001
BIPOP-CMA-ES,267.70496114124916,0.36,0.001
BIPOP-CMA-ES,276.3439252062831,0.36,0.001
BIPOP-CMA-ES,285.26167267450415,0.36,0.001
BIPOP-CMA-ES,294.46720001647344,0.36,0.001
BIPOP-CMA-ES,303.9697940230568,0.36,0.001
BIPOP-CMA-ES,313.7790411741976,0.36,0.001
BIPOP-CMA-ES,323.9048373100205,0.38,0.001
BIPOP-CMA-ES,334.35739761403227,0.38,0.001
BIPOP-CMA-ES,345.1472669184787,0.38,0.001
BIPOP-CMA-ES,356.28533034226473,0.38,0.001
BIPOP-CMA-ES,367.78282427216493,0.38,0.001
BIPOP-CMA-ES,379.6513476983991,0.38,0.001
BIPOP-CMA-ES,391.9028739160162,0.38,0.001
BIPOP-CMA-ES,404.5497626038868,0.38,0.001
BIPOP-CMA-ES,417.60477229348675,0.38,0.001
BIPOP-CMA-ES,431.0810732400602,0.38,0.001
BIPOP-CMA-ES,444.9922607091349,0.38,0.001
BIPOP-CMA-ES,459.35236869180346,0.38,0.001
BIPOP-CMA-ES,474.17588406260387,0.38,0.001
BIPOP-CMA-ES,489.4777611942768,0.38,0.001
BIPOP-CMA-ES,505.27343704415205,0.38,0.001
BIPOP-CMA-ES,521.5788467273803,0.38,0.001
BIPOP-CMA-ES,538.4104395927153,0.38,0.001
BIPOP-CMA-ES,555.7851958170738,0.38,0.001
BIPOP-CMA-ES,573.7206435356103,0.38,0.001
BIPOP-CMA-ES,592.2348765245805,0.38,0.001
BIPOP-CMA-ES,611.3465724548487,0.38,0.001
BIPOP-CMA-ES,631.0750117344355,0.38,0.001
BIPOP-CMA-ES,651.4400969591285,0.38,0.001
BIPOP-CMA-ES,672.4623729907742,0.38,0.001
BIPOP-CMA-ES,694.1630476834996,0.38,0.001
BIPOP-CMA-ES,716.5640132787845,0.38,0.001
BIPOP-CMA-ES,739.687868490963,0.38,0.001
BIPOP-CMA-ES,763.5579413054273,0.38,0.001
BIPOP-CMA-ES,788.1983125125514,0.38,0.001
BIPOP-CMA-ES,813.6338400010532,0.38,0.001
BIPOP-CMA-ES,839.8901838353238,0.38,0.001
BIPOP-CMA-ES,866.993832142013,0.38,0.001
BIPOP-CMA-ES,894.9721278319807,0.38,0.001
BIPOP-CMA-ES,923.8532961845837,0.38,0.001
BIPOP-CMA-ES,953.6664733221226,0.38,0.001
BIPOP-CMA-ES,984.4417356031622,0.38,0.001
BIPOP-CMA-ES,1016.2101299644022,0.38,0.001
BIPOP-CMA-ES,1049.0037052416799,0.38,0.001
BIPOP-CMA-ES,1082.8555445017255,0.38,0.001
BIPOP-CMA-ES,1117.79979841728,0.38,0.001
BIPOP-CMA-ES,1153.8717197192325,0.38,0.001
BIPOP-CMA-ES,1191.107698760554,0.38,0.001
BIPOP-CMA-ES,1229.5453002278975,0.38,0.001
BIPOP-CMA-ES,1269.2233010378866,0.38,0.001
BIPOP-CMA-ES,1310.181729456345,0.38,0.001
BIPOP-CMA-ES,1352.4619054799252,0.38,0.001
BIPOP-CMA-ES,1396.1064825208553,0.38,0.001
BIPOP-CMA-ES,1441.159490436892,0.38,0.001
BIPOP-CMA-ES,1487.666379949852,0.38,0.001
BIPOP-CMA-ES,1535.674068497562,0.38,0.001
BIPOP-CMA-ES,1585.2309875654737,0.38,0.001
BIPOP-CMA-ES,1636.3871315456786,0.38,0.001
BIPOP-CMA-ES,1689.1941081726382,0.38,0.001
BIPOP-CMA-ES,1743.7051905865023,0.38,0.001
BIPOP-CMA-ES,1799.975371076515,0.38,0.001
BIPOP-CMA-ES,1858.0614165587729,0.38,0.001
BIPOP-CMA-ES,1918.0219258442487,0.38,0.001
BIPOP-CMA-ES,1979.9173887549005,0.38,0.001
BIPOP-CMA-ES,2043.8102471474845,0.38,0.001
BIPOP-CMA-ES,2109.7649579066165,0.38,0.001
BIPOP-CMA-ES,2177.8480579706697,0.38,0.001
BIPOP-CMA-ES,2248.1282314560844,0.38,0.001
BIPOP-CMA-ES,2320.6763789477927,0.38,0.001
BIPOP-CMA-ES,2395.5656890257096,0.38,0.001
BIPOP-CMA-ES,2472.8717120993824,0.38,0.001
BIPOP-CMA-ES,2552.672436625342,0.38,0.001
BIPOP-CMA-ES,2635.0483677840257,0.38,0.001
BIPOP-CMA-ES,2720.0826086956167,0.38,0.001
CMA-ES,1.0,0.04,0.001
CMA-ES,1.032270466816175,0.08,0.001
CMA-ES,1.065582316660884,0.08,0.001
CMA-ES,1.099969155450592,0.08,0.001
CMA-ES,1.1354656735803765,0.08,0.001
CMA-ES,1.172107680920558,0.08,0.001
CMA-ES,1.2099321429426886,0.08,0.001
CMA-ES,1.2489772180113443,0.08,0.001
CMA-ES,1.289282295879338,0.08,0.001
CMA-ES,1.3308880374251941,0.08,0.001
CMA-ES,1.3738364156729683,0.08,0.001
CMA-ES,1.4181707581357959,0.08,0.001
CMA-ES,1.4639357905258867,0.08,0.001
CMA-ES,1.5111776818750635,0.1,0.001
CMA-ES,1.5599440911113571,0.12,0.001
CMA-ES,1.6102842151386545,0.12,0.001
CMA-ES,1.662248838467897,0.12,0.001
CMA-ES,1.7158903844499007,0.12,0.001
CMA-ES,1.771262968161485,0.12,0.001
CMA-ES,1.8284224509982603,0.12,0.001
CMA-ES,1.887426497029149,0.12,0.001
CMA-ES,1.9483346311694978,0.12,0.001
CMA-ES,2.0112082992314577,0.12,0.001
CMA-ES,2.0761109299122222,0.12,0.001
CMA-ES,2.143107998782653,0.12,0.001
CMA-ES,2.2122670943408482,0.12,0.001
CMA-ES,2.2836579861972903,0.12,0.001
CMA-ES,2.357352695460363,0.14,0.001
CMA-ES,2.433425567393238,0.14,0.001
CMA-ES,2.5119533464154333,0.14,0.001
CMA-ES,2.5930152535247126,0.14,0.001
CMA-ES,2.6766930662174175,0.14,0.001
CMA-ES,2.7630712009878726,0.18,0.001
CMA-ES,2.8522367984900807,0.2,0.001
CMA-ES,2.944279811447628,0.2,0.001
CMA-ES,3.0392930954004833,0.2,0.001
CMA-ES,3.1373725023802344,0.2,0.001
CMA-ES,3.238616977608276,0.2,0.001
CMA-ES,3.3431286593144853,0.2,0.001
CMA-ES,3.451012981777097,0.22,0.001
CMA-ES,3.5623787816877246,0.22,0.001
CMA-ES,3.677338407948824,0.22,0.001
CMA-ES,3.796007835014383,0.22,0.001
CMA-ES,3.9185067798881548,0.24,0.001
CMA-ES,4.044958822897493,0.26,0.001
CMA-ES,4.1754915323646005,0.26,0.001
CMA-ES,4.310236593300993,0.26,0.001
CMA-ES,4.449329940254976,0.26,0.001
CMA-ES,4.592911894446188,0.28,0.001
CMA-ES,4.74112730532553,0.28,0.001
CMA-ES,4.894125696703299,0.28,0.001
CMA-ES,5.052061417592952,0.28,0.001
CMA-ES,5.215093797922664,0.28,0.001
CMA-ES,5.383387309271767,0.28,0.001
CMA-ES,5.557111730794241,0.28,0.001
CMA-ES,5.736442320496613,0.28,0.001
CMA-ES,5.921559992043101,0.28,0.001
CMA-ES,6.1126514972663175,0.28,0.001
CMA-ES,6.309909614567694,0.28,0.001
CMA-ES,6.513533343397664,0.28,0.001
CMA-ES,6.723728105011829,0.28,0.001
CMA-ES,6.940705949705596,0.28,0.001
CMA-ES,7.1646857707364004,0.28,0.001
CMA-ES,7.39589352514927,0.28,0.001
CMA-ES,7.634562461728565,0.28,0.001
CMA-ES,7.880933356305793,0.28,0.001
CMA-ES,8.135254754660945,0.28,0.001
CMA-ES,8.397783223262364,0.28,0.001
CMA-ES,8.668783608098082,0.28,0.001
CMA-ES,8.948529301859814,0.28,0.001
CMA-ES,9.23730251974905,0.3,0.001
CMA-ES,9.535394584183583,0.3,0.001
CMA-ES,9.843106218691615,0.3,0.001
CMA-ES,10.16074785128999,0.3,0.001
CMA-ES,10.488639927652564,0.3,0.001
CMA-ES,10.827113234384683,0.3,0.001
CMA-ES,11.176509232729869,0.3,0.001
CMA-ES,11.537180403045351,0.32,0.001
CMA-ES,11.909490600394049,0.32,0.001
CMA-ES,12.293815421611614,0.32,0.001
CMA-ES,12.690542584218917,0.32,0.001
CMA-ES,13.100072317562208,0.32,0.001
CMA-ES,13.522817766575592,0.32,0.001
CMA-ES,13.95920540857305,0.32,0.001
CMA-ES,14.409675483490583,0.34,0.001
CMA-ES,14.874682438012416,0.34,0.001
CMA-ES,15.354695384029435,0.34,0.001
CMA-ES,15.850198571892232,0.34,0.001
CMA-ES,16.361691878936274,0.34,0.001
CMA-ES,16.889691313771966,0.34,0.001
CMA-ES,17.43472953684848,0.34,0.001
CMA-ES,17.997356397816333,0.34,0.001
CMA-ES,18.57813949023095,0.34,0.001
CMA-ES,19.177664724156717,0.34,0.001
CMA-ES,19.796536917249345,0.34,0.001
CMA-ES,20.43538040491262,0.34,0.001
CMA-ES,21.094839670145277,0.34,0.001
CMA-ES,21.77557999371323,0.34,0.001
CMA-ES,22.478288125303315,0.36,0.001
CMA-ES,23.203672976335348,0.36,0.001
CMA-ES,23.952466335131554,0.36,0.001
CMA-ES,24.725423605164963,0.36,0.001
CMA-ES,25.523324567131308,0.36,0.001
CMA-ES,26.346974165613393,0.36,0.001
CMA-ES,27.19720332113144,0.36,0.001
CMA-ES,28.074869768398774,0.36,0.001
CMA-ES,28.980858921628318,0.36,0.001
CMA-ES,29.91608476776299,0.36,0.001
CMA-ES,30.88149078853096,0.36,0.001
CMA-ES,31.87805091225626,0.36,0.001
CMA-ES,32.90677049638456,0.36,0.001
CMA-ES,33.96868734171564,0.36,0.001
CMA-ES,35.0648727393655,0.36,0.001
CMA-ES,36.19643255151459,0.36,0.001
CMA-ES,37.364508327032155,0.36,0.001
CMA-ES,38.57027845310236,0.36,0.001
CMA-ES,39.81495934401382,0.36,0.001
CMA-ES,41.099806668312176,0.36,0.001
CMA-ES,42.42611661555315,0.36,0.001
CMA-ES,43.79522720393455,0.36,0.001
CMA-ES,45.20851963012596,0.36,0.001
CMA-ES,46.66741966265833,0.36,0.001
CMA-ES,48.17339908027866,0.36,0.001
CMA-ES,49.72797715672117,0.36,0.001
CMA-ES,51.33272219339265,0.36,0.001
CMA-ES,52.98925310151845,0.36,0.001
CMA-ES,54.6992410353449,0.36,0.001
CMA-ES,56.46441107804598,0.36,0.001
CMA-ES,58.28654398203492,0.38,0.001
CMA-ES,60.167477965436696,0.38,0.001
CMA-ES,62.10911056653329,0.4,0.001
CMA-ES,64.11340055805275,0.4,0.001
CMA-ES,66.18236992323352,0.4,0.001
CMA-ES,68.31810589565704,0.4,0.001
CMA-ES,70.5227630649068,0.4,0.001
CMA-ES,72.79856555017784,0.4,0.001
CMA-ES,75.14780924402999,0.4,0.001
CMA-ES,77.5728641285477,0.4,0.001
CMA-ES,80.0761766662437,0.4,0.001
CMA-ES,82.66027226811788,0.4,0.001
CMA-ES,85.32775784136216,0.4,0.001
CMA-ES,88.08132441928045,0.4,0.001
CMA-ES,90.92374987607762,0.4,0.001
CMA-ES,93.85790172925577,0.4,0.001
CMA-ES,96.88674003244553,0.4,0.001
CMA-ES,100.01332036158993,0.4,0.001
CMA-ES,103.24079689749414,0.4,0.001
CMA-ES,106.57242560785014,0.4,0.001
CMA-ES,110.01156753194759,0.4,0.001
CMA-ES,113.56169217138275,0.4,0.001
CMA-ES,117.22638099018796,0.4,0.001
CMA-ES,121.00933102791217,0.4,0.001
CMA-ES,124.914358629296,0.4,0.001
CMA-ES,128.9454032943064,0.4,0.001
CMA-ES,133.10653165241368,0.4,0.001
CMA-ES,137.40194156511896,0.4,0.001
CMA-ES,141.8359663608742,0.4,0.001
CMA-ES,146.41307920666299,0.4,0.001
CMA-ES,151.13789762065554,0.4,0.001
CMA-ES,156.0151881304894,0.4,0.001
CMA-ES,161.04987108187373,0.4,0.001
CMA-ES,166.2470256023705,0.4,0.001
CMA-ES,171.6118947253597,0.4,0.001
CMA-ES,177.1498906793554,0.4,0.001
CMA-ES,182.86660034801247,0.4,0.001
CMA-ES,188.76779090632982,0.4,0.001
CMA-ES,194.8594156387351,0.4,0.001
CMA-ES,201.14761994492423,0.4,0.001
CMA-ES,207.63874753950958,0.4,0.001
CMA-ES,214.33934685173534,0.4,0.001
CMA-ES,221.256177631715,0.4,0.001
CMA-ES,228.39621776985308,0.4,0.001
CMA-ES,235.76667033633487,0.4,0.001
CMA-ES,243.37497084778374,0.4,0.001
CMA-ES,251.22879476841456,0.4,0.001
CMA-ES,259.33606525325644,0.4,0.001
CMA-ES,267.70496114124916,0.4,0.001
CMA-ES,276.3439252062831,0.4,0.001
CMA-ES,285.26167267450415,0.4,0.001
CMA-ES,294.46720001647344,0.4,0.001
CMA-ES,303.9697940230568,0.4,0.001
CMA-ES,313.7790411741976,0.4,0.001
CMA-ES,323.9048373100205,0.4,0.001
CMA-ES,334.35739761403227,0.42,0.001
CMA-ES,345.1472669184787,0.42,0.001
CMA-ES,356.28533034226473,0.42,0.001
CMA-ES,367.78282427216493,0.42,0.001
CMA-ES,379.6513476983991,0.42,0.001
CMA-ES,391.9028739160162,0.42,0.001
CMA-ES,404.5497626038868,0.42,0.001
CMA-ES,417.60477229348675,0.42,0.001
CMA-ES,431.0810732400602,0.42,0.001
CMA-ES,444.9922607091349,0.42,0.001
CMA-ES,459.35236869180346,0.42,0.001
CMA-ES,474.17588406260387,0.42,0.001
CMA-ES,489.4777611942768,0.42,0.001
CMA-ES,505.27343704415205,0.42,0.001
CMA-ES,521.5788467273803,0.42,0.001
CMA-ES,538.4104395927153,0.42,0.001
CMA-ES,555.7851958170738,0.42,0.001
CMA-ES,573.7206435356103,0.42,0.001
CMA-ES,592.2348765245805,0.42,0.001
CMA-ES,611.3465724548487,0.42,0.001
CMA-ES,631.0750117344355,0.42,0.001
CMA-ES,651.4400969591285,0.42,0.001
CMA-ES,672.4623729907742,0.42,0.001
CMA-ES,694.1630476834996,0.42,0.001
CMA-ES,716.5640132787845,0.42,0.001
CMA-ES,739.687868490963,0.42,0.001
CMA-ES,763.5579413054273,0.42,0.001
CMA-ES,788.1983125125514,0.42,0.001
CMA-ES,813.6338400010532,0.42,0.001
CMA-ES,839.8901838353238,0.42,0.001
CMA-ES,866.993832142013,0.42,0.001
CMA-ES,894.9721278319807,0.42,0.001
CMA-ES,923.8532961845837,0.42,0.001
CMA-ES,953.6664733221226,0.42,0.001
CMA-ES,984.4417356031622,0.42,0.001
CMA-ES,1016.2101299644022,0.42,0.001
CMA-ES,1049.0037052416799,0.42,0.001
CMA-ES,1082.8555445017255,0.42,0.001
CMA-ES,1117.79979841728,0.42,0.001
CMA-ES,1153.8717197192325,0.42,0.001
CMA-ES,1191.107698760554,0.42,0.001
CMA-ES,1229.5453002278975,0.42,0.001
CMA-ES,1269.2233010378866,0.42,0.001
CMA-ES,1310.181729456345,0.42,0.001
CMA-ES,1352.4619054799252,0.42,0.001
CMA-ES,1396.1064825208553,0.42,0.001
CMA-ES,1441.159490436892,0.42,0.001
CMA-ES,1487.666379949852,0.42,0.001
CMA-ES,1535.674068497562,0.42,0.001
CMA-ES,1585.2309875654737,0.42,0.001
CMA-ES,1636.3871315456786,0.42,0.001
CMA-ES,1689.1941081726382,0.42,0.001
CMA-ES,1743.7051905865023,0.42,0.001
CMA-ES,1799.975371076515,0.42,0.001
CMA-ES,1858.0614165587729,0.42,0.001
CMA-ES,1918.0219258442487,0.42,0.001
CMA-ES,1979.9173887549005,0.42,0.001
CMA-ES,2043.8102471474845,0.42,0.001
CMA-ES,2109.7649579066165,0.42,0.001
CMA-ES,2177.8480579706697,0.42,0.001
CMA-ES,2248.1282314560844,0.42,0.001
CMA-ES,2320.6763789477927,0.42,0.001
CMA-ES,2395.5656890257096,0.42,0.001
CMA-ES,2472.8717120993824,0.42,0.001
CMA-ES,2552.672436625342,0.42,0.001
CMA-ES,2635.0483677840257,0.42,0.001
CMA-ES,2720.0826086956167,0.42,0.001
Differential Evolution,1.0,0.0,0.001
Differential Evolution,1.032270466816175,0.0,0.001
Differential Evolution,1.065582316660884,0.0,0.001
Differential Evolution,1.099969155450592,0.0,0.001
Differential Evolution,1.1354656735803765,0.02,0.001
Differential Evolution,1.172107680920558,0.02,0.001
Differential Evolution,1.2099321429426886,0.02,0.001
Differential Evolution,1.2489772180113443,0.02,0.001
Differential Evolution,1.289282295879338,0.02,0.001
Differential Evolution,1.3308880374251941,0.02,0.001
Differential Evolution,1.3738364156729683,0.02,0.001
Differential Evolution,1.4181707581357959,0.02,0.001
Differential Evolution,1.4639357905258867,0.02,0.001
Differential Evolution,1.5111776818750635,0.02,0.001
Differential Evolution,1.5599440911113571,0.02,0.001
Differential Evolution,1.6102842151386545,0.02,0.001
Differential Evolution,1.662248838467897,0.02,0.001
Differential Evolution,1.7158903844499007,0.02,0.001
Differential Evolution,1.771262968161485,0.02,0.001
Differential Evolution,1.8284224509982603,0.02,0.001
Differential Evolution,1.887426497029149,0.02,0.001
Differential Evolution,1.9483346311694978,0.02,0.001
Differential Evolution,2.0112082992314577,0.02,0.001
Differential Evolution,2.0761109299122222,0.02,0.001
Differential Evolution,2.143107998782653,0.02,0.001
Differential Evolution,2.2122670943408482,0.02,0.001
Differential Evolution,2.2836579861972903,0.02,0.001
Differential Evolution,2.357352695460363,0.02,0.001
Differential Evolution,2.433425567393238,0.02,0.001
Differential Evolution,2.5119533464154333,0.02,0.001
Differential Evolution,2.5930152535247126,0.02,0.001
Differential Evolution,2.6766930662174175,0.04,0.001
Differential Evolution,2.7630712009878726,0.04,0.001
Differential Evolution,2.8522367984900807,0.04,0.001
Differential Evolution,2.944279811447628,0.04,0.001
Differential Evolution,3.0392930954004833,0.04,0.001
Differential Evolution,3.1373725023802344,0.04,0.001
Differential Evolution,3.238616977608276,0.06,0.001
Differential Evolution,3.3431286593144853,0.06,0.001
Differential Evolution,3.451012981777097,0.06,0.001
Differential Evolution,3.5623787816877246,0.06,0.001
Differential Evolution,3.677338407948824,0.06,0.001
Differential Evolution,3.796007835014383,0.06,0.001
Differential Evolution,3.9185067798881548,0.06,0.001
Differential Evolution,4.044958822897493,0.06,0.001
Differential Evolution,4.1754915323646005,0.06,0.001
Differential Evolution,4.310236593300993,0.06,0.001
Differential Evolution,4.449329940254976,0.08,0.001
Differential Evolution,4.592911894446188,0.08,0.001
Differential Evolution,4.74112730532553,0.08,0.001
Differential Evolution,4.894125696703299,0.1,0.001
Differential Evolution,5.052061417592952,0.1,0.001
Differential Evolution,5.215093797922664,0.1,0.001
Differential Evolution,5.383387309271767,0.12,0.001
Differential Evolution,5.557111730794241,0.14,0.001
Differential Evolution,5.736442320496613,0.14,0.001
Differential Evolution,5.921559992043101,0.14,0.001
Differential Evolution,6.1126514972663175,0.14,0.001
Differential Evolution,6.309909614567694,0.14,0.001
Differential Evolution,6.513533343397664,0.14,0.001
Differential Evolution,6.723728105011829,0.14,0.001
Differential Evolution,6.940705949705596,0.14,0.001
Differential Evolution,7.1646857707364004,0.14,0.001
Differential Evolution,7.39589352514927,0.14,0.001
Differential Evolution,7.634562461728565,0.14,0.001
Differential Evolution,7.880933356305793,0.14,0.001
Differential Evolution,8.135254754660945,0.14,0.001
Differential Evolution,8.397783223262364,0.14,0.001
Differential Evolution,8.668783608098082,0.14,0.001
Differential Evolution,8.948529301859814,0.14,0.001
Differential Evolution,9.23730251974905,0.14,0.001
Differential Evolution,9.535394584183583,0.16,0.001
Differential Evolution,9.843106218691615,0.16,0.001
Differential Evolution,10.16074785128999,0.18,0.001
Differential Evolution,10.488639927652564,0.2,0.001
Differential Evolution,10.827113234384683,0.2,0.001
Differential Evolution,11.176509232729869,0.22,0.001
Differential Evolution,11.537180403045351,0.22,0.001
Differential Evolution,11.909490600394049,0.24,0.001
Differential Evolution,12.293815421611614,0.24,0.001
Differential Evolution,12.690542584218917,0.26,0.001
Differential Evolution,13.100072317562208,0.26,0.001
Differential Evolution,13.522817766575592,0.26,0.001
Differential Evolution,13.95920540857305,0.28,0.001
Differential Evolution,14.409675483490583,0.28,0.001
Differential Evolution,14.874682438012416,0.28,0.001
Differential Evolution,15.354695384029435,0.28,0.001
Differential Evolution,15.850198571892232,0.28,0.001
Differential Evolution,16.361691878936274,0.28,0.001
Differential Evolution,16.889691313771966,0.28,0.001
Differential Evolution,17.43472953684848,0.28,0.001
Differential Evolution,17.997356397816333,0.28,0.001
Differential Evolution,18.57813949023095,0.28,0.001
Differential Evolution,19.177664724156717,0.28,0.001
Differential Evolution,19.796536917249345,0.28,0.001
Differential Evolution,20.43538040491262,0.28,0.001
Differential Evolution,21.094839670145277,0.28,0.001
Differential Evolution,21.77557999371323,0.28,0.001
Differential Evolution,22.478288125303315,0.28,0.001
Differential Evolution,23.203672976335348,0.28,0.001
Differential Evolution,23.952466335131554,0.28,0.001
Differential Evolution,24.725423605164963,0.28,0.001
Differential Evolution,25.523324567131308,0.28,0.001
Differential Evolution,26.346974165613393,0.28,0.001
Differential Evolution,27.19720332113144,0.28,0.001
Differential Evolution,28.074869768398774,0.28,0.001
Differential Evolution,28.980858921628318,0.28,0.001
Differential Evolution,29.91608476776299,0.28,0.001
Differential Evolution,30.88149078853096,0.28,0.001
Differential Evolution,31.87805091225626,0.28,0.001
Differential Evolution,32.90677049638456,0.28,0.001
Differential Evolution,33.96868734171564,0.28,0.001
Differential Evolution,35.0648727393655,0.28,0.001
Differential Evolution,36.19643255151459,0.28,0.001
Differential Evolution,37.364508327032155,0.28,0.001
Differential Evolution,38.57027845310236,0.28,0.001
Differential Evolution,39.81495934401382,0.28,0.001
Differential Evolution,41.099806668312176,0.28,0.001
Differential Evolution,42.42611661555315,0.28,0.001
Differential Evolution,43.79522720393455,0.28,0.001
Differential Evolution,45.20851963012596,0.28,0.001
Differential Evolution,46.66741966265833,0.28,0.001
Differential Evolution,48.17339908027866,0.28,0.001
Differential Evolution,49.72797715672117,0.28,0.001
Differential Evolution,51.33272219339265,0.28,0.001
Differential Evolution,52.98925310151845,0.28,0.001
Differential Evolution,54.6992410353449,0.28,0.001
Differential Evolution,56.46441107804598,0.28,0.001
Differential Evolution,58.28654398203492,0.28,0.001
Differential Evolution,60.167477965436696,0.28,0.001
Differential Evolution,62.10911056653329,0.28,0.001
Differential Evolution,64.11340055805275,0.28,0.001
Differential Evolution,66.18236992323352,0.28,0.001
Differential Evolution,68.31810589565704,0.28,0.001
Differential Evolution,70.5227630649068,0.28,0.001
Differential Evolution,72.79856555017784,0.28,0.001
Differential Evolution,75.14780924402999,0.28,0.001
Differential Evolution,77.5728641285477,0.28,0.001
Differential Evolution,80.0761766662437,0.28,0.001
Differential Evolution,82.66027226811788,0.28,0.001
Differential Evolution,85.32775784136216,0.28,0.001
Differential Evolution,88.08132441928045,0.28,0.001
Differential Evolution,90.92374987607762,0.28,0.001
Differential Evolution,93.85790172925577,0.28,0.001
Differential Evolution,96.88674003244553,0.28,0.001
Differential Evolution,100.01332036158993,0.28,0.001
Differential Evolution,103.24079689749414,0.28,0.001
Differential Evolution,106.57242560785014,0.28,0.001
Differential Evolution,110.01156753194759,0.28,0.001
Differential Evolution,113.56169217138275,0.28,0.001
Differential Evolution,117.22638099018796,0.28,0.001
Differential Evolution,121.00933102791217,0.28,0.001
Differential Evolution,124.914358629296,0.28,0.001
Differential Evolution,128.9454032943064,0.28,0.001
Differential Evolution,133.10653165241368,0.28,0.001
Differential Evolution,137.40194156511896,0.28,0.001
Differential Evolution,141.8359663608742,0.28,0.001
Differential Evolution,146.41307920666299,0.28,0.001
Differential Evolution,151.13789762065554,0.28,0.001
Differential Evolution,156.0151881304894,0.3,0.001
Differential Evolution,161.04987108187373,0.3,0.001
Differential Evolution,166.2470256023705,0.3,0.001
Differential Evolution,171.6118947253597,0.3,0.001
Differential Evolution,177.1498906793554,0.3,0.001
Differential Evolution,182.86660034801247,0.3,0.001
Differential Evolution,188.76779090632982,0.3,0.001
Differential Evolution,194.8594156387351,0.3,0.001
Differential Evolution,201.14761994492423,0.3,0.001
Differential Evolution,207.63874753950958,0.3,0.001
Differential Evolution,214.33934685173534,0.3,0.001
Differential Evolution,221.256177631715,0.3,0.001
Differential Evolution,228.39621776985308,0.3,0.001
Differential Evolution,235.76667033633487,0.3,0.001
Differential Evolution,243.37497084778374,0.3,0.001
Differential Evolution,251.22879476841456,0.3,0.001
Differential Evolution,259.33606525325644,0.3,0.001
Differential Evolution,267.70496114124916,0.3,0.001
Differential Evolution,276.3439252062831,0.32,0.001
Differential Evolution,285.26167267450415,0.32,0.001
Differential Evolution,294.46720001647344,0.32,0.001
Differential Evolution,303.9697940230568,0.32,0.001
Differential Evolution,313.7790411741976,0.32,0.001
Differential Evolution,323.9048373100205,0.32,0.001
Differential Evolution,334.35739761403227,0.32,0.001
Differential Evolution,345.1472669184787,0.32,0.001
Differential Evolution,356.28533034226473,0.32,0.001
Differential Evolution,367.78282427216493,0.32,0.001
Differential Evolution,379.6513476983991,0.32,0.001
Differential Evolution,391.9028739160162,0.32,0.001
Differential Evolution,404.5497626038868,0.32,0.001
Differential Evolution,417.60477229348675,0.32,0.001
Differential Evolution,431.0810732400602,0.32,0.001
Differential Evolution,444.9922607091349,0.32,0.001
Differential Evolution,459.35236869180346,0.32,0.001
Differential Evolution,474.17588406260387,0.32,0.001
Differential Evolution,489.4777611942768,0.32,0.001
Differential Evolution,505.27343704415205,0.32,0.001
Differential Evolution,521.5788467273803,0.32,0.001
Differential Evolution,538.4104395927153,0.32,0.001
Differential Evolution,555.7851958170738,0.32,0.001
Differential Evolution,573.7206435356103,0.32,0.001
Differential Evolution,592.2348765245805,0.32,0.001
Differential Evolution,611.3465724548487,0.32,0.001
Differential Evolution,631.0750117344355,0.32,0.001
Differential Evolution,651.4400969591285,0.32,0.001
Differential Evolution,672.4623729907742,0.32,0.001
Differential Evolution,694.1630476834996,0.32,0.001
Differential Evolution,716.5640132787845,0.32,0.001
Differential Evolution,739.687868490963,0.32,0.001
Differential Evolution,763.5579413054273,0.32,0.001
Differential Evolution,788.1983125125514,0.32,0.001
Differential Evolution,813.6338400010532,0.32,0.001
Differential Evolution,839.8901838353238,0.32,0.001
Differential Evolution,866.993832142013,0.32,0.001
Differential Evolution,894.9721278319807,0.32,0.001
Differential Evolution,923.8532961845837,0.32,0.001
Differential Evolution,953.6664733221226,0.32,0.001
Differential Evolution,984.4417356031622,0.32,0.001
Differential Evolution,1016.2101299644022,0.32,0.001
Differential Evolution,1049.0037052416799,0.32,0.001
Differential Evolution,1082.8555445017255,0.32,0.001
Differential Evolution,1117.79979841728,0.32,0.001
Differential Evolution,1153.8717197192325,0.32,0.001
Differential Evolution,1191.107698760554,0.32,0.001
Differential Evolution,1229.5453002278975,0.32,0.001
Differential Evolution,1269.2233010378866,0.32,0.001
Differential Evolution,1310.181729456345,0.32,0.001
Differential Evolution,1352.4619054799252,0.32,0.001
Differential Evolution,1396.1064825208553,0.32,0.001
Differential Evolution,1441.159490436892,0.32,0.001
Differential Evolution,1487.666379949852,0.32,0.001
Differential Evolution,1535.674068497562,0.32,0.001
Differential Evolution,1585.2309875654737,0.32,0.001
Differential Evolution,1636.3871315456786,0.32,0.001
Differential Evolution,1689.1941081726382,0.32,0.001
Differential Evolution,1743.7051905865023,0.32,0.001
Differential Evolution,1799.975371076515,0.32,0.001
Differential Evolution,1858.0614165587729,0.32,0.001
Differential Evolution,1918.0219258442487,0.32,0.001
Differential Evolution,1979.9173887549005,0.32,0.001
Differential Evolution,2043.8102471474845,0.32,0.001
Differential Evolution,2109.7649579066165,0.32,0.001
Differential Evolution,2177.8480579706697,0.32,0.001
Differential Evolution,2248.1282314560844,0.32,0.001
Differential Evolution,2320.6763789477927,0.32,0.001
Differential Evolution,2395.5656890257096,0.32,0.001
Differential Evolution,2472.8717120993824,0.32,0.001
Differential Evolution,2552.672436625342,0.32,0.001
Differential Evolution,2635.0483677840257,0.32,0.001
Differential Evolution,2720.0826086956167,0.32,0.001
Multi-start L-BFGS-B,1.0,0.42,0.001
Multi-start L-BFGS-B,1.032270466816175,0.42,0.001
Multi-start L-BFGS-B,1.065582316660884,0.42,0.001
Multi-start L-BFGS-B,1.099969155450592,0.42,0.001
Multi-start L-BFGS-B,1.1354656735803765,0.42,0.001
Multi-start L-BFGS-B,1.172107680920558,0.42,0.001
Multi-start L-BFGS-B,1.2099321429426886,0.42,0.001
Multi-start L-BFGS-B,1.2489772180113443,0.42,0.001
Multi-start L-BFGS-B,1.289282295879338,0.42,0.001
Multi-start L-BFGS-B,1.3308880374251941,0.42,0.001
Multi-start L-BFGS-B,1.3738364156729683,0.42,0.001
Multi-start L-BFGS-B,1.4181707581357959,0.42,0.001
Multi-start L-BFGS-B,1.4639357905258867,0.42,0.001
Multi-start L-BFGS-B,1.5111776818750635,0.42,0.001
Multi-start L-BFGS-B,1.5599440911113571,0.44,0.001
Multi-start L-BFGS-B,1.6102842151386545,0.44,0.001
Multi-start L-BFGS-B,1.662248838467897,0.44,0.001
Multi-start L-BFGS-B,1.7158903844499007,0.44,0.001
Multi-start L-BFGS-B,1.771262968161485,0.44,0.001
Multi-start L-BFGS-B,1.8284224509982603,0.44,0.001
Multi-start L-BFGS-B,1.887426497029149,0.44,0.001
Multi-start L-BFGS-B,1.9483346311694978,0.44,0.001
Multi-start L-BFGS-B,2.0112082992314577,0.46,0.001
Multi-start L-BFGS-B,2.0761109299122222,0.46,0.001
Multi-start L-BFGS-B,2.143107998782653,0.46,0.001
Multi-start L-BFGS-B,2.2122670943408482,0.46,0.001
Multi-start L-BFGS-B,2.2836579861972903,0.46,0.001
Multi-start L-BFGS-B,2.357352695460363,0.46,0.001
Multi-start L-BFGS-B,2.433425567393238,0.46,0.001
Multi-start L-BFGS-B,2.5119533464154333,0.46,0.001
Multi-start L-BFGS-B,2.5930152535247126,0.46,0.001
Multi-start L-BFGS-B,2.6766930662174175,0.46,0.001
Multi-start L-BFGS-B,2.7630712009878726,0.46,0.001
Multi-start L-BFGS-B,2.8522367984900807,0.46,0.001
Multi-start L-BFGS-B,2.944279811447628,0.46,0.001
Multi-start L-BFGS-B,3.0392930954004833,0.46,0.001
Multi-start L-BFGS-B,3.1373725023802344,0.46,0.001
Multi-start L-BFGS-B,3.238616977608276,0.46,0.001
Multi-start L-BFGS-B,3.3431286593144853,0.46,0.001
Multi-start L-BFGS-B,3.451012981777097,0.46,0.001
Multi-start L-BFGS-B,3.5623787816877246,0.46,0.001
Multi-start L-BFGS-B,3.677338407948824,0.46,0.001
Multi-start L-BFGS-B,3.796007835014383,0.46,0.001
Multi-start L-BFGS-B,3.9185067798881548,0.46,0.001
Multi-start L-BFGS-B,4.044958822897493,0.46,0.001
Multi-start L-BFGS-B,4.1754915323646005,0.46,0.001
Multi-start L-BFGS-B,4.310236593300993,0.46,0.001
Multi-start L-BFGS-B,4.449329940254976,0.46,0.001
Multi-start L-BFGS-B,4.592911894446188,0.46,0.001
Multi-start L-BFGS-B,4.74112730532553,0.46,0.001
Multi-start L-BFGS-B,4.894125696703299,0.46,0.001
Multi-start L-BFGS-B,5.052061417592952,0.46,0.001
Multi-start L-BFGS-B,5.215093797922664,0.46,0.001
Multi-start L-BFGS-B,5.383387309271767,0.46,0.001
Multi-start L-BFGS-B,5.557111730794241,0.46,0.001
Multi-start L-BFGS-B,5.736442320496613,0.46,0.001
Multi-start L-BFGS-B,5.921559992043101,0.46,0.001
Multi-start L-BFGS-B,6.1126514972663175,0.46,0.001
Multi-start L-BFGS-B,6.309909614567694,0.46,0.001
Multi-start L-BFGS-B,6.513533343397664,0.46,0.001
Multi-start L-BFGS-B,6.723728105011829,0.46,0.001
Multi-start L-BFGS-B,6.940705949705596,0.46,0.001
Multi-start L-BFGS-B,7.1646857707364004,0.46,0.001
Multi-start L-BFGS-B,7.39589352514927,0.46,0.001
Multi-start L-BFGS-B,7.634562461728565,0.46,0.001
Multi-start L-BFGS-B,7.880933356305793,0.46,0.001
Multi-start L-BFGS-B,8.135254754660945,0.46,0.001
Multi-start L-BFGS-B,8.397783223262364,0.46,0.001
Multi-start L-BFGS-B,8.668783608098082,0.46,0.001
Multi-start L-BFGS-B,8.948529301859814,0.46,0.001
Multi-start L-BFGS-B,9.23730251974905,0.46,0.001
Multi-start L-BFGS-B,9.535394584183583,0.46,0.001
Multi-start L-BFGS-B,9.843106218691615,0.48,0.001
Multi-start L-BFGS-B,10.16074785128999,0.48,0.001
Multi-start L-BFGS-B,10.488639927652564,0.48,0.001
Multi-start L-BFGS-B,10.827113234384683,0.48,0.001
Multi-start L-BFGS-B,11.176509232729869,0.48,0.001
Multi-start L-BFGS-B,11.537180403045351,0.48,0.001
Multi-start L-BFGS-B,11.909490600394049,0.48,0.001
Multi-start L-BFGS-B,12.293815421611614,0.48,0.001
Multi-start L-BFGS-B,12.690542584218917,0.48,0.001
Multi-start L-BFGS-B,13.100072317562208,0.48,0.001
Multi-start L-BFGS-B,13.522817766575592,0.48,0.001
Multi-start L-BFGS-B,13.95920540857305,0.48,0.001
Multi-start L-BFGS-B,14.409675483490583,0.48,0.001
Multi-start L-BFGS-B,14.874682438012416,0.48,0.001
Multi-start L-BFGS-B,15.354695384029435,0.48,0.001
Multi-start L-BFGS-B,15.850198571892232,0.48,0.001
Multi-start L-BFGS-B,16.361691878936274,0.48,0.001
Multi-start L-BFGS-B,16.889691313771966,0.48,0.001
Multi-start L-BFGS-B,17.43472953684848,0.48,0.001
Multi-start L-BFGS-B,17.997356397816333,0.48,0.001
Multi-start L-BFGS-B,18.57813949023095,0.48,0.001
Multi-start L-BFGS-B,19.177664724156717,0.48,0.001
Multi-start L-BFGS-B,19.796536917249345,0.48,0.001
Multi-start L-BFGS-B,20.43538040491262,0.48,0.001
Multi-start L-BFGS-B,21.094839670145277,0.48,0.001
Multi-start L-BFGS-B,21.77557999371323,0.48,0.001
Multi-start L-BFGS-B,22.478288125303315,0.48,0.001
Multi-start L-BFGS-B,23.203672976335348,0.48,0.001
Multi-start L-BFGS-B,23.952466335131554,0.48,0.001
Multi-start L-BFGS-B,24.725423605164963,0.48,0.001
Multi-start L-BFGS-B,25.523324567131308,0.48,0.001
Multi-start L-BFGS-B,26.346974165613393,0.5,0.001
Multi-start L-BFGS-B,27.19720332113144,0.5,0.001
Multi-start L-BFGS-B,28.074869768398774,0.5,0.001
Multi-start L-BFGS-B,28.980858921628318,0.5,0.001
Multi-start L-BFGS-B,29.91608476776299,0.5,0.001
Multi-start L-BFGS-B,30.88149078853096,0.5,0.001
Multi-start L-BFGS-B,31.87805091225626,0.5,0.001
Multi-start L-BFGS-B,32.90677049638456,0.5,0.001
Multi-start L-BFGS-B,33.96868734171564,0.5,0.001
Multi-start L-BFGS-B,35.0648727393655,0.5,0.001
Multi-start L-BFGS-B,36.19643255151459,0.5,0.001
Multi-start L-BFGS-B,37.364508327032155,0.5,0.001
Multi-start L-BFGS-B,38.57027845310236,0.5,0.001
Multi-start L-BFGS-B,39.81495934401382,0.5,0.001
Multi-start L-BFGS-B,41.099806668312176,0.5,0.001
Multi-start L-BFGS-B,42.42611661555315,0.5,0.001
Multi-start L-BFGS-B,43.79522720393455,0.5,0.001
Multi-start L-BFGS-B,45.20851963012596,0.5,0.001
Multi-start L-BFGS-B,46.66741966265833,0.5,0.001
Multi-start L-BFGS-B,48.17339908027866,0.5,0.001
Multi-start L-BFGS-B,49.72797715672117,0.5,0.001
Multi-start L-BFGS-B,51.33272219339265,0.52,0.001
Multi-start L-BFGS-B,52.98925310151845,0.52,0.001
Multi-start L-BFGS-B,54.6992410353449,0.52,0.001
Multi-start L-BFGS-B,56.46441107804598,0.52,0.001
Multi-start L-BFGS-B,58.28654398203492,0.52,0.001
Multi-start L-BFGS-B,60.167477965436696,0.52,0.001
Multi-start L-BFGS-B,62.10911056653329,0.52,0.001
Multi-start L-BFGS-B,64.11340055805275,0.52,0.001
Multi-start L-BFGS-B,66.18236992323352,0.52,0.001
Multi-start L-BFGS-B,68.31810589565704,0.54,0.001
Multi-start L-BFGS-B,70.5227630649068,0.54,0.001
Multi-start L-BFGS-B,72.79856555017784,0.54,0.001
Multi-start L-BFGS-B,75.14780924402999,0.54,0.001
Multi-start L-BFGS-B,77.5728641285477,0.54,0.001
Multi-start L-BFGS-B,80.0761766662437,0.54,0.001
Multi-start L-BFGS-B,82.66027226811788,0.54,0.001
Multi-start L-BFGS-B,85.32775784136216,0.54,0.001
Multi-start L-BFGS-B,88.08132441928045,0.54,0.001
Multi-start L-BFGS-B,90.92374987607762,0.54,0.001
Multi-start L-BFGS-B,93.85790172925577,0.54,0.001
Multi-start L-BFGS-B,96.88674003244553,0.54,0.001
Multi-start L-BFGS-B,100.01332036158993,0.54,0.001
Multi-start L-BFGS-B,103.24079689749414,0.54,0.001
Multi-start L-BFGS-B,106.57242560785014,0.54,0.001
Multi-start L-BFGS-B,110.01156753194759,0.54,0.001
Multi-start L-BFGS-B,113.56169217138275,0.54,0.001
Multi-start L-BFGS-B,117.22638099018796,0.54,0.001
Multi-start L-BFGS-B,121.00933102791217,0.54,0.001
Multi-start L-BFGS-B,124.914358629296,0.54,0.001
Multi-start L-BFGS-B,128.9454032943064,0.54,0.001
Multi-start L-BFGS-B,133.10653165241368,0.54,0.001
Multi-start L-BFGS-B,137.40194156511896,0.54,0.001
Multi-start L-BFGS-B,141.8359663608742,0.54,0.001
Multi-start L-BFGS-B,146.41307920666299,0.54,0.001
Multi-start L-BFGS-B,151.13789762065554,0.54,0.001
Multi-start L-BFGS-B,156.0151881304894,0.54,0.001
Multi-start L-BFGS-B,161.04987108187373,0.54,0.001
Multi-start L-BFGS-B,166.2470256023705,0.54,0.001
Multi-start L-BFGS-B,171.6118947253597,0.54,0.001
Multi-start L-BFGS-B,177.1498906793554,0.54,0.001
Multi-start L-BFGS-B,182.86660034801247,0.54,0.001
Multi-start L-BFGS-B,188.76779090632982,0.54,0.001
Multi-start L-BFGS-B,194.8594156387351,0.54,0.001
Multi-start L-BFGS-B,201.14761994492423,0.54,0.001
Multi-start L-BFGS-B,207.63874753950958,0.54,0.001
Multi-start L-BFGS-B,214.33934685173534,0.54,0.001
Multi-start L-BFGS-B,221.256177631715,0.54,0.001
Multi-start L-BFGS-B,228.39621776985308,0.54,0.001
Multi-start L-BFGS-B,235.76667033633487,0.54,0.001
Multi-start L-BFGS-B,243.37497084778374,0.54,0.001
Multi-start L-BFGS-B,251.22879476841456,0.54,0.001
Multi-start L-BFGS-B,259.33606525325644,0.54,0.001
Multi-start L-BFGS-B,267.70496114124916,0.54,0.001
Multi-start L-BFGS-B,276.3439252062831,0.54,0.001
Multi-start L-BFGS-B,285.26167267450415,0.54,0.001
Multi-start L-BFGS-B,294.46720001647344,0.54,0.001
Multi-start L-BFGS-B,303.9697940230568,0.54,0.001
Multi-start L-BFGS-B,313.7790411741976,0.54,0.001
Multi-start L-BFGS-B,323.9048373100205,0.54,0.001
Multi-start L-BFGS-B,334.35739761403227,0.54,0.001
Multi-start L-BFGS-B,345.1472669184787,0.54,0.001
Multi-start L-BFGS-B,356.28533034226473,0.54,0.001
Multi-start L-BFGS-B,367.78282427216493,0.54,0.001
Multi-start L-BFGS-B,379.6513476983991,0.54,0.001
Multi-start L-BFGS-B,391.9028739160162,0.54,0.001
Multi-start L-BFGS-B,404.5497626038868,0.54,0.001
Multi-start L-BFGS-B,417.60477229348675,0.54,0.001
Multi-start L-BFGS-B,431.0810732400602,0.54,0.001
Multi-start L-BFGS-B,444.9922607091349,0.54,0.001
Multi-start L-BFGS-B,459.35236869180346,0.54,0.001
Multi-start L-BFGS-B,474.17588406260387,0.54,0.001
Multi-start L-BFGS-B,489.4777611942768,0.54,0.001
Multi-start L-BFGS-B,505.27343704415205,0.54,0.001
Multi-start L-BFGS-B,521.5788467273803,0.54,0.001
Multi-start L-BFGS-B,538.4104395927153,0.54,0.001
Multi-start L-BFGS-B,555.7851958170738,0.54,0.001
Multi-start L-BFGS-B,573.7206435356103,0.54,0.001
Multi-start L-BFGS-B,592.2348765245805,0.54,0.001
Multi-start L-BFGS-B,611.3465724548487,0.54,0.001
Multi-start L-BFGS-B,631.0750117344355,0.54,0.001
Multi-start L-BFGS-B,651.4400969591285,0.54,0.001
Multi-start L-BFGS-B,672.4623729907742,0.54,0.001
Multi-start L-BFGS-B,694.1630476834996,0.54,0.001
Multi-start L-BFGS-B,716.5640132787845,0.54,0.001
Multi-start L-BFGS-B,739.687868490963,0.54,0.001
Multi-start L-BFGS-B,763.5579413054273,0.54,0.001
Multi-start L-BFGS-B,788.1983125125514,0.54,0.001
Multi-start L-BFGS-B,813.6338400010532,0.54,0.001
Multi-start L-BFGS-B,839.8901838353238,0.54,0.001
Multi-start L-BFGS-B,866.993832142013,0.54,0.001
Multi-start L-BFGS-B,894.9721278319807,0.54,0.001
Multi-start L-BFGS-B,923.8532961845837,0.54,0.001
Multi-start L-BFGS-B,953.6664733221226,0.54,0.001
Multi-start L-BFGS-B,984.4417356031622,0.54,0.001
Multi-start L-BFGS-B,1016.2101299644022,0.54,0.001
Multi-start L-BFGS-B,1049.0037052416799,0.54,0.001
Multi-start L-BFGS-B,1082.8555445017255,0.54,0.001
Multi-start L-BFGS-B,1117.79979841728,0.54,0.001
Multi-start L-BFGS-B,1153.8717197192325,0.54,0.001
Multi-start L-BFGS-B,1191.107698760554,0.54,0.001
Multi-start L-BFGS-B,1229.5453002278975,0.54,0.001
Multi-start L-BFGS-B,1269.2233010378866,0.54,0.001
Multi-start L-BFGS-B,1310.181729456345,0.54,0.001
Multi-start L-BFGS-B,1352.4619054799252,0.54,0.001
Multi-start L-BFGS-B,1396.1064825208553,0.54,0.001
Multi-start L-BFGS-B,1441.159490436892,0.54,0.001
Multi-start L-BFGS-B,1487.666379949852,0.54,0.001
Multi-start L-BFGS-B,1535.674068497562,0.54,0.001
Multi-start L-BFGS-B,1585.2309875654737,0.54,0.001
Multi-start L-BFGS-B,1636.3871315456786,0.54,0.001
Multi-start L-BFGS-B,1689.1941081726382,0.54,0.001
Multi-start L-BFGS-B,1743.7051905865023,0.54,0.001
Multi-start L-BFGS-B,1799.975371076515,0.54,0.001
Multi-start L-BFGS-B,1858.0614165587729,0.54,0.001
Multi-start L-BFGS-B,1918.0219258442487,0.54,0.001
Multi-start L-BFGS-B,1979.9173887549005,0.54,0.001
Multi-start L-BFGS-B,2043.8102471474845,0.54,0.001
Multi-start L-BFGS-B,2109.7649579066165,0.54,0.001
Multi-start L-BFGS-B,2177.8480579706697,0.54,0.001
Multi-start L-BFGS-B,2248.1282314560844,0.54,0.001
Multi-start L-BFGS-B,2320.6763789477927,0.54,0.001
Multi-start L-BFGS-B,2395.5656890257096,0.54,0.001
Multi-start L-BFGS-B,2472.8717120993824,0.54,0.001
Multi-start L-BFGS-B,2552.672436625342,0.54,0.001
Multi-start L-BFGS-B,2635.0483677840257,0.54,0.001
Multi-start L-BFGS-B,2720.0826086956167,0.54,0.001
Latin Hypercube Sampling,1.0,0.0,0.001
Latin Hypercube Sampling,1.032270466816175,0.0,0.001
Latin Hypercube Sampling,1.065582316660884,0.0,0.001
Latin Hypercube Sampling,1.099969155450592,0.0,0.001
Latin Hypercube Sampling,1.1354656735803765,0.0,0.001
Latin Hypercube Sampling,1.172107680920558,0.0,0.001
Latin Hypercube Sampling,1.2099321429426886,0.0,0.001
Latin Hypercube Sampling,1.2489772180113443,0.0,0.001
Latin Hypercube Sampling,1.289282295879338,0.0,0.001
Latin Hypercube Sampling,1.3308880374251941,0.0,0.001
Latin Hypercube Sampling,1.3738364156729683,0.0,0.001
Latin Hypercube Sampling,1.4181707581357959,0.0,0.001
Latin Hypercube Sampling,1.4639357905258867,0.0,0.001
Latin Hypercube Sampling,1.5111776818750635,0.0,0.001
Latin Hypercube Sampling,1.5599440911113571,0.0,0.001
Latin Hypercube Sampling,1.6102842151386545,0.0,0.001
Latin Hypercube Sampling,1.662248838467897,0.0,0.001
Latin Hypercube Sampling,1.7158903844499007,0.0,0.001
Latin Hypercube Sampling,1.771262968161485,0.0,0.001
Latin Hypercube Sampling,1.8284224509982603,0.0,0.001
Latin Hypercube Sampling,1.887426497029149,0.0,0.001
Latin Hypercube Sampling,1.9483346311694978,0.0,0.001
Latin Hypercube Sampling,2.0112082992314577,0.0,0.001
Latin Hypercube Sampling,2.0761109299122222,0.0,0.001
Latin Hypercube Sampling,2.143107998782653,0.0,0.001
Latin Hypercube Sampling,2.2122670943408482,0.0,0.001
Latin Hypercube Sampling,2.2836579861972903,0.0,0.001
Latin Hypercube Sampling,2.357352695460363,0.0,0.001
Latin Hypercube Sampling,2.433425567393238,0.0,0.001
Latin Hypercube Sampling,2.5119533464154333,0.0,0.001
Latin Hypercube Sampling,2.5930152535247126,0.0,0.001
Latin Hypercube Sampling,2.6766930662174175,0.0,0.001
Latin Hypercube Sampling,2.7630712009878726,0.0,0.001
Latin Hypercube Sampling,2.8522367984900807,0.0,0.001
Latin Hypercube Sampling,2.944279811447628,0.0,0.001
Latin Hypercube Sampling,3.0392930954004833,0.0,0.001
Latin Hypercube Sampling,3.1373725023802344,0.0,0.001
Latin Hypercube Sampling,3.238616977608276,0.0,0.001
Latin Hypercube Sampling,3.3431286593144853,0.0,0.001
Latin Hypercube Sampling,3.451012981777097,0.0,0.001
Latin Hypercube Sampling,3.5623787816877246,0.0,0.001
Latin Hypercube Sampling,3.677338407948824,0.0,0.001
Latin Hypercube Sampling,3.796007835014383,0.0,0.001
Latin Hypercube Sampling,3.9185067798881548,0.0,0.001
Latin Hypercube Sampling,4.044958822897493,0.0,0.001
Latin Hypercube Sampling,4.1754915323646005,0.0,0.001
Latin Hypercube Sampling,4.310236593300993,0.0,0.001
Latin Hypercube Sampling,4.449329940254976,0.0,0.001
Latin Hypercube Sampling,4.592911894446188,0.0,0.001
Latin Hypercube Sampling,4.74112730532553,0.0,0.001
Latin Hypercube Sampling,4.894125696703299,0.0,0.001
Latin Hypercube Sampling,5.052061417592952,0.0,0.001
Latin Hypercube Sampling,5.215093797922664,0.0,0.001
Latin Hypercube Sampling,5.383387309271767,0.0,0.001
Latin Hypercube Sampling,5.557111730794241,0.0,0.001
Latin Hypercube Sampling,5.736442320496613,0.0,0.001
Latin Hypercube Sampling,5.921559992043101,0.0,0.001
Latin Hypercube Sampling,6.1126514972663175,0.02,0.001
Latin Hypercube Sampling,6.309909614567694,0.02,0.001
Latin Hypercube Sampling,6.513533343397664,0.02,0.001
Latin Hypercube Sampling,6.723728105011829,0.02,0.001
Latin Hypercube Sampling,6.940705949705596,0.02,0.001
Latin Hypercube Sampling,7.1646857707364004,0.02,0.001
Latin Hypercube Sampling,7.39589352514927,0.02,0.001
Latin Hypercube Sampling,7.634562461728565,0.02,0.001
Latin Hypercube Sampling,7.880933356305793,0.02,0.001
Latin Hypercube Sampling,8.135254754660945,0.02,0.001
Latin Hypercube Sampling,8.397783223262364,0.02,0.001
Latin Hypercube Sampling,8.668783608098082,0.02,0.001
Latin Hypercube Sampling,8.948529301859814,0.02,0.001
Latin Hypercube Sampling,9.23730251974905,0.02,0.001
Latin Hypercube Sampling,9.535394584183583,0.02,0.001
Latin Hypercube Sampling,9.843106218691615,0.02,0.001
Latin Hypercube Sampling,10.16074785128999,0.02,0.001
Latin Hypercube Sampling,10.488639927652564,0.02,0.001
Latin Hypercube Sampling,10.827113234384683,0.02,0.001
Latin Hypercube Sampling,11.176509232729869,0.02,0.001
Latin Hypercube Sampling,11.537180403045351,0.02,0.001
Latin Hypercube Sampling,11.909490600394049,0.02,0.001
Latin Hypercube Sampling,12.293815421611614,0.02,0.001
Latin Hypercube Sampling,12.690542584218917,0.02,0.001
Latin Hypercube Sampling,13.100072317562208,0.02,0.001
Latin Hypercube Sampling,13.522817766575592,0.02,0.001
Latin Hypercube Sampling,13.95920540857305,0.02,0.001
Latin Hypercube Sampling,14.409675483490583,0.02,0.001
Latin Hypercube Sampling,14.874682438012416,0.02,0.001
Latin Hypercube Sampling,15.354695384029435,0.02,0.001
Latin Hypercube Sampling,15.850198571892232,0.04,0.001
Latin Hypercube Sampling,16.361691878936274,0.04,0.001
Latin Hypercube Sampling,16.889691313771966,0.04,0.001
Latin Hypercube Sampling,17.43472953684848,0.04,0.001
Latin Hypercube Sampling,17.997356397816333,0.04,0.001
Latin Hypercube Sampling,18.57813949023095,0.04,0.001
Latin Hypercube Sampling,19.177664724156717,0.04,0.001
Latin Hypercube Sampling,19.796536917249345,0.04,0.001
Latin Hypercube Sampling,20.43538040491262,0.04,0.001
Latin Hypercube Sampling,21.094839670145277,0.04,0.001
Latin Hypercube Sampling,21.77557999371323,0.04,0.001
Latin Hypercube Sampling,22.478288125303315,0.04,0.001
Latin Hypercube Sampling,23.203672976335348,0.04,0.001
Latin Hypercube Sampling,23.952466335131554,0.04,0.001
Latin Hypercube Sampling,24.725423605164963,0.04,0.001
Latin Hypercube Sampling,25.523324567131308,0.04,0.001
Latin Hypercube Sampling,26.346974165613393,0.04,0.001
Latin Hypercube Sampling,27.19720332113144,0.04,0.001
Latin Hypercube Sampling,28.074869768398774,0.04,0.001
Latin Hypercube Sampling,28.980858921628318,0.04,0.001
Latin Hypercube Sampling,29.91608476776299,0.04,0.001
Latin Hypercube Sampling,30.88149078853096,0.04,0.001
Latin Hypercube Sampling,31.87805091225626,0.04,0.001
Latin Hypercube Sampling,32.90677049638456,0.04,0.001
Latin Hypercube Sampling,33.96868734171564,0.04,0.001
Latin Hypercube Sampling,35.0648727393655,0.08,0.001
Latin Hypercube Sampling,36.19643255151459,0.08,0.001
Latin Hypercube Sampling,37.364508327032155,0.08,0.001
Latin Hypercube Sampling,38.57027845310236,0.08,0.001
Latin Hypercube Sampling,39.81495934401382,0.08,0.001
Latin Hypercube Sampling,41.099806668312176,0.08,0.001
Latin Hypercube Sampling,42.42611661555315,0.08,0.001
Latin Hypercube Sampling,43.79522720393455,0.08,0.001
Latin Hypercube Sampling,45.20851963012596,0.08,0.001
Latin Hypercube Sampling,46.66741966265833,0.08,0.001
Latin Hypercube Sampling,48.17339908027866,0.08,0.001
Latin Hypercube Sampling,49.72797715672117,0.08,0.001
Latin Hypercube Sampling,51.33272219339265,0.08,0.001
Latin Hypercube Sampling,52.98925310151845,0.1,0.001
Latin Hypercube Sampling,54.6992410353449,0.1,0.001
Latin Hypercube Sampling,56.46441107804598,0.1,0.001
Latin Hypercube Sampling,58.28654398203492,0.1,0.001
Latin Hypercube Sampling,60.167477965436696,0.1,0.001
Latin Hypercube Sampling,62.10911056653329,0.1,0.001
Latin Hypercube Sampling,64.11340055805275,0.1,0.001
Latin Hypercube Sampling,66.18236992323352,0.1,0.001
Latin Hypercube Sampling,68.31810589565704,0.1,0.001
Latin Hypercube Sampling,70.5227630649068,0.1,0.001
Latin Hypercube Sampling,72.79856555017784,0.1,0.001
Latin Hypercube Sampling,75.14780924402999,0.12,0.001
Latin Hypercube Sampling,77.5728641285477,0.12,0.001
Latin Hypercube Sampling,80.0761766662437,0.12,0.001
Latin Hypercube Sampling,82.66027226811788,0.12,0.001
Latin Hypercube Sampling,85.32775784136216,0.12,0.001
Latin Hypercube Sampling,88.08132441928045,0.12,0.001
Latin Hypercube Sampling,90.92374987607762,0.14,0.001
Latin Hypercube Sampling,93.85790172925577,0.14,0.001
Latin Hypercube Sampling,96.88674003244553,0.14,0.001
Latin Hypercube Sampling,100.01332036158993,0.16,0.001
Latin Hypercube Sampling,103.24079689749414,0.16,0.001
Latin Hypercube Sampling,106.57242560785014,0.16,0.001
Latin Hypercube Sampling,110.01156753194759,0.16,0.001
Latin Hypercube Sampling,113.56169217138275,0.16,0.001
Latin Hypercube Sampling,117.22638099018796,0.16,0.001
Latin Hypercube Sampling,121.00933102791217,0.16,0.001
Latin Hypercube Sampling,124.914358629296,0.16,0.001
Latin Hypercube Sampling,128.9454032943064,0.16,0.001
Latin Hypercube Sampling,133.10653165241368,0.16,0.001
Latin Hypercube Sampling,137.40194156511896,0.16,0.001
Latin Hypercube Sampling,141.8359663608742,0.16,0.001
Latin Hypercube Sampling,146.41307920666299,0.16,0.001
Latin Hypercube Sampling,151.13789762065554,0.18,0.001
Latin Hypercube Sampling,156.0151881304894,0.18,0.001
Latin Hypercube Sampling,161.04987108187373,0.18,0.001
Latin Hypercube Sampling,166.2470256023705,0.18,0.001
Latin Hypercube Sampling,171.6118947253597,0.2,0.001
Latin Hypercube Sampling,177.1498906793554,0.2,0.001
Latin Hypercube Sampling,182.86660034801247,0.2,0.001
Latin Hypercube Sampling,188.76779090632982,0.2,0.001
Latin Hypercube Sampling,194.8594156387351,0.2,0.001
Latin Hypercube Sampling,201.14761994492423,0.2,0.001
Latin Hypercube Sampling,207.63874753950958,0.2,0.001
Latin Hypercube Sampling,214.33934685173534,0.2,0.001
Latin Hypercube Sampling,221.256177631715,0.2,0.001
Latin Hypercube Sampling,228.39621776985308,0.2,0.001
Latin Hypercube Sampling,235.76667033633487,0.2,0.001
Latin Hypercube Sampling,243.37497084778374,0.2,0.001
Latin Hypercube Sampling,251.22879476841456,0.2,0.001
Latin Hypercube Sampling,259.33606525325644,0.2,0.001
Latin Hypercube Sampling,267.70496114124916,0.2,0.001
Latin Hypercube Sampling,276.3439252062831,0.2,0.001
Latin Hypercube Sampling,285.26167267450415,0.2,0.001
Latin Hypercube Sampling,294.46720001647344,0.2,0.001
Latin Hypercube Sampling,303.9697940230568,0.2,0.001
Latin Hypercube Sampling,313.7790411741976,0.2,0.001
Latin Hypercube Sampling,323.9048373100205,0.2,0.001
Latin Hypercube Sampling,334.35739761403227,0.2,0.001
Latin Hypercube Sampling,345.1472669184787,0.2,0.001
Latin Hypercube Sampling,356.28533034226473,0.2,0.001
Latin Hypercube Sampling,367.78282427216493,0.2,0.001
Latin Hypercube Sampling,379.6513476983991,0.2,0.001
Latin Hypercube Sampling,391.9028739160162,0.2,0.001
Latin Hypercube Sampling,404.5497626038868,0.2,0.001
Latin Hypercube Sampling,417.60477229348675,0.2,0.001
Latin Hypercube Sampling,431.0810732400602,0.2,0.001
Latin Hypercube Sampling,444.9922607091349,0.2,0.001
Latin Hypercube Sampling,459.35236869180346,0.2,0.001
Latin Hypercube Sampling,474.17588406260387,0.2,0.001
Latin Hypercube Sampling,489.4777611942768,0.2,0.001
Latin Hypercube Sampling,505.27343704415205,0.22,0.001
Latin Hypercube Sampling,521.5788467273803,0.22,0.001
Latin Hypercube Sampling,538.4104395927153,0.24,0.001
Latin Hypercube Sampling,555.7851958170738,0.24,0.001
Latin Hypercube Sampling,573.7206435356103,0.24,0.001
Latin Hypercube Sampling,592.2348765245805,0.24,0.001
Latin Hypercube Sampling,611.3465724548487,0.24,0.001
Latin Hypercube Sampling,631.0750117344355,0.24,0.001
Latin Hypercube Sampling,651.4400969591285,0.24,0.001
Latin Hypercube Sampling,672.4623729907742,0.24,0.001
Latin Hypercube Sampling,694.1630476834996,0.24,0.001
Latin Hypercube Sampling,716.5640132787845,0.24,0.001
Latin Hypercube Sampling,739.687868490963,0.24,0.001
Latin Hypercube Sampling,763.5579413054273,0.24,0.001
Latin Hypercube Sampling,788.1983125125514,0.24,0.001
Latin Hypercube Sampling,813.6338400010532,0.24,0.001
Latin Hypercube Sampling,839.8901838353238,0.24,0.001
Latin Hypercube Sampling,866.993832142013,0.24,0.001
Latin Hypercube Sampling,894.9721278319807,0.24,0.001
Latin Hypercube Sampling,923.8532961845837,0.24,0.001
Latin Hypercube Sampling,953.6664733221226,0.24,0.001
Latin Hypercube Sampling,984.4417356031622,0.24,0.001
Latin Hypercube Sampling,1016.2101299644022,0.24,0.001
Latin Hypercube Sampling,1049.0037052416799,0.24,0.001
Latin Hypercube Sampling,1082.8555445017255,0.24,0.001
Latin Hypercube Sampling,1117.79979841728,0.24,0.001
Latin Hypercube Sampling,1153.8717197192325,0.24,0.001
Latin Hypercube Sampling,1191.107698760554,0.24,0.001
Latin Hypercube Sampling,1229.5453002278975,0.24,0.001
Latin Hypercube Sampling,1269.2233010378866,0.24,0.001
Latin Hypercube Sampling,1310.181729456345,0.24,0.001
Latin Hypercube Sampling,1352.4619054799252,0.24,0.001
Latin Hypercube Sampling,1396.1064825208553,0.24,0.001
Latin Hypercube Sampling,1441.159490436892,0.24,0.001
Latin Hypercube Sampling,1487.666379949852,0.24,0.001
Latin Hypercube Sampling,1535.674068497562,0.24,0.001
Latin Hypercube Sampling,1585.2309875654737,0.24,0.001
Latin Hypercube Sampling,1636.3871315456786,0.24,0.001
Latin Hypercube Sampling,1689.1941081726382,0.24,0.001
Latin Hypercube Sampling,1743.7051905865023,0.24,0.001
Latin Hypercube Sampling,1799.975371076515,0.24,0.001
Latin Hypercube Sampling,1858.0614165587729,0.24,0.001
Latin Hypercube Sampling,1918.0219258442487,0.24,0.001
Latin Hypercube Sampling,1979.9173887549005,0.24,0.001
Latin Hypercube Sampling,2043.8102471474845,0.24,0.001
Latin Hypercube Sampling,2109.7649579066165,0.24,0.001
Latin Hypercube Sampling,2177.8480579706697,0.24,0.001
Latin Hypercube Sampling,2248.1282314560844,0.24,0.001
Latin Hypercube Sampling,2320.6763789477927,0.24,0.001
Latin Hypercube Sampling,2395.5656890257096,0.24,0.001
Latin Hypercube Sampling,2472.8717120993824,0.24,0.001
Latin Hypercube Sampling,2552.672436625342,0.24,0.001
Latin Hypercube Sampling,2635.0483677840257,0.24,0.001
Latin Hypercube Sampling,2720.0826086956167,0.24,0.001
Random Search,1.0,0.08,0.001
Random Search,1.032270466816175,0.08,0.001
Random Search,1.065582316660884,0.08,0.001
Random Search,1.099969155450592,0.08,0.001
Random Search,1.1354656735803765,0.08,0.001
Random Search,1.172107680920558,0.08,0.001
Random Search,1.2099321429426886,0.08,0.001
Random Search,1.2489772180113443,0.08,0.001
Random Search,1.289282295879338,0.08,0.001
Random Search,1.3308880374251941,0.08,0.001
Random Search,1.3738364156729683,0.08,0.001
Random Search,1.4181707581357959,0.08,0.001
Random Search,1.4639357905258867,0.08,0.001
Random Search,1.5111776818750635,0.08,0.001
Random Search,1.5599440911113571,0.08,0.001
Random Search,1.6102842151386545,0.08,0.001
Random Search,1.662248838467897,0.08,0.001
Random Search,1.7158903844499007,0.08,0.001
Random Search,1.771262968161485,0.08,0.001
Random Search,1.8284224509982603,0.08,0.001
Random Search,1.887426497029149,0.08,0.001
Random Search,1.9483346311694978,0.08,0.001
Random Search,2.0112082992314577,0.08,0.001
Random Search,2.0761109299122222,0.08,0.001
Random Search,2.143107998782653,0.08,0.001
Random Search,2.2122670943408482,0.08,0.001
Random Search,2.2836579861972903,0.08,0.001
Random Search,2.357352695460363,0.08,0.001
Random Search,2.433425567393238,0.08,0.001
Random Search,2.5119533464154333,0.08,0.001
Random Search,2.5930152535247126,0.08,0.001
Random Search,2.6766930662174175,0.08,0.001
Random Search,2.7630712009878726,0.08,0.001
Random Search,2.8522367984900807,0.08,0.001
Random Search,2.944279811447628,0.08,0.001
Random Search,3.0392930954004833,0.08,0.001
Random Search,3.1373725023802344,0.08,0.001
Random Search,3.238616977608276,0.08,0.001
Random Search,3.3431286593144853,0.08,0.001
Random Search,3.451012981777097,0.08,0.001
Random Search,3.5623787816877246,0.08,0.001
Random Search,3.677338407948824,0.08,0.001
Random Search,3.796007835014383,0.08,0.001
Random Search,3.9185067798881548,0.08,0.001
Random Search,4.044958822897493,0.08,0.001
Random Search,4.1754915323646005,0.08,0.001
Random Search,4.310236593300993,0.08,0.001
Random Search,4.449329940254976,0.08,0.001
Random Search,4.592911894446188,0.08,0.001
Random Search,4.74112730532553,0.08,0.001
Random Search,4.894125696703299,0.08,0.001
Random Search,5.052061417592952,0.08,0.001
Random Search,5.215093797922664,0.08,0.001
Random Search,5.383387309271767,0.08,0.001
Random Search,5.557111730794241,0.08,0.001
Random Search,5.736442320496613,0.08,0.001
Random Search,5.921559992043101,0.08,0.001
Random Search,6.1126514972663175,0.08,0.001
Random Search,6.309909614567694,0.08,0.001
Random Search,6.513533343397664,0.08,0.001
Random Search,6.723728105011829,0.08,0.001
Random Search,6.940705949705596,0.08,0.001
Random Search,7.1646857707364004,0.08,0.001
Random Search,7.39589352514927,0.08,0.001
Random Search,7.634562461728565,0.08,0.001
Random Search,7.880933356305793,0.1,0.001
Random Search,8.135254754660945,0.1,0.001
Random Search,8.397783223262364,0.1,0.001
Random Search,8.668783608098082,0.1,0.001
Random Search,8.948529301859814,0.1,0.001
Random Search,9.23730251974905,0.1,0.001
Random Search,9.535394584183583,0.1,0.001
Random Search,9.843106218691615,0.1,0.001
Random Search,10.16074785128999,0.1,0.001
Random Search,10.488639927652564,0.1,0.001
Random Search,10.827113234384683,0.1,0.001
Random Search,11.176509232729869,0.1,0.001
Random Search,11.537180403045351,0.1,0.001
Random Search,11.909490600394049,0.1,0.001
Random Search,12.293815421611614,0.1,0.001
Random Search,12.690542584218917,0.1,0.001
Random Search,13.100072317562208,0.1,0.001
Random Search,13.522817766575592,0.1,0.001
Random Search,13.95920540857305,0.1,0.001
Random Search,14.409675483490583,0.1,0.001
Random Search,14.874682438012416,0.1,0.001
Random Search,15.354695384029435,0.1,0.001
Random Search,15.850198571892232,0.1,0.001
Random Search,16.361691878936274,0.1,0.001
Random Search,16.889691313771966,0.1,0.001
Random Search,17.43472953684848,0.1,0.001
Random Search,17.997356397816333,0.1,0.001
Random Search,18.57813949023095,0.1,0.001
Random Search,19.177664724156717,0.1,0.001
Random Search,19.796536917249345,0.1,0.001
Random Search,20.43538040491262,0.1,0.001
Random Search,21.094839670145277,0.1,0.001
Random Search,21.77557999371323,0.1,0.001
Random Search,22.478288125303315,0.1,0.001
Random Search,23.203672976335348,0.1,0.001
Random Search,23.952466335131554,0.1,0.001
Random Search,24.725423605164963,0.1,0.001
Random Search,25.523324567131308,0.1,0.001
Random Search,26.346974165613393,0.1,0.001
Random Search,27.19720332113144,0.1,0.001
Random Search,28.074869768398774,0.1,0.001
Random Search,28.980858921628318,0.1,0.001
Random Search,29.91608476776299,0.12,0.001
Random Search,30.88149078853096,0.12,0.001
Random Search,31.87805091225626,0.12,0.001
Random Search,32.90677049638456,0.14,0.001
Random Search,33.96868734171564,0.16,0.001
Random Search,35.0648727393655,0.16,0.001
Random Search,36.19643255151459,0.16,0.001
Random Search,37.364508327032155,0.16,0.001
Random Search,38.57027845310236,0.16,0.001
Random Search,39.81495934401382,0.16,0.001
Random Search,41.099806668312176,0.18,0.001
Random Search,42.42611661555315,0.18,0.001
Random Search,43.79522720393455,0.18,0.001
Random Search,45.20851963012596,0.18,0.001
Random Search,46.66741966265833,0.18,0.001
Random Search,48.17339908027866,0.18,0.001
Random Search,49.72797715672117,0.18,0.001
Random Search,51.33272219339265,0.18,0.001
Random Search,52.98925310151845,0.18,0.001
Random Search,54.6992410353449,0.18,0.001
Random Search,56.46441107804598,0.18,0.001
Random Search,58.28654398203492,0.18,0.001
Random Search,60.167477965436696,0.18,0.001
Random Search,62.10911056653329,0.18,0.001
Random Search,64.11340055805275,0.18,0.001
Random Search,66.18236992323352,0.2,0.001
Random Search,68.31810589565704,0.2,0.001
Random Search,70.5227630649068,0.22,0.001
Random Search,72.79856555017784,0.22,0.001
Random Search,75.14780924402999,0.22,0.001
Random Search,77.5728641285477,0.22,0.001
Random Search,80.0761766662437,0.22,0.001
Random Search,82.66027226811788,0.22,0.001
Random Search,85.32775784136216,0.22,0.001
Random Search,88.08132441928045,0.22,0.001
Random Search,90.92374987607762,0.22,0.001
Random Search,93.85790172925577,0.22,0.001
Random Search,96.88674003244553,0.22,0.001
Random Search,100.01332036158993,0.22,0.001
Random Search,103.24079689749414,0.22,0.001
Random Search,106.57242560785014,0.22,0.001
Random Search,110.01156753194759,0.22,0.001
Random Search,113.56169217138275,0.22,0.001
Random Search,117.22638099018796,0.22,0.001
Random Search,121.00933102791217,0.22,0.001
Random Search,124.914358629296,0.22,0.001
Random Search,128.9454032943064,0.22,0.001
Random Search,133.10653165241368,0.22,0.001
Random Search,137.40194156511896,0.22,0.001
Random Search,141.8359663608742,0.22,0.001
Random Search,146.41307920666299,0.22,0.001
Random Search,151.13789762065554,0.22,0.001
Random Search,156.0151881304894,0.22,0.001
Random Search,161.04987108187373,0.22,0.001
Random Search,166.2470256023705,0.22,0.001
Random Search,171.6118947253597,0.22,0.001
Random Search,177.1498906793554,0.22,0.001
Random Search,182.86660034801247,0.22,0.001
Random Search,188.76779090632982,0.22,0.001
Random Search,194.8594156387351,0.22,0.001
Random Search,201.14761994492423,0.22,0.001
Random Search,207.63874753950958,0.22,0.001
Random Search,214.33934685173534,0.22,0.001
Random Search,221.256177631715,0.22,0.001
Random Search,228.39621776985308,0.22,0.001
Random Search,235.76667033633487,0.22,0.001
Random Search,243.37497084778374,0.22,0.001
Random Search,251.22879476841456,0.22,0.001
Random Search,259.33606525325644,0.22,0.001
Random Search,267.70496114124916,0.22,0.001
Random Search,276.3439252062831,0.22,0.001
Random Search,285.26167267450415,0.22,0.001
Random Search,294.46720001647344,0.24,0.001
Random Search,303.9697940230568,0.24,0.001
Random Search,313.7790411741976,0.24,0.001
Random Search,323.9048373100205,0.24,0.001
Random Search,334.35739761403227,0.24,0.001
Random Search,345.1472669184787,0.24,0.001
Random Search,356.28533034226473,0.24,0.001
Random Search,367.78282427216493,0.24,0.001
Random Search,379.6513476983991,0.24,0.001
Random Search,391.9028739160162,0.24,0.001
Random Search,404.5497626038868,0.24,0.001
Random Search,417.60477229348675,0.24,0.001
Random Search,431.0810732400602,0.24,0.001
Random Search,444.9922607091349,0.24,0.001
Random Search,459.35236869180346,0.24,0.001
Random Search,474.17588406260387,0.24,0.001
Random Search,489.4777611942768,0.24,0.001
Random Search,505.27343704415205,0.24,0.001
Random Search,521.5788467273803,0.24,0.001
Random Search,538.4104395927153,0.26,0.001
Random Search,555.7851958170738,0.26,0.001
Random Search,573.7206435356103,0.26,0.001
Random Search,592.2348765245805,0.26,0.001
Random Search,611.3465724548487,0.26,0.001
Random Search,631.0750117344355,0.26,0.001
Random Search,651.4400969591285,0.28,0.001
Random Search,672.4623729907742,0.28,0.001
Random Search,694.1630476834996,0.28,0.001
Random Search,716.5640132787845,0.28,0.001
Random Search,739.687868490963,0.28,0.001
Random Search,763.5579413054273,0.28,0.001
Random Search,788.1983125125514,0.28,0.001
Random Search,813.6338400010532,0.28,0.001
Random Search,839.8901838353238,0.28,0.001
Random Search,866.993832142013,0.28,0.001
Random Search,894.9721278319807,0.28,0.001
Random Search,923.8532961845837,0.28,0.001
Random Search,953.6664733221226,0.28,0.001
Random Search,984.4417356031622,0.28,0.001
Random Search,1016.2101299644022,0.28,0.001
Random Search,1049.0037052416799,0.28,0.001
Random Search,1082.8555445017255,0.28,0.001
Random Search,1117.79979841728,0.28,0.001
Random Search,1153.8717197192325,0.28,0.001
Random Search,1191.107698760554,0.28,0.001
Random Search,1229.5453002278975,0.28,0.001
Random Search,1269.2233010378866,0.28,0.001
Random Search,1310.181729456345,0.28,0.001
Random Search,1352.4619054799252,0.28,0.001
Random Search,1396.1064825208553,0.28,0.001
Random Search,1441.159490436892,0.28,0.001
Random Search,1487.666379949852,0.28,0.001
Random Search,1535.674068497562,0.28,0.001
Random Search,1585.2309875654737,0.28,0.001
Random Search,1636.3871315456786,0.28,0.001
Random Search,1689.1941081726382,0.28,0.001
Random Search,1743.7051905865023,0.28,0.001
Random Search,1799.975371076515,0.28,0.001
Random Search,1858.0614165587729,0.28,0.001
Random Search,1918.0219258442487,0.28,0.001
Random Search,1979.9173887549005,0.28,0.001
Random Search,2043.8102471474845,0.28,0.001
Random Search,2109.7649579066165,0.28,0.001
Random Search,2177.8480579706697,0.28,0.001
Random Search,2248.1282314560844,0.28,0.001
Random Search,2320.6763789477927,0.28,0.001
Random Search,2395.5656890257096,0.28,0.001
Random Search,2472.8717120993824,0.28,0.001
Random Search,2552.672436625342,0.28,0.001
Random Search,2635.0483677840257,0.28,0.001
Random Search,2720.0826086956167,0.28,0.001
