instance_id,algorithm,dimension_group,objective_type,median_normalized_residual,mean_normalized_residual,median_log10_residual,q25_normalized_residual,q75_normalized_residual,median_fbest,mean_fbest,median_budget_ratio,median_wall_time_seconds,success_rate_1e_1,success_rate_1e_3,success_rate_1e_5,final_value_rank,final_value_win
BQPGABIM,BIPOP-CMA-ES,medium_21_100,quadratic,5.628310701750377,8.945819525171594,0.7503380642520316,3.928876655036184,11.837124279381868,0.16346173638821293,0.24527530505759423,1.0,0.12690431246301154,0.0,0.0,0.0,3.0,False
BQPGABIM,BasinGraph,medium_21_100,quadratic,0.0,0.0,-16.0,0.0,0.0,0.0246611457644927,0.0246611457644927,1.0,0.0181750830088276,1.0,1.0,1.0,1.0,True
BQPGABIM,CMA-ES,medium_21_100,quadratic,3.649001473194373,4.346057440966748,0.5621415267683852,2.2664098358819835,4.582825023743686,0.11464970298978774,0.1318399018170318,1.0,0.11527629199554205,0.0,0.0,0.0,2.0,False
BQPGABIM,Differential Evolution,medium_21_100,quadratic,444.92328148190734,442.1833781600516,2.6482851296794108,408.7172849482693,473.3527837653023,10.996979044406226,10.92940988920532,1.0,0.02525316653191105,0.0,0.0,0.0,5.0,False
BQPGABIM,Latin Hypercube Sampling,medium_21_100,quadratic,467.55509665177226,455.45644018513053,2.669832698000854,437.78351112009096,488.1618037772819,11.55510553722532,11.256738806546945,1.0,0.00691589550115165,0.0,0.0,0.0,6.0,False
BQPGABIM,Multi-start L-BFGS-B,medium_21_100,quadratic,6.677916327214601,6.6774881760103835,0.8246409731405381,6.677916327214601,6.677916327214601,0.1893462137130177,0.18933565501376126,1.0,0.015796916501130902,0.0,0.0,0.0,4.0,False
BQPGABIM,Random Search,medium_21_100,quadratic,471.92322300643883,444.4548875527848,2.673869559221118,424.34415496023803,474.49363097183993,11.662828537975475,10.985427913444932,1.0,0.0080282079870812,0.0,0.0,0.0,7.0,False
BQPGASIM,BIPOP-CMA-ES,medium_21_100,quadratic,7.35852680770885,9.713289977972684,0.8667833727244296,4.70781844054875,12.98364472419053,0.2163356688302216,0.27728172751917324,1.0,0.1436513125081546,0.0,0.0,0.0,4.0,False
BQPGASIM,BasinGraph,medium_21_100,quadratic,0.0,0.0,-16.0,0.0,0.0,0.0258820332586241,0.0258820332586241,1.0,0.01935629150830205,1.0,1.0,1.0,1.0,True
BQPGASIM,CMA-ES,medium_21_100,quadratic,2.897642861366359,3.6726719603554208,0.46204314712530137,2.122773879637856,3.8733923621469666,0.1008789221681229,0.12093825108455927,1.0,0.1334265414916444,0.0,0.0,0.0,2.0,False
BQPGASIM,Differential Evolution,medium_21_100,quadratic,479.95418839881665,483.26039522694896,2.6811958429900256,448.48369795276506,508.86724601954,12.448072300012733,12.533643655098343,1.0,0.0267821039888076,0.0,0.0,0.0,5.0,False
BQPGASIM,Latin Hypercube Sampling,medium_21_100,quadratic,504.70474002255526,502.5818080955545,2.703037236708119,480.17130546937176,525.3602478612609,13.08866690030763,13.033721105567201,1.0,0.0076337909849826,0.0,0.0,0.0,6.0,False
BQPGASIM,Multi-start L-BFGS-B,medium_21_100,quadratic,6.888216051614749,6.888216051614749,0.8381067604770398,6.888216051614749,6.888216051614749,0.2041630701991054,0.2041630701991054,1.0,0.016808750515338,0.0,0.0,0.0,3.0,False
BQPGASIM,Random Search,medium_21_100,quadratic,506.9079767148595,499.2875861931473,2.7049280352790213,483.81675379257524,532.8194304002114,13.145691145654467,12.94845994472781,1.0,0.00885222898796195,0.0,0.0,0.0,7.0,False
BRANIN,BIPOP-CMA-ES,small_2_20,other,1.5680017775964498e-18,7.902728959086107e-18,-16.0,0.0,7.056007999184024e-18,0.3978873577000003,0.39788735770000083,1.0,0.033902771509019644,1.0,1.0,1.0,4.0,True
BRANIN,BasinGraph,small_2_20,other,0.0,0.0,-16.0,0.0,0.0,0.3978873577000001,0.3978873577000001,1.0,0.012845957971876449,1.0,1.0,1.0,1.5,True
BRANIN,CMA-ES,small_2_20,other,1.2544014220771598e-18,1.0432438493608378e-17,-16.0,0.0,1.7875220264599526e-17,0.3978873577000002,0.39788735770000105,0.528,0.0196770204638596,1.0,1.0,1.0,3.0,True
BRANIN,Differential Evolution,small_2_20,other,9.362102709534229e-12,4.558966542182115e-09,-11.35765400350702,2.6281591394649614e-14,2.664841841723037e-10,0.39788735852860424,0.39788776119680225,1.0,0.0105540629883762,1.0,1.0,1.0,5.0,False
BRANIN,Latin Hypercube Sampling,small_2_20,other,0.0005262239751736698,0.000644131610329834,-3.2809368212780634,0.0002964447654711483,0.0008588147871961048,0.44446144180620006,0.4548969984809297,1.0,0.00180958301643835,1.0,0.8,0.0,7.0,False
BRANIN,Multi-start L-BFGS-B,small_2_20,other,0.0,0.0,-16.0,0.0,0.0,0.3978873577000001,0.3978873577000001,0.138,0.0022801459708716,1.0,1.0,1.0,1.5,True
BRANIN,Random Search,small_2_20,other,0.0002898333635902061,0.0005034765542991446,-3.538131161201683,9.544751207075059e-05,0.0007613399577495268,0.4235394071874415,0.4424481540371287,1.0,0.00290345848770805,1.0,0.8333333333333334,0.03333333333333333,6.0,False
CAMEL6,BIPOP-CMA-ES,small_2_20,other,7.910474743634191e-17,4.421386863053081e-06,-16.0,3.9552373718170955e-17,2.1753805544994026e-16,-1.0316284534898772,-1.031603632094676,1.0,0.0325845624902285,1.0,1.0,0.9666666666666667,3.5,True
CAMEL6,BasinGraph,small_2_20,other,3.9552373718170955e-17,2.5049836688174938e-17,-16.0,0.0,3.9552373718170955e-17,-1.0316284534898774,-1.0316284534898774,1.0,0.0132425625051837,1.0,1.0,1.0,1.5,True
CAMEL6,CMA-ES,small_2_20,other,7.910474743634191e-17,1.2920442081269178e-16,-16.0,3.9552373718170955e-17,1.5820949487268382e-16,-1.0316284534898772,-1.031628453489877,0.474,0.0173695205012336,1.0,1.0,1.0,3.5,True
CAMEL6,Differential Evolution,small_2_20,other,2.800901344852276e-13,1.3582258872043755e-09,-12.61183365063517,1.4436616407132397e-14,1.0895868135694876e-11,-1.0316284534883051,-1.0316284458648808,1.0,0.01062899947282855,1.0,1.0,1.0,5.0,False
CAMEL6,Latin Hypercube Sampling,small_2_20,other,0.0019558618631855774,0.0027577518935270927,-2.7112314296142137,0.0006957886146501856,0.003624337297220525,-1.0206483647145874,-1.0161466031705335,1.0,0.00181560401688325,1.0,0.3333333333333333,0.0,6.0,False
CAMEL6,Multi-start L-BFGS-B,small_2_20,other,3.9552373718170955e-17,4.3507611089988054e-17,-16.0,3.9552373718170955e-17,3.9552373718170955e-17,-1.0316284534898774,-1.0316284534898774,0.135,0.0022010835236868998,1.0,1.0,1.0,1.5,True
CAMEL6,Random Search,small_2_20,other,0.0021830586852853206,0.002445997960293959,-2.6610266903796505,0.0007266741991559271,0.003566748618540218,-1.0193728956627721,-1.0178967706682374,1.0,0.0029076664941385,1.0,0.3333333333333333,0.0,7.0,False
CHEBYQAD[N=50],BIPOP-CMA-ES,medium_21_100,sum of squares,9.284394462813772,9.13247373938198,0.9677518608604566,8.736324713032023,9.758063943531846,0.2290941897351083,0.22591606291660504,1.0,0.3247207294916734,0.0,0.0,0.0,6.0,False
CHEBYQAD[N=50],BasinGraph,medium_21_100,sum of squares,0.8588512630695271,1.0916362184511843,-0.06784032660936987,0.46954930232419123,1.754010712962084,0.05283486053577855,0.057704637962652613,1.0,0.1420048745058011,0.03333333333333333,0.03333333333333333,0.03333333333333333,1.0,True
CHEBYQAD[N=50],CMA-ES,medium_21_100,sum of squares,8.85822093709519,9.043035897239157,0.9473444981802438,8.416024090292478,9.804936509455302,0.2201787930675141,0.2240450554708646,1.0,0.32109543701517396,0.0,0.0,0.0,5.0,False
CHEBYQAD[N=50],Differential Evolution,medium_21_100,sum of squares,9.496657937998908,9.702748346034465,0.9775691085598905,9.160326229550325,10.463957427662368,0.2335346651872769,0.23784600229796504,1.0,0.1983671045163646,0.0,0.0,0.0,7.0,False
CHEBYQAD[N=50],Latin Hypercube Sampling,medium_21_100,sum of squares,8.387870734683883,8.401887675922435,0.9236499813055061,7.8239479402782095,9.047849798187222,0.2103392362341574,0.2106324655965335,1.0,0.19355012447340414,0.0,0.0,0.0,3.0,False
CHEBYQAD[N=50],Multi-start L-BFGS-B,medium_21_100,sum of squares,8.276406717082022,8.133052302954622,0.9177370686583678,7.508294794265963,9.16556305147018,0.20800744913074987,0.205008526417657,1.0,0.126385999523336,0.0,0.0,0.0,2.0,False
CHEBYQAD[N=50],Random Search,medium_21_100,sum of squares,8.698604177489987,8.54905434143572,0.9394450614142527,8.015572558803314,9.081803786045196,0.21683966794406362,0.21371113923560062,1.0,0.19605672900797794,0.0,0.0,0.0,4.0,False
CVXBQP1[N=50],BIPOP-CMA-ES,medium_21_100,quadratic,0.10108000535288983,0.12049996138151052,-0.995351363370223,0.07948625921597109,0.14661923589748574,196.56216737092933,223.30344682234,1.0,0.135269500024151,0.4666666666666667,0.0,0.0,4.0,False
CVXBQP1[N=50],BasinGraph,medium_21_100,quadratic,0.0,0.0,-16.0,0.0,0.0,57.375000000000014,57.375000000000014,1.0,0.018589125043945352,1.0,1.0,1.0,1.5,True
CVXBQP1[N=50],CMA-ES,medium_21_100,quadratic,0.09185863620972265,0.11111853090761442,-1.03715739444045,0.0673039436936641,0.13064503346678816,183.8643420607881,210.38521705978508,1.0,0.1329077289847191,0.5666666666666667,0.0,0.0,3.0,False
CVXBQP1[N=50],Differential Evolution,medium_21_100,quadratic,51.88267260536226,50.81629194994734,1.715020064613968,47.51419683288588,53.911824370971516,71499.81517758383,70031.40901507749,1.0,0.02695137500995765,0.0,0.0,0.0,5.0,False
CVXBQP1[N=50],Latin Hypercube Sampling,medium_21_100,quadratic,60.23247767934993,60.19919378436635,1.7798301450458478,57.939380869353315,62.163743884340455,82997.49676446486,82951.66484107246,1.0,0.00715279151336285,0.0,0.0,0.0,6.0,False
CVXBQP1[N=50],Multi-start L-BFGS-B,medium_21_100,quadratic,0.0,0.0,-16.0,0.0,0.0,57.375000000000014,57.375000000000014,0.3264,0.0063258125155698005,1.0,1.0,1.0,1.5,True
CVXBQP1[N=50],Random Search,medium_21_100,quadratic,60.893347195312614,59.723920893019276,1.7845694502020908,56.204927361728885,62.38309668435835,83907.51408794547,82297.21406968756,1.0,0.008374478988116552,0.0,0.0,0.0,7.0,False
DEVGLA1B,BIPOP-CMA-ES,small_2_20,sum of squares,0.14815782468329114,0.17188708619081924,-0.8296570812901012,0.05551244843458565,0.23892070762968243,15575.364426819062,18069.94652231195,1.0,0.037429416493978296,0.4,0.1,0.06666666666666667,1.0,True
DEVGLA1B,BasinGraph,small_2_20,sum of squares,0.619537552491127,0.4577980715252711,-0.20793236427516834,0.23350643832886392,0.619537552491127,65130.02202940346,48126.8627349713,1.0,0.009836833487497601,0.1,0.0,0.0,4.0,False
DEVGLA1B,CMA-ES,small_2_20,sum of squares,0.18888970436357194,0.31005049487213987,-0.7242211627204452,0.06465063024652665,0.26950785153023366,19857.377911897973,32594.628019009462,1.0,0.03505625002435405,0.3333333333333333,0.1,0.03333333333333333,3.0,False
DEVGLA1B,Differential Evolution,small_2_20,sum of squares,0.16102890460094085,0.21295176708186964,-0.7949644821916391,0.08710252856642536,0.3042054344394493,16928.46028705225,22386.946344470125,1.0,0.01096672902349375,0.26666666666666666,0.0,0.0,2.0,False
DEVGLA1B,Latin Hypercube Sampling,small_2_20,sum of squares,0.8793360092267735,0.792138479540899,-0.05586253593662917,0.6549093571669959,1.0077489769676509,92441.81082670012,83275.01074501264,1.0,0.0023358960170298503,0.0,0.0,0.0,5.0,False
DEVGLA1B,Multi-start L-BFGS-B,small_2_20,sum of squares,1.0001141089472902,0.9180622327316815,4.955405891691359e-05,0.9999892672856814,1.0001141089473151,105138.82986350714,96512.97603134638,0.435,0.00542766702710645,0.0,0.0,0.0,7.0,False
DEVGLA1B,Random Search,small_2_20,sum of squares,0.9726534450602735,0.8668301949093987,-0.01204870392149833,0.7650004981656288,1.0010524731833625,102251.97725576091,91127.11418197797,1.0,0.0032534379861317003,0.0,0.0,0.0,6.0,False
DGOSPEC,BIPOP-CMA-ES,small_2_20,other,1.9939369778800548e-13,0.0010833141233248446,-12.8075863151773,0.0,0.0017926787445295966,-996.9592109918221,-994.7785438492789,1.0,0.042396603996166904,1.0,0.6666666666666666,0.6,3.0,False
DGOSPEC,BasinGraph,small_2_20,other,0.0,0.0,-16.0,0.0,0.0,-996.9592109922236,-996.9592109922236,1.0,0.011565082997549249,1.0,1.0,1.0,1.0,True
DGOSPEC,CMA-ES,small_2_20,other,0.0011997952412448104,0.0016721195732503978,-2.9816859969031126,0.0,0.003977592243107266,-994.5440721100551,-993.5933024953688,1.0,0.0380015630216803,1.0,0.5,0.4666666666666667,7.0,False
DGOSPEC,Differential Evolution,small_2_20,other,2.6705059717807834e-11,5.97726861822457e-05,-10.61775516166744,3.8435740271810545e-13,3.0215357105051088e-09,-996.9592109384673,-996.8388910130072,1.0,0.01051752050989305,1.0,0.9666666666666667,0.9666666666666667,4.0,False
DGOSPEC,Latin Hypercube Sampling,small_2_20,other,0.0007192958576700147,0.000773010412588077,-3.1430966624576087,0.000552324019041055,0.0009556657858678722,-995.5112977700982,-995.4031725620115,1.0,0.00182366650551555,1.0,0.7666666666666667,0.0,5.0,False
DGOSPEC,Multi-start L-BFGS-B,small_2_20,other,3.95342270079603e-16,3.6333837202553986e-16,-15.403026748316064,3.95342270079603e-16,3.95342270079603e-16,-996.9592109922228,-996.9592109922229,0.48,0.0062307915068231,1.0,1.0,1.0,2.0,False
DGOSPEC,Random Search,small_2_20,other,0.0007889961901377605,0.0009115023058052806,-3.1029429263737405,0.000688786352487843,0.0009761302196777105,-995.370993843848,-995.1243940299122,1.0,0.0026847085100598,1.0,0.7666666666666667,0.0,6.0,False
DIAGIQB[N=500],BIPOP-CMA-ES,large_101_500,quadratic,0.027664193599178044,0.02832581294593742,-1.5580819985736323,0.025777806517248477,0.029849869048417414,-2.858663152684632e+16,-2.8567179946073172e+16,1.0,4.697264604008524,1.0,0.0,0.0,2.0,False
DIAGIQB[N=500],BasinGraph,large_101_500,quadratic,0.0,0.0,-16.0,0.0,0.0,-2.9399957647000004e+16,-2.9399957647000004e+16,1.0,0.3150896665174514,1.0,1.0,1.0,1.0,True
DIAGIQB[N=500],CMA-ES,large_101_500,quadratic,0.028550483822108712,0.028241155109489106,-1.5444417523829341,0.02525283842812031,0.030419220151232503,-2.8560574631829224e+16,-2.8569668882879236e+16,1.0,4.5950923539930955,1.0,0.0,0.0,3.0,False
DIAGIQB[N=500],Differential Evolution,large_101_500,quadratic,0.6665382161888838,0.6642302818701181,-0.17617494847101994,0.6587855308142454,0.6696690759996131,-9803762320953360.0,-9871615492177080.0,1.0,0.38262041652342305,0.0,0.0,0.0,5.0,False
DIAGIQB[N=500],Latin Hypercube Sampling,large_101_500,quadratic,0.7079256336850308,0.7070699822622905,-0.1500124061715587,0.7043038409819913,0.7111628588071476,-8586973999448766.0,-8612130115037907.0,1.0,0.23970741702942175,0.0,0.0,0.0,6.0,False
DIAGIQB[N=500],Multi-start L-BFGS-B,large_101_500,quadratic,0.08655764773223834,0.08655764773223834,-1.0626945543492177,0.08655764773223834,0.08655764773223834,-2.685516646965e+16,-2.685516646965e+16,1.0,0.18323275051079685,1.0,0.0,0.0,4.0,False
DIAGIQB[N=500],Random Search,large_101_500,quadratic,0.7091072782603963,0.7074130630241054,-0.14928815606301155,0.7044755498408228,0.7112801603664245,-8552233698979237.0,-8602043555171055.0,1.0,0.16086514599737706,0.0,0.0,0.0,7.0,False
DIAGIQE[N=50],BIPOP-CMA-ES,medium_21_100,quadratic,0.018446696190692388,0.022382010939618526,-1.7343523882288225,0.010443447524356402,0.03296027362567411,-147192239321566.94,-146602105512142.78,1.0,0.14139558345777908,1.0,0.0,0.0,4.0,False
DIAGIQE[N=50],BasinGraph,medium_21_100,quadratic,0.00010409182462423904,9.220166082687092e-05,-3.9825833786547458,0.00010409182462423904,0.00010409182462423904,-149942868351242.94,-149944651382106.8,1.0,0.01841802100534545,1.0,1.0,0.06666666666666667,1.0,True
DIAGIQE[N=50],CMA-ES,medium_21_100,quadratic,0.016694659169903044,0.018578863007982886,-1.7774224429506695,0.010706003306507058,0.024526905044155063,-147454972126258.8,-147172419786830.0,1.0,0.13526739549706684,1.0,0.0,0.0,3.0,False
DIAGIQE[N=50],Differential Evolution,medium_21_100,quadratic,0.595834836431631,0.5899769143519784,-0.2248766407066577,0.5802403829459075,0.6119314041557877,-60607992709601.234,-61486437787753.83,1.0,0.026343853998696348,0.0,0.0,0.0,5.0,False
DIAGIQE[N=50],Latin Hypercube Sampling,medium_21_100,quadratic,0.6887863240371327,0.6843081085737492,-0.161915502697687,0.6650339030824431,0.6995590123311166,-46669129118767.16,-47340675492929.445,1.0,0.0070768960285931,0.0,0.0,0.0,7.0,False
DIAGIQE[N=50],Multi-start L-BFGS-B,medium_21_100,quadratic,0.0055918526935750555,0.005516173780778051,-2.2524442777505964,0.0055918526935750555,0.0055918526935750555,-149119932084788.88,-149131280779353.7,1.0,0.01620472950162365,1.0,0.0,0.0,2.0,False
DIAGIQE[N=50],Random Search,medium_21_100,quadratic,0.6766642883712389,0.6729172618112168,-0.16962703833627438,0.6498196371057662,0.6923941586602359,-48486931135096.766,-49048829534324.63,1.0,0.008182542020222151,0.0,0.0,0.0,6.0,False
DIAGIQT[N=50],BIPOP-CMA-ES,medium_21_100,quadratic,0.01444582752960116,0.02118938206000932,-1.8402647484389112,0.011314941062639115,0.02722428286226578,-91129038455975.05,-90505497247080.56,1.0,0.1427753125026356,1.0,0.0,0.0,4.0,False
DIAGIQT[N=50],BasinGraph,medium_21_100,quadratic,0.0,0.0,-16.0,0.0,0.0,-92464768555089.92,-92464768555089.92,1.0,0.0183240420010406,1.0,1.0,1.0,1.0,True
DIAGIQT[N=50],CMA-ES,medium_21_100,quadratic,0.014091886663323061,0.01600445078799717,-1.8517223165366095,0.010566089632367996,0.0210784969003762,-91161765516257.72,-90984920717122.5,1.0,0.13698622951051215,1.0,0.0,0.0,3.0,False
DIAGIQT[N=50],Differential Evolution,medium_21_100,quadratic,0.8893811081416441,0.8927774331360603,-0.05091210496087947,0.8719321433395077,0.9233969786358035,-10228350233284.395,-9914309828736.998,1.0,0.0268039789807517,0.0,0.0,0.0,5.0,False
DIAGIQT[N=50],Latin Hypercube Sampling,medium_21_100,quadratic,0.9825849759992289,0.9838409999152938,-0.0076364466689050284,0.9382253719706491,1.047225320341478,-1610276163370.6714,-1494138202671.7656,1.0,0.00708920799661425,0.0,0.0,0.0,6.0,False
DIAGIQT[N=50],Multi-start L-BFGS-B,medium_21_100,quadratic,0.004311174074911285,0.004311174074911285,-2.3654044410182715,0.004311174074911285,0.004311174074911285,-92066136842051.48,-92066136842051.48,1.0,0.016185353975743,1.0,0.0,0.0,2.0,False
DIAGIQT[N=50],Random Search,medium_21_100,quadratic,1.0107780028626627,0.9955232751297648,0.004655089514920221,0.9734659947391753,1.035235785067503,996585540431.0955,-413939328765.9676,1.0,0.008113187504932201,0.0,0.0,0.0,7.0,False
DIAGNQB[N=500],BIPOP-CMA-ES,large_101_500,quadratic,0.033815109612116125,0.03355556592360281,-1.4709561322990414,0.031130419298328074,0.035681313768680716,-8.039503651497318e+16,-8.041663282073498e+16,1.0,4.938798582996242,1.0,0.0,0.0,3.0,False
DIAGNQB[N=500],BasinGraph,large_101_500,quadratic,0.0,0.0,-16.0,0.0,0.0,-8.32087495e+16,-8.32087495e+16,1.0,0.31311552101396956,1.0,1.0,1.0,1.0,True
DIAGNQB[N=500],CMA-ES,large_101_500,quadratic,0.03296651345349992,0.032551457615628235,-1.4819269843683682,0.029762355240087697,0.03529669049514812,-8.046564714016208e+16,-8.050018341740402e+16,1.0,4.958231708500534,1.0,0.0,0.0,2.0,False
DIAGNQB[N=500],Differential Evolution,large_101_500,quadratic,0.5812948242943817,0.5806733310385812,-0.23560357219388928,0.5776564012808028,0.584763725501501,-3.4839934079690356e+16,-3.4891647756328144e+16,1.0,0.380025687511079,0.0,0.0,0.0,5.0,False
DIAGNQB[N=500],Latin Hypercube Sampling,large_101_500,quadratic,0.6366700657131341,0.63682206230846,-0.1960855695684504,0.63504128313507,0.63920392872443,-3.0232229487979936e+16,-3.0219582041354624e+16,1.0,0.24229281250154594,0.0,0.0,0.0,7.0,False
DIAGNQB[N=500],Multi-start L-BFGS-B,large_101_500,quadratic,0.07128102807993641,0.0712810280799364,-1.147026045135274,0.07128102807993641,0.07128102807993641,-7.72775442904e+16,-7.72775442904e+16,1.0,0.18136495802900748,1.0,0.0,0.0,4.0,False
DIAGNQB[N=500],Random Search,large_101_500,quadratic,0.6365573883829505,0.6358239393665084,-0.19616243682639134,0.6336166558585559,0.6393998079124789,-3.024160522772151e+16,-3.0302634603201596e+16,1.0,0.1612232500046957,0.0,0.0,0.0,6.0,False
DIAGNQE[N=500],BIPOP-CMA-ES,large_101_500,quadratic,0.04038589690644033,0.04141780099342694,-1.393781880577229,0.03866403407007679,0.04484780161188942,-6.009583272642963e+16,-6.003120973349811e+16,1.0,4.859222021012101,1.0,0.0,0.0,2.0,False
DIAGNQE[N=500],BasinGraph,large_101_500,quadratic,0.0,0.0,-16.0,0.0,0.0,-6.26249995e+16,-6.26249995e+16,1.0,0.3143998334999196,1.0,1.0,1.0,1.0,True
DIAGNQE[N=500],CMA-ES,large_101_500,quadratic,0.040775737528714065,0.04085819407465267,-1.3895985970329652,0.03742258737413692,0.044147572580210764,-6.007141895765469e+16,-6.006625511650651e+16,1.0,5.190253895503702,1.0,0.0,0.0,3.0,False
DIAGNQE[N=500],Differential Evolution,large_101_500,quadratic,0.5778079079776703,0.5776649517597061,-0.23821654394309355,0.5753503207621204,0.5806377932555653,-2.6439779551838252e+16,-2.6448732184916772e+16,1.0,0.3809814374835696,0.0,0.0,0.0,5.0,False
DIAGNQE[N=500],Latin Hypercube Sampling,large_101_500,quadratic,0.6336782459827619,0.6335520132258083,-0.19813128268714408,0.6317410112265057,0.6370674456871898,-2.294089966220803e+16,-2.2948804988549116e+16,1.0,0.243826916499529,0.0,0.0,0.0,7.0,False
DIAGNQE[N=500],Multi-start L-BFGS-B,large_101_500,quadratic,0.2804716763745032,0.2783139170168358,-0.5521109897209818,0.2804716763745032,0.2804716763745032,-4.50604609073e+16,-4.519559058599491e+16,0.97695,0.18047445898992004,0.0,0.0,0.0,4.0,False
DIAGNQE[N=500],Random Search,large_101_500,quadratic,0.6330684712708572,0.6323342070902874,-0.19854932927853602,0.6293049374731863,0.6356671531550147,-2.297908680323614e+16,-2.3025070097177144e+16,1.0,0.16052789601963008,0.0,0.0,0.0,6.0,False
DIAGNQT[N=500],BIPOP-CMA-ES,large_101_500,quadratic,0.05306305452469959,0.05316004292696204,-1.2752145750212507,0.05088093936695765,0.055340269416666775,-3.95741516176011e+16,-3.957009830258935e+16,1.0,4.945137208502274,1.0,0.0,0.0,4.0,False
DIAGNQT[N=500],BasinGraph,large_101_500,quadratic,0.0,0.0,-16.0,0.0,0.0,-4.17917495e+16,-4.17917495e+16,1.0,0.31242174998624245,1.0,1.0,1.0,1.0,True
DIAGNQT[N=500],CMA-ES,large_101_500,quadratic,0.049798569609453947,0.05114360921334871,-1.3027969987087786,0.04547896185519115,0.056843545632199365,-3.971058015342544e+16,-3.965436859523195e+16,1.0,4.774631312000565,1.0,0.0,0.0,3.0,False
DIAGNQT[N=500],Differential Evolution,large_101_500,quadratic,0.569367767952941,0.5658835564785591,-0.24460714571201558,0.560816746368523,0.5721249034189345,-1.7996874368360074e+16,-1.8142485661502316e+16,1.0,0.3786887085007038,0.0,0.0,0.0,5.0,False
DIAGNQT[N=500],Latin Hypercube Sampling,large_101_500,quadratic,0.6208368687529767,0.6211819529343511,-0.2070225004765151,0.616315938261059,0.6261935696027058,-1.5845890600736854e+16,-1.583146892907246e+16,1.0,0.24789774999953806,0.0,0.0,0.0,6.0,False
DIAGNQT[N=500],Multi-start L-BFGS-B,large_101_500,quadratic,0.034974337774527575,0.03497433777452758,-1.4562504999552552,0.034974337774527575,0.034974337774527575,-4.03301107368e+16,-4.03301107368e+16,0.82665,0.15206070849671954,1.0,0.0,0.0,2.0,False
DIAGNQT[N=500],Random Search,large_101_500,quadratic,0.6245516350486586,0.6225542151850934,-0.2044316547486368,0.6197878011690788,0.6259840882966567,-1.5690644018256824e+16,-1.5774119688841186e+16,1.0,0.16099674999713895,0.0,0.0,0.0,7.0,False
DIAGNQT[N=50],BIPOP-CMA-ES,medium_21_100,quadratic,0.03611168695381155,0.037585408142503204,-1.4423617588187367,0.029216620499806813,0.04173718923514384,-413749010180674.44,-413116415434115.1,1.0,0.13997827051207418,1.0,0.0,0.0,4.0,False
DIAGNQT[N=50],BasinGraph,medium_21_100,quadratic,0.0,0.0,-16.0,0.0,0.0,-429249950000000.0,-429249950000000.0,1.0,0.01905845850706095,1.0,1.0,1.0,1.0,True
DIAGNQT[N=50],CMA-ES,medium_21_100,quadratic,0.029293361579899972,0.032206855611142865,-1.53342604714766,0.024615196889892853,0.040238086263341175,-416675776006507.1,-415425158839271.94,1.0,0.13601285399636248,1.0,0.0,0.0,3.0,False
DIAGNQT[N=50],Differential Evolution,medium_21_100,quadratic,0.39670740684092964,0.38904793155892675,-0.4015298592037511,0.37852523595421506,0.4083811992650527,-258963315449051.75,-262251144830874.8,1.0,0.02724927099188785,0.0,0.0,0.0,5.0,False
DIAGNQT[N=50],Latin Hypercube Sampling,medium_21_100,quadratic,0.492845885290926,0.4939391239970818,-0.3072893247289545,0.4892507058776729,0.5062748571311128,-217695878381351.2,-217226605721396.2,1.0,0.0071337084809783,0.0,0.0,0.0,7.0,False
DIAGNQT[N=50],Multi-start L-BFGS-B,medium_21_100,quadratic,0.012076281895908387,0.011793964847918436,-1.9180667578211341,0.012076281895908387,0.012076281895908387,-424066206600000.0,-424187391178733.75,0.3672,0.006985563028138049,1.0,0.0,0.0,2.0,False
DIAGNQT[N=50],Random Search,medium_21_100,quadratic,0.49163853974589694,0.48629660203537134,-0.30835427494765777,0.4770799757351725,0.49766495029440894,-218214131396187.2,-220507157891331.38,1.0,0.008454625000013,0.0,0.0,0.0,6.0,False
DIAGPQB[N=500],BIPOP-CMA-ES,large_101_500,quadratic,861310949.8229761,877168027.4487395,8.935159912711267,812234401.2502062,923561513.6604733,36780117067536.88,37457253671397.516,1.0,4.68098677098169,0.0,0.0,0.0,3.0,False
DIAGPQB[N=500],BasinGraph,large_101_500,quadratic,0.0,0.0,-16.0,0.0,0.0,-410.73401637872365,-410.73401637872365,1.0,0.3202692915219813,1.0,1.0,1.0,1.0,True
DIAGPQB[N=500],CMA-ES,large_101_500,quadratic,860296951.4243759,861755069.7411826,8.934646208763805,789144056.9438257,919640936.0063312,36736816817128.016,36799082091245.445,1.0,4.621212875499623,0.0,0.0,0.0,2.0,False
DIAGPQB[N=500],Differential Evolution,large_101_500,quadratic,235727092491.3553,234942726067.91388,11.372409427983786,233030451671.6371,236555246003.3745,1.0066132399339116e+16,1.0032638004679128e+16,1.0,0.3797758334840182,0.0,0.0,0.0,7.0,False
DIAGPQB[N=500],Latin Hypercube Sampling,large_101_500,quadratic,231372473300.28906,229980789464.04,11.364311660552671,226613704346.26404,233840119353.5222,9880179342935196.0,9820750986161920.0,1.0,0.24192781248711975,0.0,0.0,0.0,6.0,False
DIAGPQB[N=500],Multi-start L-BFGS-B,large_101_500,quadratic,1930014550.9905581,1971695428.7982645,9.285515855283897,650174768.8681129,3343728866.754728,82416415514641.94,84196292533014.16,1.0,0.1841603959910571,0.0,0.0,0.0,4.0,False
DIAGPQB[N=500],Random Search,large_101_500,quadratic,198181201748.22748,198181201748.22748,11.297062457595299,198181201748.22748,198181201748.22748,8462829600000000.0,8462829600000000.0,1.0,0.1614612085104454,0.0,0.0,0.0,5.0,False
DIAGPQE[N=10],BIPOP-CMA-ES,small_2_20,quadratic,191918.3753060706,534737.0705093041,5.282992990696988,85685.58321632417,307089.69005634927,7477999.023805842,20835752.631485645,1.0,0.0380522914929315,0.0,0.0,0.0,4.0,False
DIAGPQE[N=10],BasinGraph,small_2_20,quadratic,0.0,0.0,-16.0,0.0,0.0,-1.464484126984128,-1.464484126984128,1.0,0.0094320414937101,1.0,1.0,1.0,1.0,True
DIAGPQE[N=10],CMA-ES,small_2_20,quadratic,121994.18622053499,275815.7521588177,5.086297828710838,62730.50593933085,189960.85585961654,4753439.068090254,10747017.03248031,1.0,0.0326245415199082,0.0,0.0,0.0,3.0,False
DIAGPQE[N=10],Differential Evolution,small_2_20,quadratic,6903199125.3763485,7641957047.956547,9.83827093311563,5740297213.048499,9540699595.448172,268979592744.67297,297764914092.73285,1.0,0.01037464552791785,0.0,0.0,0.0,5.0,False
DIAGPQE[N=10],Latin Hypercube Sampling,small_2_20,quadratic,31984493027.872536,33321782720.162228,10.504937209775564,25416086629.84033,40186162981.5892,1246259270892.7092,1298366073881.1104,1.0,0.00199214552412735,0.0,0.0,0.0,6.0,False
DIAGPQE[N=10],Multi-start L-BFGS-B,small_2_20,quadratic,55.75614370224723,42.3253688172556,1.7458158500912013,30.32943441854753,58.64761869698517,2171.0448921410734,1647.7216773217203,1.0,0.00863772898446765,0.0,0.0,0.0,2.0,False
DIAGPQE[N=10],Random Search,small_2_20,quadratic,35376801507.705185,32678621505.34298,10.548705578567741,27157897418.505474,37930509847.838776,1378438820808.9824,1273305628935.194,1.0,0.00283235448296175,0.0,0.0,0.0,7.0,False
DIAGPQE[N=50],BIPOP-CMA-ES,medium_21_100,quadratic,210167746.29114145,228994074.1284113,8.322563944584306,151841797.74453926,261341250.08815563,144963119495.93903,157948571641.41534,1.0,0.1345093540148809,0.0,0.0,0.0,4.0,False
DIAGPQE[N=50],BasinGraph,medium_21_100,quadratic,0.0,0.0,-16.0,0.0,0.0,-2.249602669164711,-2.249602669164711,1.0,0.01941668748622755,1.0,1.0,1.0,1.0,True
DIAGPQE[N=50],CMA-ES,medium_21_100,quadratic,180901402.4095971,179024510.13139874,8.257403348131652,106580172.1956744,219980846.9574141,124776670432.06468,123482084728.92453,1.0,0.12552289600716898,0.0,0.0,0.0,3.0,False
DIAGPQE[N=50],Differential Evolution,medium_21_100,quadratic,129909789388.8389,129170905829.6828,11.11361887444395,121910879913.9844,135329112729.82368,89605225613784.25,89095580972437.55,1.0,0.0266803124977741,0.0,0.0,0.0,5.0,False
DIAGPQE[N=50],Latin Hypercube Sampling,medium_21_100,quadratic,138884178950.14548,138298857862.02026,11.142652757108891,131549230517.39172,145136619020.74725,95795307247893.75,95391582259925.52,1.0,0.00719293751171785,0.0,0.0,0.0,7.0,False
DIAGPQE[N=50],Multi-start L-BFGS-B,medium_21_100,quadratic,22447343.755531907,21492248.729739312,7.351106479536376,10959130.81623618,31516211.477242447,15483046434.106686,14824270019.554949,1.0,0.01642714548506765,0.0,0.0,0.0,2.0,False
DIAGPQE[N=50],Random Search,medium_21_100,quadratic,138082227795.34326,139149904991.3223,11.140137467567465,135075365959.83273,144219858796.89807,95242161757508.84,95978591679214.3,1.0,0.0081652290245983,0.0,0.0,0.0,6.0,False
DIAGPQT[N=500],BIPOP-CMA-ES,large_101_500,quadratic,205983133.93008703,214309666.03333366,8.313818129630146,197670326.42226747,239541775.35114697,17294471675936.195,17993572475467.41,1.0,4.692554541485151,0.0,0.0,0.0,3.0,False
DIAGPQT[N=500],BasinGraph,large_101_500,quadratic,0.0,0.0,-16.0,0.0,0.0,-251.87020329299548,-251.87020329299548,1.0,0.3220500625029672,1.0,1.0,1.0,1.0,True
DIAGPQT[N=500],CMA-ES,large_101_500,quadratic,192102061.20685446,194072996.47943977,8.283531705406157,177154117.3970588,211145332.5840166,16129008201006.574,16294489148873.38,1.0,4.539972395519726,0.0,0.0,0.0,2.0,False
DIAGPQT[N=500],Differential Evolution,large_101_500,quadratic,247588509293.84457,247011253967.7979,11.393730476228132,244403018026.2568,251638704829.14545,2.0787684795519704e+16,2.073921808032917e+16,1.0,0.3852253334480338,0.0,0.0,0.0,7.0,False
DIAGPQT[N=500],Latin Hypercube Sampling,large_101_500,quadratic,244872343399.91663,244897389107.65897,11.388939737377711,243722989567.67886,246131909937.30157,2.055963382249048e+16,2.0561736675645956e+16,1.0,0.25206289600464515,0.0,0.0,0.0,6.0,False
DIAGPQT[N=500],Multi-start L-BFGS-B,large_101_500,quadratic,644938202.2455467,644938202.2455467,8.809518102682498,644938202.2455467,644938202.2455467,54149411453081.02,54149411453081.02,1.0,0.18618254151078872,0.0,0.0,0.0,4.0,False
DIAGPQT[N=500],Random Search,large_101_500,quadratic,200686608307.5861,200686608307.5861,11.302518393253996,200686608307.5861,200686608307.5861,1.68497721e+16,1.68497721e+16,1.0,0.16269683348946268,0.0,0.0,0.0,5.0,False
EGGCRATEB,BIPOP-CMA-ES,small_2_20,sum of squares,7.430462933345888e-18,0.007620642660287063,-16.0,1.2424225749480644e-18,5.654996834689992e-13,3.2227686725334854e-16,0.330525414775017,1.0,0.03276568750152355,0.9666666666666667,0.9333333333333333,0.9333333333333333,5.0,True
EGGCRATEB,BasinGraph,small_2_20,sum of squares,0.0,0.0,-16.0,0.0,0.0,0.0,0.0,1.0,0.0133108749869279,1.0,1.0,1.0,2.0,True
EGGCRATEB,CMA-ES,small_2_20,sum of squares,7.303927868857987e-18,0.03923375595836482,-16.0,1.7281509912766704e-18,8.442315732601451e-17,3.1678874026224887e-16,1.7016614004089567,0.51,0.0186289789853617,0.8,0.8,0.8,4.0,True
EGGCRATEB,Differential Evolution,small_2_20,sum of squares,1.8138253512322796e-13,3.0156651913874816e-11,-12.741548235723574,4.74846142194465e-14,1.2130484344124864e-12,7.866992368894342e-12,1.3079657879777575e-09,1.0,0.01069245798862535,1.0,1.0,1.0,6.0,False
EGGCRATEB,Latin Hypercube Sampling,small_2_20,sum of squares,0.015103301147140667,0.017347183613172692,-1.8247504281451148,0.009119685491038455,0.025598833400809318,0.6550661274468699,0.7523886520492352,1.0,0.0018423540168441,1.0,0.03333333333333333,0.0,7.0,False
EGGCRATEB,Multi-start L-BFGS-B,small_2_20,sum of squares,0.0,0.0,-16.0,0.0,0.0,0.0,0.0,0.174,0.00279797901748675,1.0,1.0,1.0,2.0,True
EGGCRATEB,Random Search,small_2_20,sum of squares,0.0,0.0,-16.0,0.0,0.0,0.0,0.0,1.0,0.0029099790262988997,1.0,1.0,1.0,2.0,True
ELATVIDUB,BIPOP-CMA-ES,small_2_20,sum of squares,2.1421889267826073e-07,0.00043415145946181004,-6.772813068403176,1.1795907885612476e-19,4.0695764278491584e-05,1.7162079186729282,8.659328403079284,1.0,0.03332706249784675,1.0,0.8,0.6333333333333333,3.0,False
ELATVIDUB,BasinGraph,small_2_20,sum of squares,0.0033148366375728793,0.0029958808220869183,-2.4795378697173804,0.0033148366375728793,0.0033148366375728793,54.751118642231006,49.647733984079494,1.0,0.012968624971108449,1.0,0.1,0.03333333333333333,5.0,False
ELATVIDUB,CMA-ES,small_2_20,sum of squares,0.0015788873206811032,0.0013877525836088276,-2.801648862868571,1.144896941838858e-19,0.0029980990637998406,26.975430973215808,23.917220282408046,0.633,0.022327458020299652,1.0,0.4666666666666667,0.43333333333333335,4.0,False
ELATVIDUB,Differential Evolution,small_2_20,sum of squares,7.657777252512938e-12,0.00010888015831221322,-11.120563581439267,1.1911415497259197e-13,1.5055217279248917e-09,1.712780477388837,3.4548941603780463,1.0,0.0106274169811513,1.0,0.9333333333333333,0.9,2.0,False
ELATVIDUB,Latin Hypercube Sampling,small_2_20,sum of squares,0.007903757992174305,0.04058747647900791,-2.1024013188792416,0.00506160179841338,0.035281877666385145,128.17517834421682,651.12406153958,1.0,0.00179241650039325,0.9666666666666667,0.03333333333333333,0.0,6.0,False
ELATVIDUB,Multi-start L-BFGS-B,small_2_20,sum of squares,3.746935446018081e-19,0.00021051830942414755,-16.0,2.8448954312359506e-19,4.302036993576315e-19,1.7127803548622076,5.0811337706426905,0.3165,0.0049651040171738,1.0,0.8666666666666667,0.8666666666666667,1.0,True
ELATVIDUB,Random Search,small_2_20,sum of squares,0.0090133567475787,0.007893721131447361,-2.045286534248111,0.006926532088636528,0.0092677848597037,145.92907712924793,128.01458568980215,1.0,0.0027618749882094,1.0,0.0,0.0,7.0,False
EXP2B,BIPOP-CMA-ES,small_2_20,sum of squares,2.6075454537572247e-17,3.516065976183848e-13,-16.0,1.0667203790861267e-17,1.1075470651889016e-16,1.069540056877425e-16,1.441494625252312e-12,1.0,0.03430506246513685,1.0,1.0,1.0,3.0,True
EXP2B,BasinGraph,small_2_20,sum of squares,0.0,0.0,-16.0,0.0,0.0,5.1500221035187423e-20,5.1500221035187423e-20,1.0,0.0109886460122652,1.0,1.0,1.0,1.0,True
EXP2B,CMA-ES,small_2_20,sum of squares,8.091598900907849e-17,2.3455415390705464e-16,-16.0,1.1556163559887123e-17,2.289396650573495e-16,3.3178577334455975e-16,9.616618408637248e-16,0.516,0.0200173750054091,1.0,1.0,1.0,4.0,True
EXP2B,Differential Evolution,small_2_20,sum of squares,2.1162355221758983e-14,6.88285138147455e-11,-13.675748981683146,4.389416479488096e-15,9.045592636439872e-14,8.676014197238213e-14,2.821788040199633e-10,1.0,0.010671895986888499,1.0,1.0,1.0,5.0,False
EXP2B,Latin Hypercube Sampling,small_2_20,sum of squares,0.004269579149855567,0.00594284153447212,-2.369709935947013,0.0014174358707611367,0.007667881389134009,0.01750415156714925,0.02436408725728127,1.0,0.0018822710262611,1.0,0.13333333333333333,0.0,6.0,False
EXP2B,Multi-start L-BFGS-B,small_2_20,sum of squares,3.3731180711550494e-18,3.3950147382457697e-18,-16.0,2.314228394808172e-18,5.1298800366557205e-18,1.388039714484218e-17,1.3970167720844812e-17,0.255,0.00387233350193125,1.0,1.0,1.0,2.0,True
EXP2B,Random Search,small_2_20,sum of squares,0.005629765506056314,0.007844041593484492,-2.2504900522354063,0.0024352544966940223,0.010336883709611137,0.0230805578832874,0.03215850746226832,1.0,0.0029552085034083,1.0,0.03333333333333333,0.0,7.0,False
EXPLIN2[N=12],BIPOP-CMA-ES,large_101_500,other,0.013125044697989453,0.013992999725029674,-1.8819129099284533,0.011274821292688485,0.015089501396449701,-7587.696253036422,-7580.934935836777,1.0,0.3495594584965147,1.0,0.0,0.0,4.0,False
EXPLIN2[N=12],BasinGraph,large_101_500,other,0.0001726692570724836,0.0001602673789870777,-3.7627849795853554,0.00017266924388850257,0.0001726692642043084,-7688.594474852767,-7688.691084733457,1.0,0.0402691874769516,1.0,1.0,0.0,2.0,False
EXPLIN2[N=12],CMA-ES,large_101_500,other,0.012436873979241755,0.012777495599582299,-1.9052896157727601,0.011259886629617986,0.014193814427421519,-7593.057061341002,-7590.403639506426,1.0,0.33852335400297306,1.0,0.0,0.0,3.0,False
EXPLIN2[N=12],Differential Evolution,large_101_500,other,0.2648149947868926,0.26130655955715,-0.5770585408465758,0.24135783788700604,0.27598602516830717,-5627.046754505731,-5654.377252888334,1.0,0.060073791479226146,0.0,0.0,0.0,5.0,False
EXPLIN2[N=12],Latin Hypercube Sampling,large_101_500,other,0.30784013471796806,0.3003441681780366,-0.511683903857872,0.2781440915623091,0.3225577075993399,-5291.883514971221,-5350.276641245544,1.0,0.0196404790331143,0.0,0.0,0.0,6.0,False
EXPLIN2[N=12],Multi-start L-BFGS-B,large_101_500,other,1.4668791024246916e-06,1.3201911921822223e-06,-5.833605678463099,1.4668791024246916e-06,1.4668791024246916e-06,-7689.928131029327,-7689.929273719283,1.0,0.03190510449348945,1.0,1.0,1.0,1.0,True
EXPLIN2[N=12],Random Search,large_101_500,other,0.3107772841248717,0.30400599691650526,-0.5075510417192286,0.28631167775130734,0.32825608987933763,-5269.003298618834,-5321.7512167013865,1.0,0.0188865000091027,0.0,0.0,0.0,7.0,False
EXPLIN[N=12],BIPOP-CMA-ES,large_101_500,other,0.04425423393379606,0.03916024018401026,-1.3540505180301101,0.012214395718279038,0.051042589312218264,-4820.649208540459,-4846.875593425598,1.0,0.33919508298276924,0.9666666666666667,0.0,0.0,3.0,False
EXPLIN[N=12],BasinGraph,large_101_500,other,0.0,0.0,-16.0,0.0,0.0,-5048.491767631444,-5048.491767631444,1.0,0.039696124498732346,1.0,1.0,1.0,1.0,True
EXPLIN[N=12],CMA-ES,large_101_500,other,0.03889128162799549,0.039866198894236156,-1.410220850922583,0.013567401157120192,0.06299331538247546,-4848.260324337074,-4843.240970817712,1.0,0.3339993540139403,0.9666666666666667,0.0,0.0,2.0,False
EXPLIN[N=12],Differential Evolution,large_101_500,other,0.6687434813877262,0.6725695507110636,-0.17474095268846795,0.6044974477839605,0.7229275217910557,-1605.4714590495437,-1585.7729726359544,1.0,0.05866810402949335,0.0,0.0,0.0,6.0,False
EXPLIN[N=12],Latin Hypercube Sampling,large_101_500,other,0.7089787374433463,0.7077371130985622,-0.1493717750302065,0.6453918954099067,0.7574034724642041,-1398.320574478641,-1404.7130671962516,1.0,0.01923270849511025,0.0,0.0,0.0,7.0,False
EXPLIN[N=12],Multi-start L-BFGS-B,large_101_500,other,0.12195572209789593,0.12026112293841187,-0.9137978180051011,0.12195572209789593,0.12195572209789593,-4420.603736394879,-4429.328366216918,1.0,0.03145308350212865,0.03333333333333333,0.0,0.0,4.0,False
EXPLIN[N=12],Random Search,large_101_500,other,0.4596960267014179,0.4596960267014179,-0.3375292499784407,0.4596960267014179,0.4596960267014179,-2681.7505585463095,-2681.7505585463095,1.0,0.0186282494978513,0.0,0.0,0.0,5.0,False
FBRAIN2LS,BIPOP-CMA-ES,small_2_20,sum of squares,0.011320993522622,0.06766036658060609,-1.9461155108655854,0.010918770475589219,0.01677452187939771,0.416361199791878,0.6372250936792868,1.0,0.09853925000061275,0.8,0.0,0.0,2.0,False
FBRAIN2LS,BasinGraph,small_2_20,sum of squares,0.011469422826195855,0.036227086376368976,-1.940470863044676,0.011382659760370242,0.029944969164911284,0.4169430783640904,0.5139990745253877,1.0,0.07467877052840775,0.9,0.0,0.0,4.0,False
FBRAIN2LS,CMA-ES,small_2_20,sum of squares,0.011324935496309942,0.03308152712669193,-1.9459643132887043,0.010854233717189552,0.011433864905370225,0.4163766532769111,0.5016677256546396,1.0,0.0984339169808663,0.9333333333333333,0.0,0.0,3.0,False
FBRAIN2LS,Differential Evolution,small_2_20,sum of squares,0.06982249878731836,0.08258514742097449,-1.1565380158213068,0.04074021856849387,0.10217830975295233,0.6457011719945773,0.695733824481587,1.0,0.07377064600586886,0.6333333333333333,0.0,0.0,5.0,False
FBRAIN2LS,Latin Hypercube Sampling,small_2_20,sum of squares,0.14609979265038853,0.16356640638432784,-0.8353645584173061,0.07402766516469012,0.18835894068441833,0.9447265111735049,1.013199838314273,1.0,0.06425502049387424,0.3333333333333333,0.0,0.0,6.0,False
FBRAIN2LS,Multi-start L-BFGS-B,small_2_20,sum of squares,0.010715499075477333,0.010096202046518976,-1.969989949511767,0.005581197062851763,0.011490857600599043,0.413987515917442,0.4115597226023145,1.0,0.0751422499888576,1.0,0.03333333333333333,0.03333333333333333,1.0,True
FBRAIN2LS,Random Search,small_2_20,sum of squares,0.17552419739559083,0.1752478864951304,-0.7572415341747318,0.09333674693582568,0.25037051835157476,1.060077255326373,1.058994050134572,1.0,0.06563366699265315,0.3333333333333333,0.0,0.0,7.0,False
FBRAINLS,BIPOP-CMA-ES,small_2_20,sum of squares,9.845375305834935e-16,0.42737276287969056,-15.006767723899001,5.90722518350096e-16,0.9615940683904335,0.4166029445151436,0.7780511372256048,1.0,0.07189356299932115,0.6333333333333333,0.6333333333333333,0.6333333333333333,1.0,True
FBRAINLS,BasinGraph,small_2_20,sum of squares,1.2720224895138733e-13,0.02615684226603061,-12.895505210239937,1.2720224895138733e-13,6.353942596999584e-08,0.4166029445152504,0.43872495177729226,1.0,0.04827897896757345,0.9,0.8333333333333334,0.8,2.0,False
FBRAINLS,CMA-ES,small_2_20,sum of squares,0.9020296228764819,0.8342046582354445,-0.04528039420406162,1.3455346251307742e-15,1.8121595227353828,1.1794895982249547,1.122127002805987,0.813,0.05832770850975065,0.4666666666666667,0.4666666666666667,0.4666666666666667,7.0,False
FBRAINLS,Differential Evolution,small_2_20,sum of squares,0.013839633555797063,0.22339082815343467,-2.1604810776746937,3.11578893611009e-07,0.1896893895795888,0.42830773941786826,0.605534523963697,1.0,0.0457325624884106,0.6666666666666666,0.43333333333333335,0.4,4.0,False
FBRAINLS,Latin Hypercube Sampling,small_2_20,sum of squares,0.25263400863751684,0.304530081494563,-0.5981476211963755,0.13954641061876524,0.37195434510433,0.6302667850087296,0.6741576067273573,1.0,0.035780791484285104,0.16666666666666666,0.0,0.0,6.0,False
FBRAINLS,Multi-start L-BFGS-B,small_2_20,sum of squares,1.4574437244404315e-13,0.3624319045471839,-12.836411387398234,1.1400944604156852e-13,1.87981032506075e-13,0.416602944515266,0.72312775905057,0.402,0.0214797709777485,0.8,0.8,0.8,3.0,False
FBRAINLS,Random Search,small_2_20,sum of squares,0.25110589409359463,0.3104891323850082,-0.6001577190310932,0.17063052767587028,0.39423950707565864,0.6289743904339478,0.6791974416483005,1.0,0.0369370210100896,0.2,0.0,0.0,5.0,False
HADAMALS[N=10],BIPOP-CMA-ES,medium_21_100,other,0.01084826737091155,0.01076370180501521,-1.965008122055619,0.008340631383361333,0.01413720626440503,61.432130907066494,61.17009977118921,1.0,0.2930519375076983,1.0,0.03333333333333333,0.03333333333333333,2.0,False
HADAMALS[N=10],BasinGraph,medium_21_100,other,0.011210004060332804,0.011373752601030776,-1.950406170169309,0.009392600052819113,0.014920217306591384,62.55299227200702,63.06037628419389,1.0,0.04061441699741405,1.0,0.0,0.0,3.0,False
HADAMALS[N=10],CMA-ES,medium_21_100,other,0.010306110796867014,0.010364344415467979,-1.9869075485258145,0.006528668440185531,0.01484132970455077,59.75222843831973,59.93266856269565,1.0,0.2893831665278412,1.0,0.03333333333333333,0.0,1.0,True
HADAMALS[N=10],Differential Evolution,medium_21_100,other,0.08305114948062037,0.08322260856858543,-1.080654973782297,0.08154936355606268,0.08544916028118792,285.1567995980095,285.68807517217215,1.0,0.054796562500996446,1.0,0.0,0.0,5.0,False
HADAMALS[N=10],Latin Hypercube Sampling,medium_21_100,other,0.12074065787660868,0.12062608104406275,-0.9181466781818923,0.11839338802652112,0.12319884476517684,401.9398494242597,401.58482670006924,1.0,0.0195105624734424,0.0,0.0,0.0,7.0,False
HADAMALS[N=10],Multi-start L-BFGS-B,medium_21_100,other,0.03099901887113072,0.02988943609959421,-1.508652109391573,0.025285984071604522,0.033162795375997284,123.87036150858225,120.43225722944844,1.0,0.032034146017394904,1.0,0.0,0.0,4.0,False
HADAMALS[N=10],Random Search,medium_21_100,other,0.12030580908638361,0.11965716879174478,-0.9197139006108418,0.11894494014910613,0.12113304779718706,400.5924461256499,398.5825978927612,1.0,0.020233291521435548,0.0,0.0,0.0,6.0,False
HART6,BIPOP-CMA-ES,small_2_20,other,2.726326128674743e-08,0.0175862177600398,-7.577235839697895,3.192096421829254e-10,0.040583549000438895,-3.322886812124068,-3.2716276838441503,1.0,0.0348092920321505,1.0,0.5666666666666667,0.5666666666666667,4.0,False
HART6,BasinGraph,small_2_20,other,0.0,0.0,-16.0,0.0,0.0,-3.322886891589317,-3.322886891589317,1.0,0.0073695420287549,1.0,1.0,1.0,1.0,True
HART6,CMA-ES,small_2_20,other,1.9403563336949826e-10,0.016233481075442712,-9.71211869368079,4.2910918663407934e-11,0.04058353012270969,-3.322886891023754,-3.2755705561368966,1.0,0.031434624979738104,1.0,0.6,0.6,3.0,False
HART6,Differential Evolution,small_2_20,other,0.05745696434334275,0.07501972645379841,-1.2406598483001,0.0523722498663754,0.09402414387634091,-3.155414925083007,-3.1042240843984117,1.0,0.0102086874831002,0.7666666666666667,0.0,0.0,5.0,False
HART6,Latin Hypercube Sampling,small_2_20,other,0.22051214213476178,0.2204932566211458,-0.6565820563158326,0.17730933259601317,0.2729387440528851,-2.680151889768665,-2.6802069360827177,1.0,0.00189758348278695,0.03333333333333333,0.0,0.0,7.0,False
HART6,Multi-start L-BFGS-B,small_2_20,other,1.2188794782991635e-15,1.1071488594550735e-15,-14.914039234904422,1.066519543511768e-15,1.2188794782991635e-15,-3.3228868915893135,-3.322886891589314,1.0,0.0094696255109738,1.0,1.0,1.0,2.0,False
HART6,Random Search,small_2_20,other,0.21680794318547889,0.20385543907445935,-0.6639736097188269,0.13727413467728006,0.27118229892710927,-2.6909486572181254,-2.728701806195702,1.0,0.0027493335073813,0.1,0.0,0.0,6.0,False
HIMMELP1,BIPOP-CMA-ES,small_2_20,other,7.678600061876529e-16,5.509361349030802e-09,-15.114717951950475,1.9196500154691322e-16,1.3437550108283926e-15,-62.053935062796654,-62.05393424709877,1.0,0.03441733302315695,1.0,1.0,1.0,2.0,True
HIMMELP1,BasinGraph,small_2_20,other,7.678600061876529e-16,7.678600061876529e-16,-15.114717951950475,7.678600061876529e-16,7.678600061876529e-16,-62.053935062796654,-62.053935062796654,1.0,0.0134218335151672,1.0,1.0,1.0,2.0,True
HIMMELP1,CMA-ES,small_2_20,other,7.678600061876529e-16,0.0027120469658547344,-15.114717951950475,1.9196500154691322e-16,7.678600061876529e-16,-62.053935062796654,-61.65239827117335,0.522,0.02006231248378745,1.0,0.9666666666666667,0.9666666666666667,2.0,True
HIMMELP1,Differential Evolution,small_2_20,other,6.910740055688877e-15,2.09609784605767e-14,-14.16047544251115,3.0714400247506115e-15,1.4205410114471577e-14,-62.053935062795745,-62.05393506279367,1.0,0.01065416651545085,1.0,1.0,1.0,4.0,False
HIMMELP1,Latin Hypercube Sampling,small_2_20,other,0.000697162642011464,0.0013390922269992593,-3.1566685769017857,0.000410147285400783,0.0019316524812504085,-61.95071544527633,-61.85567345328674,1.0,0.0018115419952664,1.0,0.5666666666666667,0.0,7.0,False
HIMMELP1,Multi-start L-BFGS-B,small_2_20,other,5.977790148170877e-13,9.527111047189068e-13,-12.227331772969052,9.175927073942453e-14,1.7916093594373413e-12,-62.05393506270826,-62.05393506265571,0.222,0.00351229149964635,1.0,1.0,1.0,5.0,False
HIMMELP1,Random Search,small_2_20,other,0.00033421672288498725,0.0009713569181562092,-3.4773770565686957,0.0001648894764355955,0.0011479133674770713,-62.004452029389256,-61.91011913875552,1.0,0.0028853749681729,1.0,0.7333333333333333,0.0,6.0,False
HS110[N=200],BIPOP-CMA-ES,large_101_500,sum of squares,0.0005562207273957288,0.000563948348168119,-3.254764643106199,0.0004630487424227001,0.0006404130431181608,-9.954633775457983e+39,-9.954557949859545e+39,1.0,0.9708621875033714,1.0,1.0,0.0,4.0,False
HS110[N=200],BasinGraph,large_101_500,sum of squares,0.0,0.0,-16.0,0.0,0.0,-9.960091570393911e+39,-9.960091570393911e+39,1.0,0.11112804149161085,1.0,1.0,1.0,1.5,True
HS110[N=200],CMA-ES,large_101_500,sum of squares,0.0004933965700983597,0.0005106759808028778,-3.306817052265779,0.00042561307391649405,0.0005591049088270769,-9.955250223840187e+39,-9.955080673380102e+39,1.0,0.949025020992849,1.0,1.0,0.0,3.0,False
HS110[N=200],Differential Evolution,large_101_500,sum of squares,1.0150636693111648,1.0150636687014931,0.00649328398645658,1.01506366739757,1.015063670111849,-4.351019792468339e+31,-4.949246875917669e+31,1.0,0.15809827050543385,0.0,0.0,0.0,5.0,False
HS110[N=200],Latin Hypercube Sampling,large_101_500,sum of squares,1.0150636696548594,1.015063669128084,0.006493284133506107,1.0150636684840195,1.0150636702546252,-4.0137768703556513e+31,-4.530663747887595e+31,1.0,0.07673997900565149,0.0,0.0,0.0,7.0,False
HS110[N=200],Multi-start L-BFGS-B,large_101_500,sum of squares,0.0,0.0,-16.0,0.0,0.0,-9.960091570393911e+39,-9.960091570393911e+39,0.3216,0.0297212289879098,1.0,1.0,1.0,1.5,True
HS110[N=200],Random Search,large_101_500,sum of squares,1.015063669599214,1.0150636692841355,0.006493284109698165,1.0150636683405683,1.015063670494392,-4.0683780130892555e+31,-4.377541820534639e+31,1.0,0.066949875006685,0.0,0.0,0.0,6.0,False
HS25,BIPOP-CMA-ES,small_2_20,sum of squares,3.8291223059193207e-16,1.9285157977834004e-10,-15.420876981696129,3.431508595243727e-17,2.1111303339391632e-13,1.2604596764824019e-14,6.332281653630592e-09,1.0,0.03929254200193095,1.0,1.0,1.0,2.0,False
HS25,BasinGraph,small_2_20,sum of squares,3.3668764861205077e-15,3.3668764861205077e-15,-14.472772815414764,3.3668764861205077e-15,3.3668764861205077e-15,1.1058306309410098e-13,1.1058306309410098e-13,1.0,0.0128013335051946,1.0,1.0,1.0,3.0,False
HS25,CMA-ES,small_2_20,sum of squares,9.769839254195984e-17,2.0316121725490373e-07,-16.0,2.6253883447139974e-17,7.438571620875997e-16,3.2396003925491282e-15,6.6707985685280925e-06,0.945,0.03622666600858785,1.0,1.0,1.0,1.0,True
HS25,Differential Evolution,small_2_20,sum of squares,1.1390830285694366e-06,6.432007867766703e-06,-5.943878393442381,4.71845561152136e-07,3.1592082463020518e-06,3.7401791242725924e-05,0.0002111949783359876,1.0,0.011733624996850201,1.0,1.0,0.9,5.0,False
HS25,Latin Hypercube Sampling,small_2_20,sum of squares,0.0033275133475155145,0.004482024972539019,-2.4786356729716217,0.0023506555978778177,0.006716347351595416,0.10925890076455255,0.14716728997181094,1.0,0.002955853997264,1.0,0.06666666666666667,0.0,7.0,False
HS25,Multi-start L-BFGS-B,small_2_20,sum of squares,5.359092755531903e-15,5.05471630167436e-15,-14.270908726093717,5.359092755531903e-15,5.359092755531903e-15,1.7599748429955394e-13,1.660032834372439e-13,0.724,0.0097622080065775,1.0,1.0,1.0,4.0,False
HS25,Random Search,small_2_20,sum of squares,0.0028245078106969197,0.004543368360731474,-2.5492046238477033,0.0010621671010670874,0.007355653352174554,0.09274271396328321,0.14918150012308956,1.0,0.0038741664902772,1.0,0.26666666666666666,0.0,6.0,False
HS38,BIPOP-CMA-ES,small_2_20,other,2.4437056583000767e-05,7.049331175673605e-05,-4.61537321137581,2.4395659722703193e-09,7.682028306241724e-05,0.468995989941011,1.3529076392353383,1.0,0.0340187084802892,1.0,1.0,0.43333333333333335,4.0,False
HS38,BasinGraph,small_2_20,other,0.0,0.0,-16.0,0.0,0.0,6.030022249342697e-14,6.030022249342697e-14,1.0,0.01011464602197515,1.0,1.0,1.0,1.0,True
HS38,CMA-ES,small_2_20,other,1.4617433488347046e-06,4.193101572086648e-05,-6.439970660096201,2.364076496888571e-12,4.293878172707878e-05,0.028053778350895953,0.8047400537149298,1.0,0.030290666996734203,1.0,1.0,0.5666666666666667,3.0,False
HS38,Differential Evolution,small_2_20,other,0.0002728252550590608,0.0003261403121374585,-3.5641269170483167,0.0001893847979613691,0.00044891152631946726,5.236062295093555,6.259284870542164,1.0,0.01043641698197455,1.0,1.0,0.0,5.0,False
HS38,Latin Hypercube Sampling,small_2_20,other,0.011112215247356835,0.013338991279320537,-1.9545353066456337,0.008922828068461935,0.020132770325350685,213.26563502727242,256.0019206327198,1.0,0.00185072899330405,1.0,0.03333333333333333,0.0,7.0,False
HS38,Multi-start L-BFGS-B,small_2_20,other,1.0174295189573288e-17,9.742428671740736e-18,-16.0,1.0174295189573288e-17,1.0174295189573288e-17,2.555652957717175e-13,2.472769135614752e-13,1.0,0.0108920830243732,1.0,1.0,1.0,2.0,True
HS38,Random Search,small_2_20,other,0.0021884118382659414,0.002094465492941863,-2.6598709445618742,0.0021884118382659414,0.0021884118382659414,42.0,40.19698174054028,1.0,0.0026915214839391003,1.0,0.03333333333333333,0.0,6.0,False
HS5,BIPOP-CMA-ES,small_2_20,other,3.0487828546782365e-16,7.695636055683648e-15,-15.515873506554037,3.0487828546782365e-16,3.0487828546782365e-16,-1.913222954981036,-1.9132229549810147,1.0,0.03282491650315925,1.0,1.0,1.0,3.5,False
HS5,BasinGraph,small_2_20,other,0.0,0.0,-16.0,0.0,0.0,-1.913222954981037,-1.913222954981037,1.0,0.0129625215195119,1.0,1.0,1.0,1.5,True
HS5,CMA-ES,small_2_20,other,3.0487828546782365e-16,0.09115221209361539,-15.515873506554037,3.0487828546782365e-16,5.716467852521694e-16,-1.913222954981036,-1.6476762383126164,0.48,0.01777706251596095,0.9,0.9,0.9,3.5,False
HS5,Differential Evolution,small_2_20,other,2.663874019275109e-14,2.28902616729242e-13,-13.580872844928852,6.9359809943929875e-15,1.0000007763344615e-13,-1.9132229549809594,-1.91322295498037,1.0,0.0106182290182914,1.0,1.0,1.0,5.0,False
HS5,Latin Hypercube Sampling,small_2_20,other,0.004135215669714912,0.0057069174417334586,-2.383651692339101,0.0015828871047506071,0.0066434730307606184,-1.9011761497682262,-1.8965974320875971,1.0,0.00182214600499715,1.0,0.1,0.0,6.0,False
HS5,Multi-start L-BFGS-B,small_2_20,other,0.0,0.0,-16.0,0.0,0.0,-1.913222954981037,-1.913222954981037,0.1425,0.00237208299222395,1.0,1.0,1.0,1.5,True
HS5,Random Search,small_2_20,other,0.004747118810359811,0.005996108046171675,-2.3242658971463372,0.002091121734577508,0.00945366494085548,-1.8993935394926744,-1.895754955380383,1.0,0.00289322948083275,1.0,0.16666666666666666,0.0,7.0,False
JUDGEB,BIPOP-CMA-ES,small_2_20,sum of squares,2.413643538115508e-18,3.4167916465324695e-12,-16.0,1.206821769057754e-18,3.6204653071732616e-18,16.08173013296039,16.081730143018937,1.0,0.03290441646822725,1.0,1.0,1.0,1.5,True
JUDGEB,BasinGraph,small_2_20,sum of squares,1.3275039459635293e-17,1.3275039459635292e-17,-16.0,1.3275039459635293e-17,1.3275039459635293e-17,16.081730132960423,16.081730132960423,1.0,0.01351627099211325,1.0,1.0,1.0,4.0,True
JUDGEB,CMA-ES,small_2_20,sum of squares,2.413643538115508e-18,0.0003175120935564931,-16.0,1.206821769057754e-18,3.6204653071732616e-18,16.08173013296039,17.016441112563832,0.522,0.019567229493986753,1.0,0.8,0.7666666666666667,1.5,True
JUDGEB,Differential Evolution,small_2_20,sum of squares,1.8618846253023027e-14,2.249831964827146e-13,-13.732715625363792,4.844785991882353e-15,4.612744336236774e-14,16.081730133015196,16.081730133622703,1.0,0.010786875500343698,1.0,1.0,1.0,5.0,False
JUDGEB,Latin Hypercube Sampling,small_2_20,sum of squares,0.0005497424769476654,0.0006149485212868903,-3.260332752027108,0.0001966170394622096,0.0009513381614222795,17.70009472311402,17.892052153452145,1.0,0.00186454199138095,1.0,0.7666666666666667,0.03333333333333333,7.0,False
JUDGEB,Multi-start L-BFGS-B,small_2_20,sum of squares,3.6204653071732616e-18,6.516837552911871e-18,-16.0,2.413643538115508e-18,4.827287076231016e-18,16.081730132960395,16.081730132960402,0.2025,0.00328318748506715,1.0,1.0,1.0,3.0,True
JUDGEB,Random Search,small_2_20,sum of squares,0.00047460482853364057,0.0005429988998234371,-3.323739894177513,0.000271001753066349,0.0007053611671878272,17.478900046188507,17.680242579817005,1.0,0.00293983300798565,1.0,0.8666666666666667,0.0,6.0,False
NCVXBQP1[N=50],BIPOP-CMA-ES,medium_21_100,quadratic,0.013822870532309513,0.013995246793792443,-1.859429682149362,0.010420350439002494,0.018120058400379592,-500230.001103777,-500142.7847460501,1.0,0.1403282085084356,1.0,0.0,0.0,4.0,False
NCVXBQP1[N=50],BasinGraph,medium_21_100,quadratic,8.879757089066554e-07,8.879757089066554e-07,-6.051598914437718,8.879757089066554e-07,8.879757089066554e-07,-507223.44071535714,-507223.44071535714,1.0,0.018334520515054402,1.0,1.0,1.0,2.0,False
NCVXBQP1[N=50],CMA-ES,medium_21_100,quadratic,0.013808814844097447,0.014181001936500971,-1.8598437528765133,0.010269215776593265,0.018166730641828374,-500237.112790274,-500048.7991424833,1.0,0.133569103985792,1.0,0.0,0.0,3.0,False
NCVXBQP1[N=50],Differential Evolution,medium_21_100,quadratic,0.46547679956656207,0.4651029063507288,-0.33210217230279443,0.4565099900529749,0.4806737137376336,-271708.91412515246,-271898.0910117099,1.0,0.02650514547713095,0.0,0.0,0.0,5.0,False
NCVXBQP1[N=50],Latin Hypercube Sampling,medium_21_100,quadratic,0.5354618223337482,0.5322865852660211,-0.27127152845413144,0.5204997895557064,0.5437331606162099,-236298.94103097782,-237905.49990157885,1.0,0.00718950000009495,0.0,0.0,0.0,7.0,False
NCVXBQP1[N=50],Multi-start L-BFGS-B,medium_21_100,quadratic,0.0,0.0,-16.0,0.0,0.0,-507223.89,-507223.89,0.3672,0.00683547899825495,1.0,1.0,1.0,1.0,True
NCVXBQP1[N=50],Random Search,medium_21_100,quadratic,0.5290936800103554,0.5291971572893476,-0.2764674283922583,0.5182603183132509,0.5386644938075683,-239520.99825715536,-239468.6423741379,1.0,0.00843066649395035,0.0,0.0,0.0,6.0,False
NCVXBQP2[N=50],BIPOP-CMA-ES,medium_21_100,quadratic,0.019370236480234275,0.018843577909038362,-1.712865242005118,0.014753990517077629,0.02118408014441722,-332307.47275554936,-332485.56471082964,1.0,0.14163318800274274,1.0,0.0,0.0,4.0,False
NCVXBQP2[N=50],BasinGraph,medium_21_100,quadratic,1.747225145578437e-05,1.747225145578437e-05,-4.757651128684963,1.747225145578437e-05,1.747225145578437e-05,-338851.6966798945,-338851.6966798945,1.0,0.018654562998563003,1.0,1.0,0.0,2.0,False
NCVXBQP2[N=50],CMA-ES,medium_21_100,quadratic,0.01834280305512631,0.01852718036099603,-1.7365346172456912,0.014137513491560696,0.021699553985461202,-332654.90397115133,-332592.5559591612,1.0,0.13880570797482505,1.0,0.0,0.0,3.0,False
NCVXBQP2[N=50],Differential Evolution,medium_21_100,quadratic,0.47926987010574695,0.4827212521650349,-0.31942222368057804,0.46781437180073504,0.4956556251363989,-176790.35129472357,-175623.25098918375,1.0,0.0268199584970716,0.0,0.0,0.0,5.0,False
NCVXBQP2[N=50],Latin Hypercube Sampling,medium_21_100,quadratic,0.5587403337106083,0.5589779976518489,-0.25279070859003283,0.5469106499797319,0.5722215707922289,-149917.05799906276,-149836.69087259786,1.0,0.00726418750127775,0.0,0.0,0.0,7.0,False
NCVXBQP2[N=50],Multi-start L-BFGS-B,medium_21_100,quadratic,0.0,8.5280222124094e-05,-16.0,0.0,0.0,-338857.605,-338828.7671108333,0.9588,0.01589977098046795,1.0,0.9333333333333333,0.9333333333333333,1.0,True
NCVXBQP2[N=50],Random Search,medium_21_100,quadratic,0.5570506275796663,0.5544189716255027,-0.25410616387680507,0.543846571507272,0.5689526346389087,-150488.4396971243,-151378.3459478434,1.0,0.00835995798115615,0.0,0.0,0.0,6.0,False
NCVXBQP3[N=50],BIPOP-CMA-ES,medium_21_100,quadratic,0.030191859495875873,0.03358920627622446,-1.520258239077624,0.020979302493505228,0.03914291871387907,-177937.5817166302,-177314.02175672314,1.0,0.14329525054199616,1.0,0.0,0.0,4.0,False
NCVXBQP3[N=50],BasinGraph,medium_21_100,quadratic,0.0014146614280615272,0.002418527748326273,-2.852266711496517,0.0004371156829632858,0.0049892081167443435,-183219.441248074,-183035.18839345308,1.0,0.01865552051458505,1.0,0.4666666666666667,0.0,2.0,False
NCVXBQP3[N=50],CMA-ES,medium_21_100,quadratic,0.0249721733317824,0.028258260874145742,-1.6026794866205014,0.021553762891393363,0.03263992028994871,-178895.61971087806,-178292.4806295162,1.0,0.13917122900602405,1.0,0.0,0.0,3.0,False
NCVXBQP3[N=50],Differential Evolution,medium_21_100,quadratic,0.6190680734544072,0.6163048967526782,-0.20826307514070602,0.5974241836833869,0.6429832541532456,-69853.34654516815,-70360.50888823913,1.0,0.02669810448423955,0.0,0.0,0.0,5.0,False
NCVXBQP3[N=50],Latin Hypercube Sampling,medium_21_100,quadratic,0.7104167496638583,0.710924345871348,-0.14848691675765707,0.7004398240917885,0.7207253125212892,-53086.91657569526,-52993.75073445051,1.0,0.00717175001045685,0.0,0.0,0.0,6.0,False
NCVXBQP3[N=50],Multi-start L-BFGS-B,medium_21_100,quadratic,0.0,0.0,-16.0,0.0,0.0,-183479.0927586194,-183479.0927586194,1.0,0.0162638119945768,1.0,1.0,1.0,1.0,True
NCVXBQP3[N=50],Random Search,medium_21_100,quadratic,0.7142085922710428,0.7137443137074558,-0.14617494239808662,0.7074778674984697,0.7269031267996876,-52390.94958233838,-52476.16476383548,1.0,0.0083292294875718,0.0,0.0,0.0,7.0,False
NONSCOMP[N=500],BIPOP-CMA-ES,large_101_500,sum of squares,0.7594646307460083,0.7704107473613042,-0.1214132642579828,0.45249478735486687,1.0664626913865893,60207.942789758396,60738.19652095383,1.0,4.5588624164811336,0.03333333333333333,0.0,0.0,3.0,False
NONSCOMP[N=500],BasinGraph,large_101_500,sum of squares,0.1399545967768015,0.1399545967768015,-0.8540128326603829,0.1399545967768015,0.1399545967768015,30197.527354739665,30197.527354739665,1.0,0.3223436039988883,0.0,0.0,0.0,1.0,True
NONSCOMP[N=500],CMA-ES,large_101_500,sum of squares,0.3260428637195517,0.39213431712721075,-0.48691414180854337,0.1677562997690117,0.500939812459776,39212.04833473751,42413.66229530594,1.0,4.375849041505717,0.13333333333333333,0.03333333333333333,0.03333333333333333,2.0,False
NONSCOMP[N=500],Differential Evolution,large_101_500,sum of squares,650645.2483926904,645005.1563372362,5.813344158571837,637371.807536147,657851.1046815854,31518696456.870876,31245478112.703842,1.0,0.37873660449986346,0.0,0.0,0.0,7.0,False
NONSCOMP[N=500],Latin Hypercube Sampling,large_101_500,sum of squares,630083.218564014,629281.4328327999,5.7993978842232,623237.9489817955,638105.1644145489,30522626944.65939,30483786697.42491,1.0,0.2469897914852481,0.0,0.0,0.0,6.0,False
NONSCOMP[N=500],Multi-start L-BFGS-B,large_101_500,sum of squares,6579.224589414747,6579.224589414747,3.8181747117929468,6579.224589414747,6579.224589414747,318735387.5111698,318735387.5111698,1.0,0.18483849999029184,0.0,0.0,0.0,4.0,False
NONSCOMP[N=500],Random Search,large_101_500,sum of squares,134310.5201207978,134310.5201207978,5.128110030922444,134310.5201207978,134310.5201207978,6506317561.75,6506317561.75,1.0,0.16152568749384955,0.0,0.0,0.0,5.0,False
POWERSUMB[N=10],BIPOP-CMA-ES,small_2_20,sum of squares,0.00012611806379966118,0.00021504133759863036,-3.899846824055013,4.213957773547658e-05,0.0003200235551956863,359701.51611952425,613248.856416534,1.0,0.0395616040041204,1.0,1.0,0.13333333333333333,1.0,True
POWERSUMB[N=10],BasinGraph,small_2_20,sum of squares,0.01287810727888433,0.00911204048631876,-1.8901479614124432,0.0020094508588821137,0.01287810727888433,36719507.11988434,25981303.522088327,1.0,0.007929416460683548,1.0,0.1,0.0,7.0,False
POWERSUMB[N=10],CMA-ES,small_2_20,sum of squares,0.00028646691117075644,0.00033814476864874727,-3.542997436127818,9.240579053175186e-05,0.0004483943669277086,816904.9234360877,964254.2365688257,1.0,0.0332911039877217,1.0,0.9333333333333333,0.03333333333333333,3.0,False
POWERSUMB[N=10],Differential Evolution,small_2_20,sum of squares,0.00024040827974703227,0.00029800272813470467,-3.619444994439195,4.9527302554994684e-05,0.00040525796919872606,685577.7354424656,849797.0514966729,1.0,0.010870312515180499,1.0,0.9666666666666667,0.0,2.0,False
POWERSUMB[N=10],Latin Hypercube Sampling,small_2_20,sum of squares,0.0013639810741676527,0.0015723467263514166,-2.8662624751925287,0.0008487446919571513,0.0019012750758197882,3889226.021035947,4483339.965152314,1.0,0.0025690000038593496,1.0,0.3,0.0,5.0,False
POWERSUMB[N=10],Multi-start L-BFGS-B,small_2_20,sum of squares,0.001735469371572499,0.005305412819557158,-2.7616409746658253,0.00042035777925940115,0.012878107278884351,4948452.31505882,15127448.51681292,0.7535000000000001,0.00687147903954605,1.0,0.4666666666666667,0.03333333333333333,6.0,False
POWERSUMB[N=10],Random Search,small_2_20,sum of squares,0.0007955789660383211,0.0012246701546830652,-3.0994591413160935,0.0005158881848197393,0.0015389936356407041,2268538.4712139103,3492008.1544344416,1.0,0.0033874374639708002,1.0,0.5666666666666667,0.0,4.0,False
PRICE4B,BIPOP-CMA-ES,small_2_20,sum of squares,1.962256047308117e-16,4.204428549683287e-16,-15.708253161158774,1.191290506365298e-16,3.0843925467718217e-16,2.633543841092224e-12,5.642763556529939e-12,1.0,0.0363009374996181,1.0,1.0,1.0,4.0,False
PRICE4B,BasinGraph,small_2_20,sum of squares,0.0,0.0,-16.0,0.0,0.0,0.0,0.0,1.0,0.012988271017093149,1.0,1.0,1.0,2.0,True
PRICE4B,CMA-ES,small_2_20,sum of squares,2.318764906612228e-16,4.348666662338552e-16,-15.634756058492904,1.6147385327396495e-16,3.5578085774438746e-16,3.1120143811642718e-12,5.83634552752457e-12,0.894,0.031220728997141102,1.0,1.0,1.0,5.0,False
PRICE4B,Differential Evolution,small_2_20,sum of squares,1.5727954166367952e-14,3.3729042516726715e-13,-13.803345845145687,3.5982780690256204e-15,1.3579463654223748e-13,2.110848728668243e-10,4.526774796169892e-09,1.0,0.0106216455169487,1.0,1.0,1.0,6.0,False
PRICE4B,Latin Hypercube Sampling,small_2_20,sum of squares,0.004814596665090382,0.009555374821355734,-2.3182507339622553,0.0007964001389541589,0.012384646220245637,64.61670184217802,128.24268547741528,1.0,0.00179395850864235,1.0,0.26666666666666666,0.0,7.0,False
PRICE4B,Multi-start L-BFGS-B,small_2_20,sum of squares,0.0,0.0,-16.0,0.0,0.0,0.0,0.0,0.642,0.00920739601133385,1.0,1.0,1.0,2.0,True
PRICE4B,Random Search,small_2_20,sum of squares,0.0,0.0,-16.0,0.0,0.0,0.0,0.0,1.0,0.0026932909968309,1.0,1.0,1.0,2.0,True
PROBPENL[N=50],BIPOP-CMA-ES,medium_21_100,other,0.7695591451157651,0.7691420066548909,-0.11375802989620093,0.7628761668400829,0.7805576989451792,-23708.86838558474,-23856.051732316646,1.0,0.1459080000349786,0.0,0.0,0.0,3.0,False
PROBPENL[N=50],BasinGraph,medium_21_100,other,0.7592708986124048,0.7317656990651776,-0.11960324751410324,0.7383918163204384,0.7802953060044971,-27338.978515429713,-37043.927115483755,1.0,0.0191452284925617,0.03333333333333333,0.03333333333333333,0.03333333333333333,2.0,False
PROBPENL[N=50],CMA-ES,medium_21_100,other,0.7747918790259962,0.7726152434382132,-0.11081535154821406,0.7643308558740882,0.7833184524850318,-21862.54789082319,-22630.55309886439,1.0,0.142461417010054,0.0,0.0,0.0,4.0,False
PROBPENL[N=50],Differential Evolution,medium_21_100,other,0.7519229736401456,0.7481044362880637,-0.1238278602793154,0.7404394388721519,0.7561588286602923,-29931.624100508525,-31278.95876229529,1.0,0.02726339548826215,0.0,0.0,0.0,1.0,True
PROBPENL[N=50],Latin Hypercube Sampling,medium_21_100,other,0.8040378548525307,0.802521977855001,-0.09472352060560624,0.7968814650298236,0.8074509335072971,-11543.382902850812,-12078.245713781165,1.0,0.0081136880035046,0.0,0.0,0.0,5.0,False
PROBPENL[N=50],Multi-start L-BFGS-B,medium_21_100,other,0.8085275508599599,0.8136127303724493,-0.09230524363172143,0.8067411038733804,0.826538716201547,-9959.236279695018,-8164.978953693031,1.0,0.01641656199353745,0.0,0.0,0.0,7.0,False
PROBPENL[N=50],Random Search,medium_21_100,other,0.8068485195196049,0.8043118491493978,-0.09320799360933768,0.803428881427611,0.809626310472236,-10551.666551943912,-11446.706615764206,1.0,0.00907100050244475,0.0,0.0,0.0,6.0,False
QINGB[N=100],BIPOP-CMA-ES,medium_21_100,sum of squares,0.6023397233461711,0.7250217903172632,-0.22033367923859964,0.5180123382974863,0.8175240617670747,197778.2481664022,238060.90485460582,1.0,0.3158177084696945,0.0,0.0,0.0,3.0,False
QINGB[N=100],BasinGraph,medium_21_100,sum of squares,0.0,0.0,-16.0,0.0,0.0,1.430096159161414e-05,1.430096159161414e-05,1.0,0.040927228983491604,1.0,1.0,1.0,1.0,True
QINGB[N=100],CMA-ES,medium_21_100,sum of squares,0.40191221138841626,0.41137899351900553,-0.3959090456128872,0.35527807549462415,0.45059299858315627,131967.8746179397,135076.2925303833,1.0,0.29864743747748435,0.0,0.0,0.0,2.0,False
QINGB[N=100],Differential Evolution,medium_21_100,sum of squares,2242952.317917706,2238803.178145177,6.350819855523302,2132441.581453087,2306929.687576656,736473393556.2024,735111023511.9519,1.0,0.058794000506168204,0.0,0.0,0.0,7.0,False
QINGB[N=100],Latin Hypercube Sampling,medium_21_100,sum of squares,2095603.6902791562,2104894.9241044573,6.3213081927386305,2025076.7216926338,2144166.9686937127,688091471673.1918,691142248299.5964,1.0,0.019444999983534203,0.0,0.0,0.0,6.0,False
QINGB[N=100],Multi-start L-BFGS-B,medium_21_100,sum of squares,1.030455306838543,1.030455306838543,0.013029160196433959,1.030455306838543,1.030455306838543,338350.0,338350.0,1.0,0.0317977289669215,0.0,0.0,0.0,4.5,False
QINGB[N=100],Random Search,medium_21_100,sum of squares,1.030455306838543,1.030455306838543,0.013029160196433959,1.030455306838543,1.030455306838543,338350.0,338350.0,1.0,0.018838208488887148,0.0,0.0,0.0,4.5,False
S368[N=50],BIPOP-CMA-ES,medium_21_100,other,0.035988742108074234,0.04658851675690598,-1.4442800774706925,0.020535627080969,0.06519849400100938,-37.907028247541575,-37.60025312346145,1.0,0.19357185403350735,0.9,0.0,0.0,2.0,False
S368[N=50],BasinGraph,medium_21_100,other,0.5884339398445202,0.5412254970414295,-0.23030518862366006,0.43370794423134496,0.6315980423051613,-21.9183445539929,-23.284635477936618,1.0,0.07192877051420504,0.0,0.0,0.0,5.0,False
S368[N=50],CMA-ES,medium_21_100,other,0.024229908738181736,0.03951675848122571,-1.619115461219943,0.011575941725415997,0.04354571888911162,-38.247348460526844,-37.8049215805145,1.0,0.1878077294968534,0.9,0.06666666666666667,0.0,1.0,True
S368[N=50],Differential Evolution,medium_21_100,other,0.5203314895803636,0.5160804613519836,-0.28371989811467113,0.5056509970069594,0.5314542741518787,-23.889342836701648,-24.0123746704372,1.0,0.07924218749394635,0.0,0.0,0.0,4.0,False
S368[N=50],Latin Hypercube Sampling,medium_21_100,other,0.7239249631729873,0.7217746112907512,-0.14030654843754864,0.7081403162646513,0.7438028331480802,-17.997008783150395,-18.05924354637356,1.0,0.05804381248890415,0.0,0.0,0.0,7.0,False
S368[N=50],Multi-start L-BFGS-B,medium_21_100,other,0.036675349526813505,0.05427980902680893,-1.43567120224145,0.017633771286738723,0.07050502544006867,-37.887156685828586,-37.37765432125993,1.0,0.0700431045261211,0.8666666666666667,0.03333333333333333,0.03333333333333333,3.0,False
S368[N=50],Random Search,medium_21_100,other,0.721883173995727,0.7181072332285029,-0.14153310833564461,0.7008697047328156,0.7321321120938317,-18.056101560964166,-18.165383572682412,1.0,0.060918750008568154,0.0,0.0,0.0,6.0,False
SANTALS,BIPOP-CMA-ES,medium_21_100,sum of squares,3.3574896638822125,3.212781053255637,0.5260146150585852,2.826635421379796,3.585933246775858,4.524956667713722,4.3350182263540615,1.0,0.04539516702061515,0.0,0.0,0.0,5.0,False
SANTALS,BasinGraph,medium_21_100,sum of squares,0.2645179403089687,0.27452642061078775,-0.5776083231116722,0.192361038464986,0.3426231335034188,0.4652519562850581,0.47838866695262117,1.0,0.0086335419910028,0.1,0.03333333333333333,0.03333333333333333,1.0,True
SANTALS,CMA-ES,medium_21_100,sum of squares,3.2750531764306494,3.389912755074482,0.5152180857338787,3.022383218259066,3.895492692325053,4.416753998432897,4.567513854728762,1.0,0.043545333493966595,0.0,0.0,0.0,4.0,False
SANTALS,Differential Evolution,medium_21_100,sum of squares,3.125882436241105,3.145532182613963,0.4949632281127365,2.759006671723549,3.6296386763145443,4.2209587533166015,4.24675018468349,1.0,0.0108624369895551,0.0,0.0,0.0,3.0,False
SANTALS,Latin Hypercube Sampling,medium_21_100,sum of squares,3.4679951097415307,3.4767752429799814,0.5400784449773626,3.2118787951496772,3.8727472724912166,4.67000147228611,4.681525906215925,1.0,0.0030532499949913004,0.0,0.0,0.0,7.0,False
SANTALS,Multi-start L-BFGS-B,medium_21_100,sum of squares,0.5739091011594224,0.7003661391610122,-0.24115692658768023,0.460851493646735,0.9002348686179064,0.8713457927744193,1.0373279868745557,1.0,0.008168354514054899,0.0,0.0,0.0,2.0,False
SANTALS,Random Search,medium_21_100,sum of squares,3.4471255747047307,3.376569799361669,0.5374559801403374,3.2302589777905006,3.681673908147137,4.642608997576918,4.550000451758136,1.0,0.00372397952014575,0.0,0.0,0.0,6.0,False
SINEALI[N=100],BIPOP-CMA-ES,medium_21_100,other,0.5879695131414783,0.544127435681617,-0.23075665821492805,0.43929695520681733,0.6766453400142458,-4077.7857659744977,-4511.592761527843,1.0,0.35128643750795163,0.0,0.0,0.0,4.0,False
SINEALI[N=100],BasinGraph,medium_21_100,other,0.0,0.0,-16.0,0.0,0.0,-9895.605147512424,-9895.605147512424,1.0,0.04373881302308285,1.0,1.0,1.0,1.0,True
SINEALI[N=100],CMA-ES,medium_21_100,other,0.45814196726496326,0.44986768829217944,-0.3390287426473095,0.2872548778677975,0.6018379696841305,-5362.398651126161,-5444.270686155519,1.0,0.340211916482076,0.0,0.0,0.0,3.0,False
SINEALI[N=100],Differential Evolution,medium_21_100,other,0.7541792857700766,0.7492598578874716,-0.1225255035586107,0.7340150330497361,0.7673584123029114,-2433.1793450851287,-2481.855921407226,1.0,0.062459187494823654,0.0,0.0,0.0,7.0,False
SINEALI[N=100],Latin Hypercube Sampling,medium_21_100,other,0.7405185138452235,0.7390182142735447,-0.13046498433572445,0.7290258741206721,0.754290513640538,-2568.3494549204934,-2583.1945646262507,1.0,0.0246101875090971,0.0,0.0,0.0,5.0,False
SINEALI[N=100],Multi-start L-BFGS-B,medium_21_100,other,0.0036065596263267522,0.0036065596263267522,-2.442906883335104,0.0036065596263267522,0.0036065596263267522,-9859.919092324615,-9859.919092324615,1.0,0.034272541495738496,1.0,0.0,0.0,2.0,False
SINEALI[N=100],Random Search,medium_21_100,other,0.7431586586855882,0.7418634778352022,-0.12891859280840048,0.7309550380169861,0.7566646487516087,-2542.225845653282,-2555.041354086215,1.0,0.024299958458868752,0.0,0.0,0.0,6.0,False
STRTCHDVB[N=100],BIPOP-CMA-ES,medium_21_100,sum of squares,3.0071190822267253,2.969172586349591,0.47815040981907725,2.8659418584960363,3.0736925084177575,237.70238928809835,234.70284969938785,1.0,0.3623316459998023,0.0,0.0,0.0,6.0,False
STRTCHDVB[N=100],BasinGraph,medium_21_100,sum of squares,0.0,0.0,-16.0,0.0,0.0,0.0,0.0,1.0,0.04354068753309545,1.0,1.0,1.0,2.0,True
STRTCHDVB[N=100],CMA-ES,medium_21_100,sum of squares,2.981548549091397,2.9534949448416965,0.47444188394435066,2.9028465554174234,3.095326442413421,235.6811268586979,233.4635862239723,1.0,0.34869389550294727,0.0,0.0,0.0,5.0,False
STRTCHDVB[N=100],Differential Evolution,medium_21_100,sum of squares,2.6372241645827255,2.636895320758507,0.42114703745609194,2.5214276649847984,2.757634497391753,208.4634721367376,208.43747816690072,1.0,0.0776986670098267,0.0,0.0,0.0,4.0,False
STRTCHDVB[N=100],Latin Hypercube Sampling,medium_21_100,sum of squares,3.116050434213806,3.098947584242758,0.4936041698111533,3.0062062632129463,3.210308039203169,246.31303686396296,244.9611155763153,1.0,0.037543291982728905,0.0,0.0,0.0,7.0,False
STRTCHDVB[N=100],Multi-start L-BFGS-B,medium_21_100,sum of squares,0.0,0.0,-16.0,0.0,0.0,0.0,0.0,1.0,0.045431854494381654,1.0,1.0,1.0,2.0,True
STRTCHDVB[N=100],Random Search,medium_21_100,sum of squares,0.0,0.0,-16.0,0.0,0.0,0.0,0.0,1.0,0.0372228334890678,1.0,1.0,1.0,2.0,True
TRIGON1B[N=100],BIPOP-CMA-ES,medium_21_100,sum of squares,0.22829829529343504,0.2278223285249309,-0.641611055956653,0.18864315808886634,0.25992386548557234,591.2021642918743,589.9695988742965,1.0,0.3535739794897381,0.0,0.0,0.0,4.0,False
TRIGON1B[N=100],BasinGraph,medium_21_100,sum of squares,0.0,0.0,-16.0,0.0,0.0,0.0,0.0,1.0,0.07127556254272345,1.0,1.0,1.0,1.5,True
TRIGON1B[N=100],CMA-ES,medium_21_100,sum of squares,0.1800718406851194,0.1949717786514714,-0.7445578674693543,0.15804090105448398,0.217782643288707,466.3147475728239,504.8996855908664,1.0,0.345899333973648,0.0,0.0,0.0,3.0,False
TRIGON1B[N=100],Differential Evolution,medium_21_100,sum of squares,284.3027894522694,279.9976200570451,2.4537810298523075,260.34471931542186,295.2347402692837,736231.6228527355,725082.9392376066,1.0,0.09085166646400461,0.0,0.0,0.0,5.0,False
TRIGON1B[N=100],Latin Hypercube Sampling,medium_21_100,sum of squares,289.2759875130656,285.98834482561233,2.461306988931149,270.1944672438828,303.28967156754965,749110.2361302278,740596.5436834991,1.0,0.051121999509632546,0.0,0.0,0.0,6.0,False
TRIGON1B[N=100],Multi-start L-BFGS-B,medium_21_100,sum of squares,0.0,0.0,-16.0,0.0,0.0,0.0,0.0,1.0,0.06261004201951435,1.0,1.0,1.0,1.5,True
TRIGON1B[N=100],Random Search,medium_21_100,sum of squares,296.96207714080833,294.6056723345099,2.4726993525285543,269.90666779646983,316.4656561174064,769014.1640900152,762912.0089265665,1.0,0.0509153745078947,0.0,0.0,0.0,7.0,False
TRIGON2B[N=100],BIPOP-CMA-ES,medium_21_100,sum of squares,2.1359160020815886,2.1988612952352966,0.32958347566572466,1.9100845825022963,2.3495827557254816,1314.6653954213439,1353.3790214909518,1.0,0.334273000509711,0.0,0.0,0.0,4.0,False
TRIGON2B[N=100],BasinGraph,medium_21_100,sum of squares,0.0,0.0,-16.0,0.0,0.0,1.0,1.0,1.0,0.05102897947654125,1.0,1.0,1.0,1.0,True
TRIGON2B[N=100],CMA-ES,medium_21_100,sum of squares,1.6549193345404518,1.7063903987387725,0.21876233656536442,1.6027494826411748,1.7879281499086455,1018.8350927100109,1050.4916540340278,1.0,0.316596729477169,0.0,0.0,0.0,3.0,False
TRIGON2B[N=100],Differential Evolution,medium_21_100,sum of squares,9477.890328171827,9343.317569078927,3.976709288794881,9111.598937717466,9774.571797484958,5829245.471029704,5746478.369414085,1.0,0.07824050000635904,0.0,0.0,0.0,7.0,False
TRIGON2B[N=100],Latin Hypercube Sampling,medium_21_100,sum of squares,9283.866613675387,9290.706393721566,3.9677288202232193,9148.735855059293,9487.981543930044,5709913.887120655,5714120.59859723,1.0,0.04006018748623315,0.0,0.0,0.0,6.0,False
TRIGON2B[N=100],Multi-start L-BFGS-B,medium_21_100,sum of squares,0.241046374949178,0.241046374949178,-0.6178993954043994,0.241046374949178,0.241046374949178,149.25221645134607,149.25221645134607,1.0,0.0435746659932192,0.0,0.0,0.0,2.0,False
TRIGON2B[N=100],Random Search,medium_21_100,sum of squares,2.64716459510828,2.64716459510828,0.422780945655298,2.64716459510828,2.64716459510828,1629.101723658263,1629.101723658263,1.0,0.040072874980978654,0.0,0.0,0.0,5.0,False
WAYSEA1B,BIPOP-CMA-ES,small_2_20,sum of squares,3.193876318392627e-22,2.2945970108165356e-21,-16.0,1.4963349947330664e-22,5.909342626997676e-22,1.194748178621813e-16,8.520602244310621e-16,1.0,0.03604489602730605,1.0,1.0,1.0,1.0,True
WAYSEA1B,BasinGraph,small_2_20,sum of squares,5.270919585320669e-19,5.270919585320669e-19,-16.0,5.270919585320669e-19,5.270919585320669e-19,1.954941536390476e-13,1.9549415363904757e-13,1.0,0.01288741597090845,1.0,1.0,1.0,4.0,True
WAYSEA1B,CMA-ES,small_2_20,sum of squares,4.899135581341719e-22,1.5502867236753249e-21,-16.0,5.85043791469811e-23,1.5032306100309469e-21,1.8272117866570015e-16,5.760029820332584e-16,0.618,0.0224540410272311,1.0,1.0,1.0,2.0,True
WAYSEA1B,Differential Evolution,small_2_20,sum of squares,4.2651164004701896e-13,1.3062188234338027e-09,-12.386378793968362,1.962879938873913e-15,2.5285591432870462e-12,1.58188902178056e-07,0.0004844634994233641,1.0,0.0105612289917189,1.0,1.0,1.0,5.0,False
WAYSEA1B,Latin Hypercube Sampling,small_2_20,sum of squares,1.1035216398934613e-06,2.4865828865245006e-06,-5.9573856033120505,5.316472051052685e-07,4.127582603692335e-06,0.4092851410200859,0.9222487267830721,1.0,0.0018071040103677,1.0,1.0,1.0,6.0,False
WAYSEA1B,Multi-start L-BFGS-B,small_2_20,sum of squares,3.798946755184208e-19,4.697655458697766e-19,-16.0,2.381310118958321e-19,5.167735943976201e-19,1.409001533421164e-13,1.742323604467308e-13,0.504,0.00783918751403685,1.0,1.0,1.0,3.0,True
WAYSEA1B,Random Search,small_2_20,sum of squares,1.7025929446122842e-06,3.152687183745597e-06,-5.768939009830299,7.364705148298423e-07,3.843803070101917e-06,0.63147469722725,1.1693001495794044,1.0,0.0026906254643108,1.0,1.0,0.9,7.0,False
WAYSEA2B,BIPOP-CMA-ES,small_2_20,sum of squares,4.554992481449824e-20,2.3256116021579594e-19,-16.0,1.1661226603334151e-20,2.1743106783730967e-19,9.654724292226328e-17,4.925093220520289e-16,1.0,0.03451672897790555,1.0,1.0,1.0,1.0,True
WAYSEA2B,BasinGraph,small_2_20,sum of squares,8.47377191105041e-18,8.47377191105041e-18,-16.0,8.47377191105041e-18,8.47377191105041e-18,1.7941765439978336e-14,1.7941765439978336e-14,1.0,0.0113236044708173,1.0,1.0,1.0,4.0,True
WAYSEA2B,CMA-ES,small_2_20,sum of squares,1.0070920863180333e-19,4.1055273857345933e-19,-16.0,2.923353239490697e-20,3.275787535159723e-19,2.1333693556688712e-16,8.693739274478176e-16,0.642,0.023179437470389502,1.0,1.0,1.0,2.0,True
WAYSEA2B,Differential Evolution,small_2_20,sum of squares,1.6282694197091075e-10,2.301485249431647e-08,-9.81714798404144,1.2772481253553228e-11,1.166118123174795e-09,3.4475626206528715e-07,4.872973981995951e-05,1.0,0.01048131249262945,1.0,1.0,1.0,5.0,False
WAYSEA2B,Latin Hypercube Sampling,small_2_20,sum of squares,389.3533247327805,909.2325516575747,2.5884150052313126,109.33709245549485,1184.6581383267712,824384.4368305197,1925133.5931461214,1.0,0.00179149999166835,0.03333333333333333,0.0,0.0,7.0,False
WAYSEA2B,Multi-start L-BFGS-B,small_2_20,sum of squares,3.316994609953737e-18,3.14943528507902e-18,-16.0,7.515003005545899e-19,4.974356511166365e-18,7.023232885665017e-15,6.66845666854308e-15,0.669,0.0097288335091434,1.0,1.0,1.0,3.0,True
WAYSEA2B,Random Search,small_2_20,sum of squares,0.04167440799583122,0.04167440799583122,-1.3801305608093728,0.04167440799583122,0.04167440799583122,88.23793501562501,88.23793501562501,1.0,0.00267304148292165,1.0,0.0,0.0,6.0,False
