relative_path,sha256,size_bytes
B21_TRACK_B_CI_TEMPLATE.yml,65db4bdd099a22612e775edc020f90cace60b2d2bc9688d072ea56effef487be,2700
TRACK_B_ALGORITHM_SPECIFICATIONS.json,5e68203da2f46a86828bfb054a61b2bfe88c0c14554759a5c97c6e2389071f9b,1844
TRACK_B_AMENDMENT_001.md,39255940b30931052d16a1d0e424f882f20ed4ed8480924aadb30aad833cd4f6,967
TRACK_B_ANALYSIS_PLAN.md,9c5c8718a27c67bde4b1ddeeb42a78872ec5cd5c3e399ae24f3f596ac8655187,1949
TRACK_B_BASELINE_PROVENANCE.csv,12d24b30c10cdba694b32def61be91d09c11f64590ef842c8034e4d636fcfef6,1664
TRACK_B_CONFIRMATORY_LOCK.json,a18854b7ff8dd418f0eb3bcc50f8e761e77c45b4ba9b5ed273f543cb03e2582d,1461
TRACK_B_CONFIRMATORY_PROTOCOL.md,93dc811b11f8d32926e00c06be68921bd233dcb92164db283eb8cc8e8019ccc7,4233
TRACK_B_EXPECTED_RUN_MATRIX.csv,680f32ed364f5458c8327b528183a1e80355ed554abb2b9fc69f201ee32a4f36,127263
TRACK_B_FUNCTION_GROUPS.csv,2ba92e7a0ed41f884f822e68cc20af97744b3cb4ae86b117de7c3a78f30f1f69,851
TRACK_B_INSTANCE_PARTITION.json,14b92668d6ed384715ece86ba573fabd6fc20bf175c6bab9a03eeb101d83ac42,426
TRACK_B_MACHINE_CONTRACT.json,737d29dbf8cc7e7bc995ee1bdfe40da0b9726dc2c0205dbc6ade4d93b3db72ef,470
TRACK_B_PARAMETER_TABLE.csv,44964d02d221a5f77996fa5384d2e9827643d49627893302d20197a222df285a,715
TRACK_B_REQUIREMENTS_LOCK.txt,3ea05994ab8f7d671d8f2933e984112befff00c855fd833a861c39e0d798d6d6,108
TRACK_B_SMOKE_PROTOCOL.md,7ad05913d5367b5c16ecf556b49db4385bb69116c1c6d45fcf8d956188fd20c5,559
TRACK_B_SOURCE_IDENTITY.json,53e2ac08fdd65effcea0f20796cf2dd8399410ad6a99177b53912a7d843ab38c,5894
