algorithm,suite,function_index,dimension,instance_index,budget,seed,shard
BasinGraph,bbob-largescale,1,40,16,8000,20400824,BasinGraph_d40
BasinGraph,bbob-largescale,1,40,17,8000,20400825,BasinGraph_d40
BasinGraph,bbob-largescale,1,40,18,8000,20400826,BasinGraph_d40
BasinGraph,bbob-largescale,2,40,16,8000,20500824,BasinGraph_d40
BasinGraph,bbob-largescale,2,40,17,8000,20500825,BasinGraph_d40
BasinGraph,bbob-largescale,2,40,18,8000,20500826,BasinGraph_d40
BasinGraph,bbob-largescale,3,40,16,8000,20600824,BasinGraph_d40
BasinGraph,bbob-largescale,3,40,17,8000,20600825,BasinGraph_d40
BasinGraph,bbob-largescale,3,40,18,8000,20600826,BasinGraph_d40
BasinGraph,bbob-largescale,4,40,16,8000,20700824,BasinGraph_d40
BasinGraph,bbob-largescale,4,40,17,8000,20700825,BasinGraph_d40
BasinGraph,bbob-largescale,4,40,18,8000,20700826,BasinGraph_d40
BasinGraph,bbob-largescale,5,40,16,8000,20800824,BasinGraph_d40
BasinGraph,bbob-largescale,5,40,17,8000,20800825,BasinGraph_d40
BasinGraph,bbob-largescale,5,40,18,8000,20800826,BasinGraph_d40
BasinGraph,bbob-largescale,6,40,16,8000,20900824,BasinGraph_d40
BasinGraph,bbob-largescale,6,40,17,8000,20900825,BasinGraph_d40
BasinGraph,bbob-largescale,6,40,18,8000,20900826,BasinGraph_d40
BasinGraph,bbob-largescale,7,40,16,8000,21000824,BasinGraph_d40
BasinGraph,bbob-largescale,7,40,17,8000,21000825,BasinGraph_d40
BasinGraph,bbob-largescale,7,40,18,8000,21000826,BasinGraph_d40
BasinGraph,bbob-largescale,8,40,16,8000,21100824,BasinGraph_d40
BasinGraph,bbob-largescale,8,40,17,8000,21100825,BasinGraph_d40
BasinGraph,bbob-largescale,8,40,18,8000,21100826,BasinGraph_d40
BasinGraph,bbob-largescale,9,40,16,8000,21200824,BasinGraph_d40
BasinGraph,bbob-largescale,9,40,17,8000,21200825,BasinGraph_d40
BasinGraph,bbob-largescale,9,40,18,8000,21200826,BasinGraph_d40
BasinGraph,bbob-largescale,10,40,16,8000,21300824,BasinGraph_d40
BasinGraph,bbob-largescale,10,40,17,8000,21300825,BasinGraph_d40
BasinGraph,bbob-largescale,10,40,18,8000,21300826,BasinGraph_d40
BasinGraph,bbob-largescale,11,40,16,8000,21400824,BasinGraph_d40
BasinGraph,bbob-largescale,11,40,17,8000,21400825,BasinGraph_d40
BasinGraph,bbob-largescale,11,40,18,8000,21400826,BasinGraph_d40
BasinGraph,bbob-largescale,12,40,16,8000,21500824,BasinGraph_d40
BasinGraph,bbob-largescale,12,40,17,8000,21500825,BasinGraph_d40
BasinGraph,bbob-largescale,12,40,18,8000,21500826,BasinGraph_d40
BasinGraph,bbob-largescale,13,40,16,8000,21600824,BasinGraph_d40
BasinGraph,bbob-largescale,13,40,17,8000,21600825,BasinGraph_d40
BasinGraph,bbob-largescale,13,40,18,8000,21600826,BasinGraph_d40
BasinGraph,bbob-largescale,14,40,16,8000,21700824,BasinGraph_d40
BasinGraph,bbob-largescale,14,40,17,8000,21700825,BasinGraph_d40
BasinGraph,bbob-largescale,14,40,18,8000,21700826,BasinGraph_d40
BasinGraph,bbob-largescale,15,40,16,8000,21800824,BasinGraph_d40
BasinGraph,bbob-largescale,15,40,17,8000,21800825,BasinGraph_d40
BasinGraph,bbob-largescale,15,40,18,8000,21800826,BasinGraph_d40
BasinGraph,bbob-largescale,16,40,16,8000,21900824,BasinGraph_d40
BasinGraph,bbob-largescale,16,40,17,8000,21900825,BasinGraph_d40
BasinGraph,bbob-largescale,16,40,18,8000,21900826,BasinGraph_d40
BasinGraph,bbob-largescale,17,40,16,8000,22000824,BasinGraph_d40
BasinGraph,bbob-largescale,17,40,17,8000,22000825,BasinGraph_d40
BasinGraph,bbob-largescale,17,40,18,8000,22000826,BasinGraph_d40
BasinGraph,bbob-largescale,18,40,16,8000,22100824,BasinGraph_d40
BasinGraph,bbob-largescale,18,40,17,8000,22100825,BasinGraph_d40
BasinGraph,bbob-largescale,18,40,18,8000,22100826,BasinGraph_d40
BasinGraph,bbob-largescale,19,40,16,8000,22200824,BasinGraph_d40
BasinGraph,bbob-largescale,19,40,17,8000,22200825,BasinGraph_d40
BasinGraph,bbob-largescale,19,40,18,8000,22200826,BasinGraph_d40
BasinGraph,bbob-largescale,20,40,16,8000,22300824,BasinGraph_d40
BasinGraph,bbob-largescale,20,40,17,8000,22300825,BasinGraph_d40
BasinGraph,bbob-largescale,20,40,18,8000,22300826,BasinGraph_d40
BasinGraph,bbob-largescale,21,40,16,8000,22400824,BasinGraph_d40
BasinGraph,bbob-largescale,21,40,17,8000,22400825,BasinGraph_d40
BasinGraph,bbob-largescale,21,40,18,8000,22400826,BasinGraph_d40
BasinGraph,bbob-largescale,22,40,16,8000,22500824,BasinGraph_d40
BasinGraph,bbob-largescale,22,40,17,8000,22500825,BasinGraph_d40
BasinGraph,bbob-largescale,22,40,18,8000,22500826,BasinGraph_d40
BasinGraph,bbob-largescale,23,40,16,8000,22600824,BasinGraph_d40
BasinGraph,bbob-largescale,23,40,17,8000,22600825,BasinGraph_d40
BasinGraph,bbob-largescale,23,40,18,8000,22600826,BasinGraph_d40
BasinGraph,bbob-largescale,24,40,16,8000,22700824,BasinGraph_d40
BasinGraph,bbob-largescale,24,40,17,8000,22700825,BasinGraph_d40
BasinGraph,bbob-largescale,24,40,18,8000,22700826,BasinGraph_d40
BasinGraph,bbob-largescale,1,80,16,16000,20440824,BasinGraph_d80
BasinGraph,bbob-largescale,1,80,17,16000,20440825,BasinGraph_d80
BasinGraph,bbob-largescale,1,80,18,16000,20440826,BasinGraph_d80
BasinGraph,bbob-largescale,2,80,16,16000,20540824,BasinGraph_d80
BasinGraph,bbob-largescale,2,80,17,16000,20540825,BasinGraph_d80
BasinGraph,bbob-largescale,2,80,18,16000,20540826,BasinGraph_d80
BasinGraph,bbob-largescale,3,80,16,16000,20640824,BasinGraph_d80
BasinGraph,bbob-largescale,3,80,17,16000,20640825,BasinGraph_d80
BasinGraph,bbob-largescale,3,80,18,16000,20640826,BasinGraph_d80
BasinGraph,bbob-largescale,4,80,16,16000,20740824,BasinGraph_d80
BasinGraph,bbob-largescale,4,80,17,16000,20740825,BasinGraph_d80
BasinGraph,bbob-largescale,4,80,18,16000,20740826,BasinGraph_d80
BasinGraph,bbob-largescale,5,80,16,16000,20840824,BasinGraph_d80
BasinGraph,bbob-largescale,5,80,17,16000,20840825,BasinGraph_d80
BasinGraph,bbob-largescale,5,80,18,16000,20840826,BasinGraph_d80
BasinGraph,bbob-largescale,6,80,16,16000,20940824,BasinGraph_d80
BasinGraph,bbob-largescale,6,80,17,16000,20940825,BasinGraph_d80
BasinGraph,bbob-largescale,6,80,18,16000,20940826,BasinGraph_d80
BasinGraph,bbob-largescale,7,80,16,16000,21040824,BasinGraph_d80
BasinGraph,bbob-largescale,7,80,17,16000,21040825,BasinGraph_d80
BasinGraph,bbob-largescale,7,80,18,16000,21040826,BasinGraph_d80
BasinGraph,bbob-largescale,8,80,16,16000,21140824,BasinGraph_d80
BasinGraph,bbob-largescale,8,80,17,16000,21140825,BasinGraph_d80
BasinGraph,bbob-largescale,8,80,18,16000,21140826,BasinGraph_d80
BasinGraph,bbob-largescale,9,80,16,16000,21240824,BasinGraph_d80
BasinGraph,bbob-largescale,9,80,17,16000,21240825,BasinGraph_d80
BasinGraph,bbob-largescale,9,80,18,16000,21240826,BasinGraph_d80
BasinGraph,bbob-largescale,10,80,16,16000,21340824,BasinGraph_d80
BasinGraph,bbob-largescale,10,80,17,16000,21340825,BasinGraph_d80
BasinGraph,bbob-largescale,10,80,18,16000,21340826,BasinGraph_d80
BasinGraph,bbob-largescale,11,80,16,16000,21440824,BasinGraph_d80
BasinGraph,bbob-largescale,11,80,17,16000,21440825,BasinGraph_d80
BasinGraph,bbob-largescale,11,80,18,16000,21440826,BasinGraph_d80
BasinGraph,bbob-largescale,12,80,16,16000,21540824,BasinGraph_d80
BasinGraph,bbob-largescale,12,80,17,16000,21540825,BasinGraph_d80
BasinGraph,bbob-largescale,12,80,18,16000,21540826,BasinGraph_d80
BasinGraph,bbob-largescale,13,80,16,16000,21640824,BasinGraph_d80
BasinGraph,bbob-largescale,13,80,17,16000,21640825,BasinGraph_d80
BasinGraph,bbob-largescale,13,80,18,16000,21640826,BasinGraph_d80
BasinGraph,bbob-largescale,14,80,16,16000,21740824,BasinGraph_d80
BasinGraph,bbob-largescale,14,80,17,16000,21740825,BasinGraph_d80
BasinGraph,bbob-largescale,14,80,18,16000,21740826,BasinGraph_d80
BasinGraph,bbob-largescale,15,80,16,16000,21840824,BasinGraph_d80
BasinGraph,bbob-largescale,15,80,17,16000,21840825,BasinGraph_d80
BasinGraph,bbob-largescale,15,80,18,16000,21840826,BasinGraph_d80
BasinGraph,bbob-largescale,16,80,16,16000,21940824,BasinGraph_d80
BasinGraph,bbob-largescale,16,80,17,16000,21940825,BasinGraph_d80
BasinGraph,bbob-largescale,16,80,18,16000,21940826,BasinGraph_d80
BasinGraph,bbob-largescale,17,80,16,16000,22040824,BasinGraph_d80
BasinGraph,bbob-largescale,17,80,17,16000,22040825,BasinGraph_d80
BasinGraph,bbob-largescale,17,80,18,16000,22040826,BasinGraph_d80
BasinGraph,bbob-largescale,18,80,16,16000,22140824,BasinGraph_d80
BasinGraph,bbob-largescale,18,80,17,16000,22140825,BasinGraph_d80
BasinGraph,bbob-largescale,18,80,18,16000,22140826,BasinGraph_d80
BasinGraph,bbob-largescale,19,80,16,16000,22240824,BasinGraph_d80
BasinGraph,bbob-largescale,19,80,17,16000,22240825,BasinGraph_d80
BasinGraph,bbob-largescale,19,80,18,16000,22240826,BasinGraph_d80
BasinGraph,bbob-largescale,20,80,16,16000,22340824,BasinGraph_d80
BasinGraph,bbob-largescale,20,80,17,16000,22340825,BasinGraph_d80
BasinGraph,bbob-largescale,20,80,18,16000,22340826,BasinGraph_d80
BasinGraph,bbob-largescale,21,80,16,16000,22440824,BasinGraph_d80
BasinGraph,bbob-largescale,21,80,17,16000,22440825,BasinGraph_d80
BasinGraph,bbob-largescale,21,80,18,16000,22440826,BasinGraph_d80
BasinGraph,bbob-largescale,22,80,16,16000,22540824,BasinGraph_d80
BasinGraph,bbob-largescale,22,80,17,16000,22540825,BasinGraph_d80
BasinGraph,bbob-largescale,22,80,18,16000,22540826,BasinGraph_d80
BasinGraph,bbob-largescale,23,80,16,16000,22640824,BasinGraph_d80
BasinGraph,bbob-largescale,23,80,17,16000,22640825,BasinGraph_d80
BasinGraph,bbob-largescale,23,80,18,16000,22640826,BasinGraph_d80
BasinGraph,bbob-largescale,24,80,16,16000,22740824,BasinGraph_d80
BasinGraph,bbob-largescale,24,80,17,16000,22740825,BasinGraph_d80
BasinGraph,bbob-largescale,24,80,18,16000,22740826,BasinGraph_d80
BasinGraph,bbob-largescale,1,160,16,32000,20520824,BasinGraph_d160
BasinGraph,bbob-largescale,1,160,17,32000,20520825,BasinGraph_d160
BasinGraph,bbob-largescale,1,160,18,32000,20520826,BasinGraph_d160
BasinGraph,bbob-largescale,2,160,16,32000,20620824,BasinGraph_d160
BasinGraph,bbob-largescale,2,160,17,32000,20620825,BasinGraph_d160
BasinGraph,bbob-largescale,2,160,18,32000,20620826,BasinGraph_d160
BasinGraph,bbob-largescale,3,160,16,32000,20720824,BasinGraph_d160
BasinGraph,bbob-largescale,3,160,17,32000,20720825,BasinGraph_d160
BasinGraph,bbob-largescale,3,160,18,32000,20720826,BasinGraph_d160
BasinGraph,bbob-largescale,4,160,16,32000,20820824,BasinGraph_d160
BasinGraph,bbob-largescale,4,160,17,32000,20820825,BasinGraph_d160
BasinGraph,bbob-largescale,4,160,18,32000,20820826,BasinGraph_d160
BasinGraph,bbob-largescale,5,160,16,32000,20920824,BasinGraph_d160
BasinGraph,bbob-largescale,5,160,17,32000,20920825,BasinGraph_d160
BasinGraph,bbob-largescale,5,160,18,32000,20920826,BasinGraph_d160
BasinGraph,bbob-largescale,6,160,16,32000,21020824,BasinGraph_d160
BasinGraph,bbob-largescale,6,160,17,32000,21020825,BasinGraph_d160
BasinGraph,bbob-largescale,6,160,18,32000,21020826,BasinGraph_d160
BasinGraph,bbob-largescale,7,160,16,32000,21120824,BasinGraph_d160
BasinGraph,bbob-largescale,7,160,17,32000,21120825,BasinGraph_d160
BasinGraph,bbob-largescale,7,160,18,32000,21120826,BasinGraph_d160
BasinGraph,bbob-largescale,8,160,16,32000,21220824,BasinGraph_d160
BasinGraph,bbob-largescale,8,160,17,32000,21220825,BasinGraph_d160
BasinGraph,bbob-largescale,8,160,18,32000,21220826,BasinGraph_d160
BasinGraph,bbob-largescale,9,160,16,32000,21320824,BasinGraph_d160
BasinGraph,bbob-largescale,9,160,17,32000,21320825,BasinGraph_d160
BasinGraph,bbob-largescale,9,160,18,32000,21320826,BasinGraph_d160
BasinGraph,bbob-largescale,10,160,16,32000,21420824,BasinGraph_d160
BasinGraph,bbob-largescale,10,160,17,32000,21420825,BasinGraph_d160
BasinGraph,bbob-largescale,10,160,18,32000,21420826,BasinGraph_d160
BasinGraph,bbob-largescale,11,160,16,32000,21520824,BasinGraph_d160
BasinGraph,bbob-largescale,11,160,17,32000,21520825,BasinGraph_d160
BasinGraph,bbob-largescale,11,160,18,32000,21520826,BasinGraph_d160
BasinGraph,bbob-largescale,12,160,16,32000,21620824,BasinGraph_d160
BasinGraph,bbob-largescale,12,160,17,32000,21620825,BasinGraph_d160
BasinGraph,bbob-largescale,12,160,18,32000,21620826,BasinGraph_d160
BasinGraph,bbob-largescale,13,160,16,32000,21720824,BasinGraph_d160
BasinGraph,bbob-largescale,13,160,17,32000,21720825,BasinGraph_d160
BasinGraph,bbob-largescale,13,160,18,32000,21720826,BasinGraph_d160
BasinGraph,bbob-largescale,14,160,16,32000,21820824,BasinGraph_d160
BasinGraph,bbob-largescale,14,160,17,32000,21820825,BasinGraph_d160
BasinGraph,bbob-largescale,14,160,18,32000,21820826,BasinGraph_d160
BasinGraph,bbob-largescale,15,160,16,32000,21920824,BasinGraph_d160
BasinGraph,bbob-largescale,15,160,17,32000,21920825,BasinGraph_d160
BasinGraph,bbob-largescale,15,160,18,32000,21920826,BasinGraph_d160
BasinGraph,bbob-largescale,16,160,16,32000,22020824,BasinGraph_d160
BasinGraph,bbob-largescale,16,160,17,32000,22020825,BasinGraph_d160
BasinGraph,bbob-largescale,16,160,18,32000,22020826,BasinGraph_d160
BasinGraph,bbob-largescale,17,160,16,32000,22120824,BasinGraph_d160
BasinGraph,bbob-largescale,17,160,17,32000,22120825,BasinGraph_d160
BasinGraph,bbob-largescale,17,160,18,32000,22120826,BasinGraph_d160
BasinGraph,bbob-largescale,18,160,16,32000,22220824,BasinGraph_d160
BasinGraph,bbob-largescale,18,160,17,32000,22220825,BasinGraph_d160
BasinGraph,bbob-largescale,18,160,18,32000,22220826,BasinGraph_d160
BasinGraph,bbob-largescale,19,160,16,32000,22320824,BasinGraph_d160
BasinGraph,bbob-largescale,19,160,17,32000,22320825,BasinGraph_d160
BasinGraph,bbob-largescale,19,160,18,32000,22320826,BasinGraph_d160
BasinGraph,bbob-largescale,20,160,16,32000,22420824,BasinGraph_d160
BasinGraph,bbob-largescale,20,160,17,32000,22420825,BasinGraph_d160
BasinGraph,bbob-largescale,20,160,18,32000,22420826,BasinGraph_d160
BasinGraph,bbob-largescale,21,160,16,32000,22520824,BasinGraph_d160
BasinGraph,bbob-largescale,21,160,17,32000,22520825,BasinGraph_d160
BasinGraph,bbob-largescale,21,160,18,32000,22520826,BasinGraph_d160
BasinGraph,bbob-largescale,22,160,16,32000,22620824,BasinGraph_d160
BasinGraph,bbob-largescale,22,160,17,32000,22620825,BasinGraph_d160
BasinGraph,bbob-largescale,22,160,18,32000,22620826,BasinGraph_d160
BasinGraph,bbob-largescale,23,160,16,32000,22720824,BasinGraph_d160
BasinGraph,bbob-largescale,23,160,17,32000,22720825,BasinGraph_d160
BasinGraph,bbob-largescale,23,160,18,32000,22720826,BasinGraph_d160
BasinGraph,bbob-largescale,24,160,16,32000,22820824,BasinGraph_d160
BasinGraph,bbob-largescale,24,160,17,32000,22820825,BasinGraph_d160
BasinGraph,bbob-largescale,24,160,18,32000,22820826,BasinGraph_d160
BasinGraph,bbob-largescale,1,320,16,64000,20680824,BasinGraph_d320
BasinGraph,bbob-largescale,1,320,17,64000,20680825,BasinGraph_d320
BasinGraph,bbob-largescale,1,320,18,64000,20680826,BasinGraph_d320
BasinGraph,bbob-largescale,2,320,16,64000,20780824,BasinGraph_d320
BasinGraph,bbob-largescale,2,320,17,64000,20780825,BasinGraph_d320
BasinGraph,bbob-largescale,2,320,18,64000,20780826,BasinGraph_d320
BasinGraph,bbob-largescale,3,320,16,64000,20880824,BasinGraph_d320
BasinGraph,bbob-largescale,3,320,17,64000,20880825,BasinGraph_d320
BasinGraph,bbob-largescale,3,320,18,64000,20880826,BasinGraph_d320
BasinGraph,bbob-largescale,4,320,16,64000,20980824,BasinGraph_d320
BasinGraph,bbob-largescale,4,320,17,64000,20980825,BasinGraph_d320
BasinGraph,bbob-largescale,4,320,18,64000,20980826,BasinGraph_d320
BasinGraph,bbob-largescale,5,320,16,64000,21080824,BasinGraph_d320
BasinGraph,bbob-largescale,5,320,17,64000,21080825,BasinGraph_d320
BasinGraph,bbob-largescale,5,320,18,64000,21080826,BasinGraph_d320
BasinGraph,bbob-largescale,6,320,16,64000,21180824,BasinGraph_d320
BasinGraph,bbob-largescale,6,320,17,64000,21180825,BasinGraph_d320
BasinGraph,bbob-largescale,6,320,18,64000,21180826,BasinGraph_d320
BasinGraph,bbob-largescale,7,320,16,64000,21280824,BasinGraph_d320
BasinGraph,bbob-largescale,7,320,17,64000,21280825,BasinGraph_d320
BasinGraph,bbob-largescale,7,320,18,64000,21280826,BasinGraph_d320
BasinGraph,bbob-largescale,8,320,16,64000,21380824,BasinGraph_d320
BasinGraph,bbob-largescale,8,320,17,64000,21380825,BasinGraph_d320
BasinGraph,bbob-largescale,8,320,18,64000,21380826,BasinGraph_d320
BasinGraph,bbob-largescale,9,320,16,64000,21480824,BasinGraph_d320
BasinGraph,bbob-largescale,9,320,17,64000,21480825,BasinGraph_d320
BasinGraph,bbob-largescale,9,320,18,64000,21480826,BasinGraph_d320
BasinGraph,bbob-largescale,10,320,16,64000,21580824,BasinGraph_d320
BasinGraph,bbob-largescale,10,320,17,64000,21580825,BasinGraph_d320
BasinGraph,bbob-largescale,10,320,18,64000,21580826,BasinGraph_d320
BasinGraph,bbob-largescale,11,320,16,64000,21680824,BasinGraph_d320
BasinGraph,bbob-largescale,11,320,17,64000,21680825,BasinGraph_d320
BasinGraph,bbob-largescale,11,320,18,64000,21680826,BasinGraph_d320
BasinGraph,bbob-largescale,12,320,16,64000,21780824,BasinGraph_d320
BasinGraph,bbob-largescale,12,320,17,64000,21780825,BasinGraph_d320
BasinGraph,bbob-largescale,12,320,18,64000,21780826,BasinGraph_d320
BasinGraph,bbob-largescale,13,320,16,64000,21880824,BasinGraph_d320
BasinGraph,bbob-largescale,13,320,17,64000,21880825,BasinGraph_d320
BasinGraph,bbob-largescale,13,320,18,64000,21880826,BasinGraph_d320
BasinGraph,bbob-largescale,14,320,16,64000,21980824,BasinGraph_d320
BasinGraph,bbob-largescale,14,320,17,64000,21980825,BasinGraph_d320
BasinGraph,bbob-largescale,14,320,18,64000,21980826,BasinGraph_d320
BasinGraph,bbob-largescale,15,320,16,64000,22080824,BasinGraph_d320
BasinGraph,bbob-largescale,15,320,17,64000,22080825,BasinGraph_d320
BasinGraph,bbob-largescale,15,320,18,64000,22080826,BasinGraph_d320
BasinGraph,bbob-largescale,16,320,16,64000,22180824,BasinGraph_d320
BasinGraph,bbob-largescale,16,320,17,64000,22180825,BasinGraph_d320
BasinGraph,bbob-largescale,16,320,18,64000,22180826,BasinGraph_d320
BasinGraph,bbob-largescale,17,320,16,64000,22280824,BasinGraph_d320
BasinGraph,bbob-largescale,17,320,17,64000,22280825,BasinGraph_d320
BasinGraph,bbob-largescale,17,320,18,64000,22280826,BasinGraph_d320
BasinGraph,bbob-largescale,18,320,16,64000,22380824,BasinGraph_d320
BasinGraph,bbob-largescale,18,320,17,64000,22380825,BasinGraph_d320
BasinGraph,bbob-largescale,18,320,18,64000,22380826,BasinGraph_d320
BasinGraph,bbob-largescale,19,320,16,64000,22480824,BasinGraph_d320
BasinGraph,bbob-largescale,19,320,17,64000,22480825,BasinGraph_d320
BasinGraph,bbob-largescale,19,320,18,64000,22480826,BasinGraph_d320
BasinGraph,bbob-largescale,20,320,16,64000,22580824,BasinGraph_d320
BasinGraph,bbob-largescale,20,320,17,64000,22580825,BasinGraph_d320
BasinGraph,bbob-largescale,20,320,18,64000,22580826,BasinGraph_d320
BasinGraph,bbob-largescale,21,320,16,64000,22680824,BasinGraph_d320
BasinGraph,bbob-largescale,21,320,17,64000,22680825,BasinGraph_d320
BasinGraph,bbob-largescale,21,320,18,64000,22680826,BasinGraph_d320
BasinGraph,bbob-largescale,22,320,16,64000,22780824,BasinGraph_d320
BasinGraph,bbob-largescale,22,320,17,64000,22780825,BasinGraph_d320
BasinGraph,bbob-largescale,22,320,18,64000,22780826,BasinGraph_d320
BasinGraph,bbob-largescale,23,320,16,64000,22880824,BasinGraph_d320
BasinGraph,bbob-largescale,23,320,17,64000,22880825,BasinGraph_d320
BasinGraph,bbob-largescale,23,320,18,64000,22880826,BasinGraph_d320
BasinGraph,bbob-largescale,24,320,16,64000,22980824,BasinGraph_d320
BasinGraph,bbob-largescale,24,320,17,64000,22980825,BasinGraph_d320
BasinGraph,bbob-largescale,24,320,18,64000,22980826,BasinGraph_d320
CMA_ES,bbob-largescale,1,40,16,8000,20400824,CMA_ES_d40
CMA_ES,bbob-largescale,1,40,17,8000,20400825,CMA_ES_d40
CMA_ES,bbob-largescale,1,40,18,8000,20400826,CMA_ES_d40
CMA_ES,bbob-largescale,2,40,16,8000,20500824,CMA_ES_d40
CMA_ES,bbob-largescale,2,40,17,8000,20500825,CMA_ES_d40
CMA_ES,bbob-largescale,2,40,18,8000,20500826,CMA_ES_d40
CMA_ES,bbob-largescale,3,40,16,8000,20600824,CMA_ES_d40
CMA_ES,bbob-largescale,3,40,17,8000,20600825,CMA_ES_d40
CMA_ES,bbob-largescale,3,40,18,8000,20600826,CMA_ES_d40
CMA_ES,bbob-largescale,4,40,16,8000,20700824,CMA_ES_d40
CMA_ES,bbob-largescale,4,40,17,8000,20700825,CMA_ES_d40
CMA_ES,bbob-largescale,4,40,18,8000,20700826,CMA_ES_d40
CMA_ES,bbob-largescale,5,40,16,8000,20800824,CMA_ES_d40
CMA_ES,bbob-largescale,5,40,17,8000,20800825,CMA_ES_d40
CMA_ES,bbob-largescale,5,40,18,8000,20800826,CMA_ES_d40
CMA_ES,bbob-largescale,6,40,16,8000,20900824,CMA_ES_d40
CMA_ES,bbob-largescale,6,40,17,8000,20900825,CMA_ES_d40
CMA_ES,bbob-largescale,6,40,18,8000,20900826,CMA_ES_d40
CMA_ES,bbob-largescale,7,40,16,8000,21000824,CMA_ES_d40
CMA_ES,bbob-largescale,7,40,17,8000,21000825,CMA_ES_d40
CMA_ES,bbob-largescale,7,40,18,8000,21000826,CMA_ES_d40
CMA_ES,bbob-largescale,8,40,16,8000,21100824,CMA_ES_d40
CMA_ES,bbob-largescale,8,40,17,8000,21100825,CMA_ES_d40
CMA_ES,bbob-largescale,8,40,18,8000,21100826,CMA_ES_d40
CMA_ES,bbob-largescale,9,40,16,8000,21200824,CMA_ES_d40
CMA_ES,bbob-largescale,9,40,17,8000,21200825,CMA_ES_d40
CMA_ES,bbob-largescale,9,40,18,8000,21200826,CMA_ES_d40
CMA_ES,bbob-largescale,10,40,16,8000,21300824,CMA_ES_d40
CMA_ES,bbob-largescale,10,40,17,8000,21300825,CMA_ES_d40
CMA_ES,bbob-largescale,10,40,18,8000,21300826,CMA_ES_d40
CMA_ES,bbob-largescale,11,40,16,8000,21400824,CMA_ES_d40
CMA_ES,bbob-largescale,11,40,17,8000,21400825,CMA_ES_d40
CMA_ES,bbob-largescale,11,40,18,8000,21400826,CMA_ES_d40
CMA_ES,bbob-largescale,12,40,16,8000,21500824,CMA_ES_d40
CMA_ES,bbob-largescale,12,40,17,8000,21500825,CMA_ES_d40
CMA_ES,bbob-largescale,12,40,18,8000,21500826,CMA_ES_d40
CMA_ES,bbob-largescale,13,40,16,8000,21600824,CMA_ES_d40
CMA_ES,bbob-largescale,13,40,17,8000,21600825,CMA_ES_d40
CMA_ES,bbob-largescale,13,40,18,8000,21600826,CMA_ES_d40
CMA_ES,bbob-largescale,14,40,16,8000,21700824,CMA_ES_d40
CMA_ES,bbob-largescale,14,40,17,8000,21700825,CMA_ES_d40
CMA_ES,bbob-largescale,14,40,18,8000,21700826,CMA_ES_d40
CMA_ES,bbob-largescale,15,40,16,8000,21800824,CMA_ES_d40
CMA_ES,bbob-largescale,15,40,17,8000,21800825,CMA_ES_d40
CMA_ES,bbob-largescale,15,40,18,8000,21800826,CMA_ES_d40
CMA_ES,bbob-largescale,16,40,16,8000,21900824,CMA_ES_d40
CMA_ES,bbob-largescale,16,40,17,8000,21900825,CMA_ES_d40
CMA_ES,bbob-largescale,16,40,18,8000,21900826,CMA_ES_d40
CMA_ES,bbob-largescale,17,40,16,8000,22000824,CMA_ES_d40
CMA_ES,bbob-largescale,17,40,17,8000,22000825,CMA_ES_d40
CMA_ES,bbob-largescale,17,40,18,8000,22000826,CMA_ES_d40
CMA_ES,bbob-largescale,18,40,16,8000,22100824,CMA_ES_d40
CMA_ES,bbob-largescale,18,40,17,8000,22100825,CMA_ES_d40
CMA_ES,bbob-largescale,18,40,18,8000,22100826,CMA_ES_d40
CMA_ES,bbob-largescale,19,40,16,8000,22200824,CMA_ES_d40
CMA_ES,bbob-largescale,19,40,17,8000,22200825,CMA_ES_d40
CMA_ES,bbob-largescale,19,40,18,8000,22200826,CMA_ES_d40
CMA_ES,bbob-largescale,20,40,16,8000,22300824,CMA_ES_d40
CMA_ES,bbob-largescale,20,40,17,8000,22300825,CMA_ES_d40
CMA_ES,bbob-largescale,20,40,18,8000,22300826,CMA_ES_d40
CMA_ES,bbob-largescale,21,40,16,8000,22400824,CMA_ES_d40
CMA_ES,bbob-largescale,21,40,17,8000,22400825,CMA_ES_d40
CMA_ES,bbob-largescale,21,40,18,8000,22400826,CMA_ES_d40
CMA_ES,bbob-largescale,22,40,16,8000,22500824,CMA_ES_d40
CMA_ES,bbob-largescale,22,40,17,8000,22500825,CMA_ES_d40
CMA_ES,bbob-largescale,22,40,18,8000,22500826,CMA_ES_d40
CMA_ES,bbob-largescale,23,40,16,8000,22600824,CMA_ES_d40
CMA_ES,bbob-largescale,23,40,17,8000,22600825,CMA_ES_d40
CMA_ES,bbob-largescale,23,40,18,8000,22600826,CMA_ES_d40
CMA_ES,bbob-largescale,24,40,16,8000,22700824,CMA_ES_d40
CMA_ES,bbob-largescale,24,40,17,8000,22700825,CMA_ES_d40
CMA_ES,bbob-largescale,24,40,18,8000,22700826,CMA_ES_d40
CMA_ES,bbob-largescale,1,80,16,16000,20440824,CMA_ES_d80
CMA_ES,bbob-largescale,1,80,17,16000,20440825,CMA_ES_d80
CMA_ES,bbob-largescale,1,80,18,16000,20440826,CMA_ES_d80
CMA_ES,bbob-largescale,2,80,16,16000,20540824,CMA_ES_d80
CMA_ES,bbob-largescale,2,80,17,16000,20540825,CMA_ES_d80
CMA_ES,bbob-largescale,2,80,18,16000,20540826,CMA_ES_d80
CMA_ES,bbob-largescale,3,80,16,16000,20640824,CMA_ES_d80
CMA_ES,bbob-largescale,3,80,17,16000,20640825,CMA_ES_d80
CMA_ES,bbob-largescale,3,80,18,16000,20640826,CMA_ES_d80
CMA_ES,bbob-largescale,4,80,16,16000,20740824,CMA_ES_d80
CMA_ES,bbob-largescale,4,80,17,16000,20740825,CMA_ES_d80
CMA_ES,bbob-largescale,4,80,18,16000,20740826,CMA_ES_d80
CMA_ES,bbob-largescale,5,80,16,16000,20840824,CMA_ES_d80
CMA_ES,bbob-largescale,5,80,17,16000,20840825,CMA_ES_d80
CMA_ES,bbob-largescale,5,80,18,16000,20840826,CMA_ES_d80
CMA_ES,bbob-largescale,6,80,16,16000,20940824,CMA_ES_d80
CMA_ES,bbob-largescale,6,80,17,16000,20940825,CMA_ES_d80
CMA_ES,bbob-largescale,6,80,18,16000,20940826,CMA_ES_d80
CMA_ES,bbob-largescale,7,80,16,16000,21040824,CMA_ES_d80
CMA_ES,bbob-largescale,7,80,17,16000,21040825,CMA_ES_d80
CMA_ES,bbob-largescale,7,80,18,16000,21040826,CMA_ES_d80
CMA_ES,bbob-largescale,8,80,16,16000,21140824,CMA_ES_d80
CMA_ES,bbob-largescale,8,80,17,16000,21140825,CMA_ES_d80
CMA_ES,bbob-largescale,8,80,18,16000,21140826,CMA_ES_d80
CMA_ES,bbob-largescale,9,80,16,16000,21240824,CMA_ES_d80
CMA_ES,bbob-largescale,9,80,17,16000,21240825,CMA_ES_d80
CMA_ES,bbob-largescale,9,80,18,16000,21240826,CMA_ES_d80
CMA_ES,bbob-largescale,10,80,16,16000,21340824,CMA_ES_d80
CMA_ES,bbob-largescale,10,80,17,16000,21340825,CMA_ES_d80
CMA_ES,bbob-largescale,10,80,18,16000,21340826,CMA_ES_d80
CMA_ES,bbob-largescale,11,80,16,16000,21440824,CMA_ES_d80
CMA_ES,bbob-largescale,11,80,17,16000,21440825,CMA_ES_d80
CMA_ES,bbob-largescale,11,80,18,16000,21440826,CMA_ES_d80
CMA_ES,bbob-largescale,12,80,16,16000,21540824,CMA_ES_d80
CMA_ES,bbob-largescale,12,80,17,16000,21540825,CMA_ES_d80
CMA_ES,bbob-largescale,12,80,18,16000,21540826,CMA_ES_d80
CMA_ES,bbob-largescale,13,80,16,16000,21640824,CMA_ES_d80
CMA_ES,bbob-largescale,13,80,17,16000,21640825,CMA_ES_d80
CMA_ES,bbob-largescale,13,80,18,16000,21640826,CMA_ES_d80
CMA_ES,bbob-largescale,14,80,16,16000,21740824,CMA_ES_d80
CMA_ES,bbob-largescale,14,80,17,16000,21740825,CMA_ES_d80
CMA_ES,bbob-largescale,14,80,18,16000,21740826,CMA_ES_d80
CMA_ES,bbob-largescale,15,80,16,16000,21840824,CMA_ES_d80
CMA_ES,bbob-largescale,15,80,17,16000,21840825,CMA_ES_d80
CMA_ES,bbob-largescale,15,80,18,16000,21840826,CMA_ES_d80
CMA_ES,bbob-largescale,16,80,16,16000,21940824,CMA_ES_d80
CMA_ES,bbob-largescale,16,80,17,16000,21940825,CMA_ES_d80
CMA_ES,bbob-largescale,16,80,18,16000,21940826,CMA_ES_d80
CMA_ES,bbob-largescale,17,80,16,16000,22040824,CMA_ES_d80
CMA_ES,bbob-largescale,17,80,17,16000,22040825,CMA_ES_d80
CMA_ES,bbob-largescale,17,80,18,16000,22040826,CMA_ES_d80
CMA_ES,bbob-largescale,18,80,16,16000,22140824,CMA_ES_d80
CMA_ES,bbob-largescale,18,80,17,16000,22140825,CMA_ES_d80
CMA_ES,bbob-largescale,18,80,18,16000,22140826,CMA_ES_d80
CMA_ES,bbob-largescale,19,80,16,16000,22240824,CMA_ES_d80
CMA_ES,bbob-largescale,19,80,17,16000,22240825,CMA_ES_d80
CMA_ES,bbob-largescale,19,80,18,16000,22240826,CMA_ES_d80
CMA_ES,bbob-largescale,20,80,16,16000,22340824,CMA_ES_d80
CMA_ES,bbob-largescale,20,80,17,16000,22340825,CMA_ES_d80
CMA_ES,bbob-largescale,20,80,18,16000,22340826,CMA_ES_d80
CMA_ES,bbob-largescale,21,80,16,16000,22440824,CMA_ES_d80
CMA_ES,bbob-largescale,21,80,17,16000,22440825,CMA_ES_d80
CMA_ES,bbob-largescale,21,80,18,16000,22440826,CMA_ES_d80
CMA_ES,bbob-largescale,22,80,16,16000,22540824,CMA_ES_d80
CMA_ES,bbob-largescale,22,80,17,16000,22540825,CMA_ES_d80
CMA_ES,bbob-largescale,22,80,18,16000,22540826,CMA_ES_d80
CMA_ES,bbob-largescale,23,80,16,16000,22640824,CMA_ES_d80
CMA_ES,bbob-largescale,23,80,17,16000,22640825,CMA_ES_d80
CMA_ES,bbob-largescale,23,80,18,16000,22640826,CMA_ES_d80
CMA_ES,bbob-largescale,24,80,16,16000,22740824,CMA_ES_d80
CMA_ES,bbob-largescale,24,80,17,16000,22740825,CMA_ES_d80
CMA_ES,bbob-largescale,24,80,18,16000,22740826,CMA_ES_d80
CMA_ES,bbob-largescale,1,160,16,32000,20520824,CMA_ES_d160
CMA_ES,bbob-largescale,1,160,17,32000,20520825,CMA_ES_d160
CMA_ES,bbob-largescale,1,160,18,32000,20520826,CMA_ES_d160
CMA_ES,bbob-largescale,2,160,16,32000,20620824,CMA_ES_d160
CMA_ES,bbob-largescale,2,160,17,32000,20620825,CMA_ES_d160
CMA_ES,bbob-largescale,2,160,18,32000,20620826,CMA_ES_d160
CMA_ES,bbob-largescale,3,160,16,32000,20720824,CMA_ES_d160
CMA_ES,bbob-largescale,3,160,17,32000,20720825,CMA_ES_d160
CMA_ES,bbob-largescale,3,160,18,32000,20720826,CMA_ES_d160
CMA_ES,bbob-largescale,4,160,16,32000,20820824,CMA_ES_d160
CMA_ES,bbob-largescale,4,160,17,32000,20820825,CMA_ES_d160
CMA_ES,bbob-largescale,4,160,18,32000,20820826,CMA_ES_d160
CMA_ES,bbob-largescale,5,160,16,32000,20920824,CMA_ES_d160
CMA_ES,bbob-largescale,5,160,17,32000,20920825,CMA_ES_d160
CMA_ES,bbob-largescale,5,160,18,32000,20920826,CMA_ES_d160
CMA_ES,bbob-largescale,6,160,16,32000,21020824,CMA_ES_d160
CMA_ES,bbob-largescale,6,160,17,32000,21020825,CMA_ES_d160
CMA_ES,bbob-largescale,6,160,18,32000,21020826,CMA_ES_d160
CMA_ES,bbob-largescale,7,160,16,32000,21120824,CMA_ES_d160
CMA_ES,bbob-largescale,7,160,17,32000,21120825,CMA_ES_d160
CMA_ES,bbob-largescale,7,160,18,32000,21120826,CMA_ES_d160
CMA_ES,bbob-largescale,8,160,16,32000,21220824,CMA_ES_d160
CMA_ES,bbob-largescale,8,160,17,32000,21220825,CMA_ES_d160
CMA_ES,bbob-largescale,8,160,18,32000,21220826,CMA_ES_d160
CMA_ES,bbob-largescale,9,160,16,32000,21320824,CMA_ES_d160
CMA_ES,bbob-largescale,9,160,17,32000,21320825,CMA_ES_d160
CMA_ES,bbob-largescale,9,160,18,32000,21320826,CMA_ES_d160
CMA_ES,bbob-largescale,10,160,16,32000,21420824,CMA_ES_d160
CMA_ES,bbob-largescale,10,160,17,32000,21420825,CMA_ES_d160
CMA_ES,bbob-largescale,10,160,18,32000,21420826,CMA_ES_d160
CMA_ES,bbob-largescale,11,160,16,32000,21520824,CMA_ES_d160
CMA_ES,bbob-largescale,11,160,17,32000,21520825,CMA_ES_d160
CMA_ES,bbob-largescale,11,160,18,32000,21520826,CMA_ES_d160
CMA_ES,bbob-largescale,12,160,16,32000,21620824,CMA_ES_d160
CMA_ES,bbob-largescale,12,160,17,32000,21620825,CMA_ES_d160
CMA_ES,bbob-largescale,12,160,18,32000,21620826,CMA_ES_d160
CMA_ES,bbob-largescale,13,160,16,32000,21720824,CMA_ES_d160
CMA_ES,bbob-largescale,13,160,17,32000,21720825,CMA_ES_d160
CMA_ES,bbob-largescale,13,160,18,32000,21720826,CMA_ES_d160
CMA_ES,bbob-largescale,14,160,16,32000,21820824,CMA_ES_d160
CMA_ES,bbob-largescale,14,160,17,32000,21820825,CMA_ES_d160
CMA_ES,bbob-largescale,14,160,18,32000,21820826,CMA_ES_d160
CMA_ES,bbob-largescale,15,160,16,32000,21920824,CMA_ES_d160
CMA_ES,bbob-largescale,15,160,17,32000,21920825,CMA_ES_d160
CMA_ES,bbob-largescale,15,160,18,32000,21920826,CMA_ES_d160
CMA_ES,bbob-largescale,16,160,16,32000,22020824,CMA_ES_d160
CMA_ES,bbob-largescale,16,160,17,32000,22020825,CMA_ES_d160
CMA_ES,bbob-largescale,16,160,18,32000,22020826,CMA_ES_d160
CMA_ES,bbob-largescale,17,160,16,32000,22120824,CMA_ES_d160
CMA_ES,bbob-largescale,17,160,17,32000,22120825,CMA_ES_d160
CMA_ES,bbob-largescale,17,160,18,32000,22120826,CMA_ES_d160
CMA_ES,bbob-largescale,18,160,16,32000,22220824,CMA_ES_d160
CMA_ES,bbob-largescale,18,160,17,32000,22220825,CMA_ES_d160
CMA_ES,bbob-largescale,18,160,18,32000,22220826,CMA_ES_d160
CMA_ES,bbob-largescale,19,160,16,32000,22320824,CMA_ES_d160
CMA_ES,bbob-largescale,19,160,17,32000,22320825,CMA_ES_d160
CMA_ES,bbob-largescale,19,160,18,32000,22320826,CMA_ES_d160
CMA_ES,bbob-largescale,20,160,16,32000,22420824,CMA_ES_d160
CMA_ES,bbob-largescale,20,160,17,32000,22420825,CMA_ES_d160
CMA_ES,bbob-largescale,20,160,18,32000,22420826,CMA_ES_d160
CMA_ES,bbob-largescale,21,160,16,32000,22520824,CMA_ES_d160
CMA_ES,bbob-largescale,21,160,17,32000,22520825,CMA_ES_d160
CMA_ES,bbob-largescale,21,160,18,32000,22520826,CMA_ES_d160
CMA_ES,bbob-largescale,22,160,16,32000,22620824,CMA_ES_d160
CMA_ES,bbob-largescale,22,160,17,32000,22620825,CMA_ES_d160
CMA_ES,bbob-largescale,22,160,18,32000,22620826,CMA_ES_d160
CMA_ES,bbob-largescale,23,160,16,32000,22720824,CMA_ES_d160
CMA_ES,bbob-largescale,23,160,17,32000,22720825,CMA_ES_d160
CMA_ES,bbob-largescale,23,160,18,32000,22720826,CMA_ES_d160
CMA_ES,bbob-largescale,24,160,16,32000,22820824,CMA_ES_d160
CMA_ES,bbob-largescale,24,160,17,32000,22820825,CMA_ES_d160
CMA_ES,bbob-largescale,24,160,18,32000,22820826,CMA_ES_d160
CMA_ES,bbob-largescale,1,320,16,64000,20680824,CMA_ES_d320
CMA_ES,bbob-largescale,1,320,17,64000,20680825,CMA_ES_d320
CMA_ES,bbob-largescale,1,320,18,64000,20680826,CMA_ES_d320
CMA_ES,bbob-largescale,2,320,16,64000,20780824,CMA_ES_d320
CMA_ES,bbob-largescale,2,320,17,64000,20780825,CMA_ES_d320
CMA_ES,bbob-largescale,2,320,18,64000,20780826,CMA_ES_d320
CMA_ES,bbob-largescale,3,320,16,64000,20880824,CMA_ES_d320
CMA_ES,bbob-largescale,3,320,17,64000,20880825,CMA_ES_d320
CMA_ES,bbob-largescale,3,320,18,64000,20880826,CMA_ES_d320
CMA_ES,bbob-largescale,4,320,16,64000,20980824,CMA_ES_d320
CMA_ES,bbob-largescale,4,320,17,64000,20980825,CMA_ES_d320
CMA_ES,bbob-largescale,4,320,18,64000,20980826,CMA_ES_d320
CMA_ES,bbob-largescale,5,320,16,64000,21080824,CMA_ES_d320
CMA_ES,bbob-largescale,5,320,17,64000,21080825,CMA_ES_d320
CMA_ES,bbob-largescale,5,320,18,64000,21080826,CMA_ES_d320
CMA_ES,bbob-largescale,6,320,16,64000,21180824,CMA_ES_d320
CMA_ES,bbob-largescale,6,320,17,64000,21180825,CMA_ES_d320
CMA_ES,bbob-largescale,6,320,18,64000,21180826,CMA_ES_d320
CMA_ES,bbob-largescale,7,320,16,64000,21280824,CMA_ES_d320
CMA_ES,bbob-largescale,7,320,17,64000,21280825,CMA_ES_d320
CMA_ES,bbob-largescale,7,320,18,64000,21280826,CMA_ES_d320
CMA_ES,bbob-largescale,8,320,16,64000,21380824,CMA_ES_d320
CMA_ES,bbob-largescale,8,320,17,64000,21380825,CMA_ES_d320
CMA_ES,bbob-largescale,8,320,18,64000,21380826,CMA_ES_d320
CMA_ES,bbob-largescale,9,320,16,64000,21480824,CMA_ES_d320
CMA_ES,bbob-largescale,9,320,17,64000,21480825,CMA_ES_d320
CMA_ES,bbob-largescale,9,320,18,64000,21480826,CMA_ES_d320
CMA_ES,bbob-largescale,10,320,16,64000,21580824,CMA_ES_d320
CMA_ES,bbob-largescale,10,320,17,64000,21580825,CMA_ES_d320
CMA_ES,bbob-largescale,10,320,18,64000,21580826,CMA_ES_d320
CMA_ES,bbob-largescale,11,320,16,64000,21680824,CMA_ES_d320
CMA_ES,bbob-largescale,11,320,17,64000,21680825,CMA_ES_d320
CMA_ES,bbob-largescale,11,320,18,64000,21680826,CMA_ES_d320
CMA_ES,bbob-largescale,12,320,16,64000,21780824,CMA_ES_d320
CMA_ES,bbob-largescale,12,320,17,64000,21780825,CMA_ES_d320
CMA_ES,bbob-largescale,12,320,18,64000,21780826,CMA_ES_d320
CMA_ES,bbob-largescale,13,320,16,64000,21880824,CMA_ES_d320
CMA_ES,bbob-largescale,13,320,17,64000,21880825,CMA_ES_d320
CMA_ES,bbob-largescale,13,320,18,64000,21880826,CMA_ES_d320
CMA_ES,bbob-largescale,14,320,16,64000,21980824,CMA_ES_d320
CMA_ES,bbob-largescale,14,320,17,64000,21980825,CMA_ES_d320
CMA_ES,bbob-largescale,14,320,18,64000,21980826,CMA_ES_d320
CMA_ES,bbob-largescale,15,320,16,64000,22080824,CMA_ES_d320
CMA_ES,bbob-largescale,15,320,17,64000,22080825,CMA_ES_d320
CMA_ES,bbob-largescale,15,320,18,64000,22080826,CMA_ES_d320
CMA_ES,bbob-largescale,16,320,16,64000,22180824,CMA_ES_d320
CMA_ES,bbob-largescale,16,320,17,64000,22180825,CMA_ES_d320
CMA_ES,bbob-largescale,16,320,18,64000,22180826,CMA_ES_d320
CMA_ES,bbob-largescale,17,320,16,64000,22280824,CMA_ES_d320
CMA_ES,bbob-largescale,17,320,17,64000,22280825,CMA_ES_d320
CMA_ES,bbob-largescale,17,320,18,64000,22280826,CMA_ES_d320
CMA_ES,bbob-largescale,18,320,16,64000,22380824,CMA_ES_d320
CMA_ES,bbob-largescale,18,320,17,64000,22380825,CMA_ES_d320
CMA_ES,bbob-largescale,18,320,18,64000,22380826,CMA_ES_d320
CMA_ES,bbob-largescale,19,320,16,64000,22480824,CMA_ES_d320
CMA_ES,bbob-largescale,19,320,17,64000,22480825,CMA_ES_d320
CMA_ES,bbob-largescale,19,320,18,64000,22480826,CMA_ES_d320
CMA_ES,bbob-largescale,20,320,16,64000,22580824,CMA_ES_d320
CMA_ES,bbob-largescale,20,320,17,64000,22580825,CMA_ES_d320
CMA_ES,bbob-largescale,20,320,18,64000,22580826,CMA_ES_d320
CMA_ES,bbob-largescale,21,320,16,64000,22680824,CMA_ES_d320
CMA_ES,bbob-largescale,21,320,17,64000,22680825,CMA_ES_d320
CMA_ES,bbob-largescale,21,320,18,64000,22680826,CMA_ES_d320
CMA_ES,bbob-largescale,22,320,16,64000,22780824,CMA_ES_d320
CMA_ES,bbob-largescale,22,320,17,64000,22780825,CMA_ES_d320
CMA_ES,bbob-largescale,22,320,18,64000,22780826,CMA_ES_d320
CMA_ES,bbob-largescale,23,320,16,64000,22880824,CMA_ES_d320
CMA_ES,bbob-largescale,23,320,17,64000,22880825,CMA_ES_d320
CMA_ES,bbob-largescale,23,320,18,64000,22880826,CMA_ES_d320
CMA_ES,bbob-largescale,24,320,16,64000,22980824,CMA_ES_d320
CMA_ES,bbob-largescale,24,320,17,64000,22980825,CMA_ES_d320
CMA_ES,bbob-largescale,24,320,18,64000,22980826,CMA_ES_d320
L_SHADE_1_0_1,bbob-largescale,1,40,16,8000,20400824,L_SHADE_1_0_1_d40
L_SHADE_1_0_1,bbob-largescale,1,40,17,8000,20400825,L_SHADE_1_0_1_d40
L_SHADE_1_0_1,bbob-largescale,1,40,18,8000,20400826,L_SHADE_1_0_1_d40
L_SHADE_1_0_1,bbob-largescale,2,40,16,8000,20500824,L_SHADE_1_0_1_d40
L_SHADE_1_0_1,bbob-largescale,2,40,17,8000,20500825,L_SHADE_1_0_1_d40
L_SHADE_1_0_1,bbob-largescale,2,40,18,8000,20500826,L_SHADE_1_0_1_d40
L_SHADE_1_0_1,bbob-largescale,3,40,16,8000,20600824,L_SHADE_1_0_1_d40
L_SHADE_1_0_1,bbob-largescale,3,40,17,8000,20600825,L_SHADE_1_0_1_d40
L_SHADE_1_0_1,bbob-largescale,3,40,18,8000,20600826,L_SHADE_1_0_1_d40
L_SHADE_1_0_1,bbob-largescale,4,40,16,8000,20700824,L_SHADE_1_0_1_d40
L_SHADE_1_0_1,bbob-largescale,4,40,17,8000,20700825,L_SHADE_1_0_1_d40
L_SHADE_1_0_1,bbob-largescale,4,40,18,8000,20700826,L_SHADE_1_0_1_d40
L_SHADE_1_0_1,bbob-largescale,5,40,16,8000,20800824,L_SHADE_1_0_1_d40
L_SHADE_1_0_1,bbob-largescale,5,40,17,8000,20800825,L_SHADE_1_0_1_d40
L_SHADE_1_0_1,bbob-largescale,5,40,18,8000,20800826,L_SHADE_1_0_1_d40
L_SHADE_1_0_1,bbob-largescale,6,40,16,8000,20900824,L_SHADE_1_0_1_d40
L_SHADE_1_0_1,bbob-largescale,6,40,17,8000,20900825,L_SHADE_1_0_1_d40
L_SHADE_1_0_1,bbob-largescale,6,40,18,8000,20900826,L_SHADE_1_0_1_d40
L_SHADE_1_0_1,bbob-largescale,7,40,16,8000,21000824,L_SHADE_1_0_1_d40
L_SHADE_1_0_1,bbob-largescale,7,40,17,8000,21000825,L_SHADE_1_0_1_d40
L_SHADE_1_0_1,bbob-largescale,7,40,18,8000,21000826,L_SHADE_1_0_1_d40
L_SHADE_1_0_1,bbob-largescale,8,40,16,8000,21100824,L_SHADE_1_0_1_d40
L_SHADE_1_0_1,bbob-largescale,8,40,17,8000,21100825,L_SHADE_1_0_1_d40
L_SHADE_1_0_1,bbob-largescale,8,40,18,8000,21100826,L_SHADE_1_0_1_d40
L_SHADE_1_0_1,bbob-largescale,9,40,16,8000,21200824,L_SHADE_1_0_1_d40
L_SHADE_1_0_1,bbob-largescale,9,40,17,8000,21200825,L_SHADE_1_0_1_d40
L_SHADE_1_0_1,bbob-largescale,9,40,18,8000,21200826,L_SHADE_1_0_1_d40
L_SHADE_1_0_1,bbob-largescale,10,40,16,8000,21300824,L_SHADE_1_0_1_d40
L_SHADE_1_0_1,bbob-largescale,10,40,17,8000,21300825,L_SHADE_1_0_1_d40
L_SHADE_1_0_1,bbob-largescale,10,40,18,8000,21300826,L_SHADE_1_0_1_d40
L_SHADE_1_0_1,bbob-largescale,11,40,16,8000,21400824,L_SHADE_1_0_1_d40
L_SHADE_1_0_1,bbob-largescale,11,40,17,8000,21400825,L_SHADE_1_0_1_d40
L_SHADE_1_0_1,bbob-largescale,11,40,18,8000,21400826,L_SHADE_1_0_1_d40
L_SHADE_1_0_1,bbob-largescale,12,40,16,8000,21500824,L_SHADE_1_0_1_d40
L_SHADE_1_0_1,bbob-largescale,12,40,17,8000,21500825,L_SHADE_1_0_1_d40
L_SHADE_1_0_1,bbob-largescale,12,40,18,8000,21500826,L_SHADE_1_0_1_d40
L_SHADE_1_0_1,bbob-largescale,13,40,16,8000,21600824,L_SHADE_1_0_1_d40
L_SHADE_1_0_1,bbob-largescale,13,40,17,8000,21600825,L_SHADE_1_0_1_d40
L_SHADE_1_0_1,bbob-largescale,13,40,18,8000,21600826,L_SHADE_1_0_1_d40
L_SHADE_1_0_1,bbob-largescale,14,40,16,8000,21700824,L_SHADE_1_0_1_d40
L_SHADE_1_0_1,bbob-largescale,14,40,17,8000,21700825,L_SHADE_1_0_1_d40
L_SHADE_1_0_1,bbob-largescale,14,40,18,8000,21700826,L_SHADE_1_0_1_d40
L_SHADE_1_0_1,bbob-largescale,15,40,16,8000,21800824,L_SHADE_1_0_1_d40
L_SHADE_1_0_1,bbob-largescale,15,40,17,8000,21800825,L_SHADE_1_0_1_d40
L_SHADE_1_0_1,bbob-largescale,15,40,18,8000,21800826,L_SHADE_1_0_1_d40
L_SHADE_1_0_1,bbob-largescale,16,40,16,8000,21900824,L_SHADE_1_0_1_d40
L_SHADE_1_0_1,bbob-largescale,16,40,17,8000,21900825,L_SHADE_1_0_1_d40
L_SHADE_1_0_1,bbob-largescale,16,40,18,8000,21900826,L_SHADE_1_0_1_d40
L_SHADE_1_0_1,bbob-largescale,17,40,16,8000,22000824,L_SHADE_1_0_1_d40
L_SHADE_1_0_1,bbob-largescale,17,40,17,8000,22000825,L_SHADE_1_0_1_d40
L_SHADE_1_0_1,bbob-largescale,17,40,18,8000,22000826,L_SHADE_1_0_1_d40
L_SHADE_1_0_1,bbob-largescale,18,40,16,8000,22100824,L_SHADE_1_0_1_d40
L_SHADE_1_0_1,bbob-largescale,18,40,17,8000,22100825,L_SHADE_1_0_1_d40
L_SHADE_1_0_1,bbob-largescale,18,40,18,8000,22100826,L_SHADE_1_0_1_d40
L_SHADE_1_0_1,bbob-largescale,19,40,16,8000,22200824,L_SHADE_1_0_1_d40
L_SHADE_1_0_1,bbob-largescale,19,40,17,8000,22200825,L_SHADE_1_0_1_d40
L_SHADE_1_0_1,bbob-largescale,19,40,18,8000,22200826,L_SHADE_1_0_1_d40
L_SHADE_1_0_1,bbob-largescale,20,40,16,8000,22300824,L_SHADE_1_0_1_d40
L_SHADE_1_0_1,bbob-largescale,20,40,17,8000,22300825,L_SHADE_1_0_1_d40
L_SHADE_1_0_1,bbob-largescale,20,40,18,8000,22300826,L_SHADE_1_0_1_d40
L_SHADE_1_0_1,bbob-largescale,21,40,16,8000,22400824,L_SHADE_1_0_1_d40
L_SHADE_1_0_1,bbob-largescale,21,40,17,8000,22400825,L_SHADE_1_0_1_d40
L_SHADE_1_0_1,bbob-largescale,21,40,18,8000,22400826,L_SHADE_1_0_1_d40
L_SHADE_1_0_1,bbob-largescale,22,40,16,8000,22500824,L_SHADE_1_0_1_d40
L_SHADE_1_0_1,bbob-largescale,22,40,17,8000,22500825,L_SHADE_1_0_1_d40
L_SHADE_1_0_1,bbob-largescale,22,40,18,8000,22500826,L_SHADE_1_0_1_d40
L_SHADE_1_0_1,bbob-largescale,23,40,16,8000,22600824,L_SHADE_1_0_1_d40
L_SHADE_1_0_1,bbob-largescale,23,40,17,8000,22600825,L_SHADE_1_0_1_d40
L_SHADE_1_0_1,bbob-largescale,23,40,18,8000,22600826,L_SHADE_1_0_1_d40
L_SHADE_1_0_1,bbob-largescale,24,40,16,8000,22700824,L_SHADE_1_0_1_d40
L_SHADE_1_0_1,bbob-largescale,24,40,17,8000,22700825,L_SHADE_1_0_1_d40
L_SHADE_1_0_1,bbob-largescale,24,40,18,8000,22700826,L_SHADE_1_0_1_d40
L_SHADE_1_0_1,bbob-largescale,1,80,16,16000,20440824,L_SHADE_1_0_1_d80
L_SHADE_1_0_1,bbob-largescale,1,80,17,16000,20440825,L_SHADE_1_0_1_d80
L_SHADE_1_0_1,bbob-largescale,1,80,18,16000,20440826,L_SHADE_1_0_1_d80
L_SHADE_1_0_1,bbob-largescale,2,80,16,16000,20540824,L_SHADE_1_0_1_d80
L_SHADE_1_0_1,bbob-largescale,2,80,17,16000,20540825,L_SHADE_1_0_1_d80
L_SHADE_1_0_1,bbob-largescale,2,80,18,16000,20540826,L_SHADE_1_0_1_d80
L_SHADE_1_0_1,bbob-largescale,3,80,16,16000,20640824,L_SHADE_1_0_1_d80
L_SHADE_1_0_1,bbob-largescale,3,80,17,16000,20640825,L_SHADE_1_0_1_d80
L_SHADE_1_0_1,bbob-largescale,3,80,18,16000,20640826,L_SHADE_1_0_1_d80
L_SHADE_1_0_1,bbob-largescale,4,80,16,16000,20740824,L_SHADE_1_0_1_d80
L_SHADE_1_0_1,bbob-largescale,4,80,17,16000,20740825,L_SHADE_1_0_1_d80
L_SHADE_1_0_1,bbob-largescale,4,80,18,16000,20740826,L_SHADE_1_0_1_d80
L_SHADE_1_0_1,bbob-largescale,5,80,16,16000,20840824,L_SHADE_1_0_1_d80
L_SHADE_1_0_1,bbob-largescale,5,80,17,16000,20840825,L_SHADE_1_0_1_d80
L_SHADE_1_0_1,bbob-largescale,5,80,18,16000,20840826,L_SHADE_1_0_1_d80
L_SHADE_1_0_1,bbob-largescale,6,80,16,16000,20940824,L_SHADE_1_0_1_d80
L_SHADE_1_0_1,bbob-largescale,6,80,17,16000,20940825,L_SHADE_1_0_1_d80
L_SHADE_1_0_1,bbob-largescale,6,80,18,16000,20940826,L_SHADE_1_0_1_d80
L_SHADE_1_0_1,bbob-largescale,7,80,16,16000,21040824,L_SHADE_1_0_1_d80
L_SHADE_1_0_1,bbob-largescale,7,80,17,16000,21040825,L_SHADE_1_0_1_d80
L_SHADE_1_0_1,bbob-largescale,7,80,18,16000,21040826,L_SHADE_1_0_1_d80
L_SHADE_1_0_1,bbob-largescale,8,80,16,16000,21140824,L_SHADE_1_0_1_d80
L_SHADE_1_0_1,bbob-largescale,8,80,17,16000,21140825,L_SHADE_1_0_1_d80
L_SHADE_1_0_1,bbob-largescale,8,80,18,16000,21140826,L_SHADE_1_0_1_d80
L_SHADE_1_0_1,bbob-largescale,9,80,16,16000,21240824,L_SHADE_1_0_1_d80
L_SHADE_1_0_1,bbob-largescale,9,80,17,16000,21240825,L_SHADE_1_0_1_d80
L_SHADE_1_0_1,bbob-largescale,9,80,18,16000,21240826,L_SHADE_1_0_1_d80
L_SHADE_1_0_1,bbob-largescale,10,80,16,16000,21340824,L_SHADE_1_0_1_d80
L_SHADE_1_0_1,bbob-largescale,10,80,17,16000,21340825,L_SHADE_1_0_1_d80
L_SHADE_1_0_1,bbob-largescale,10,80,18,16000,21340826,L_SHADE_1_0_1_d80
L_SHADE_1_0_1,bbob-largescale,11,80,16,16000,21440824,L_SHADE_1_0_1_d80
L_SHADE_1_0_1,bbob-largescale,11,80,17,16000,21440825,L_SHADE_1_0_1_d80
L_SHADE_1_0_1,bbob-largescale,11,80,18,16000,21440826,L_SHADE_1_0_1_d80
L_SHADE_1_0_1,bbob-largescale,12,80,16,16000,21540824,L_SHADE_1_0_1_d80
L_SHADE_1_0_1,bbob-largescale,12,80,17,16000,21540825,L_SHADE_1_0_1_d80
L_SHADE_1_0_1,bbob-largescale,12,80,18,16000,21540826,L_SHADE_1_0_1_d80
L_SHADE_1_0_1,bbob-largescale,13,80,16,16000,21640824,L_SHADE_1_0_1_d80
L_SHADE_1_0_1,bbob-largescale,13,80,17,16000,21640825,L_SHADE_1_0_1_d80
L_SHADE_1_0_1,bbob-largescale,13,80,18,16000,21640826,L_SHADE_1_0_1_d80
L_SHADE_1_0_1,bbob-largescale,14,80,16,16000,21740824,L_SHADE_1_0_1_d80
L_SHADE_1_0_1,bbob-largescale,14,80,17,16000,21740825,L_SHADE_1_0_1_d80
L_SHADE_1_0_1,bbob-largescale,14,80,18,16000,21740826,L_SHADE_1_0_1_d80
L_SHADE_1_0_1,bbob-largescale,15,80,16,16000,21840824,L_SHADE_1_0_1_d80
L_SHADE_1_0_1,bbob-largescale,15,80,17,16000,21840825,L_SHADE_1_0_1_d80
L_SHADE_1_0_1,bbob-largescale,15,80,18,16000,21840826,L_SHADE_1_0_1_d80
L_SHADE_1_0_1,bbob-largescale,16,80,16,16000,21940824,L_SHADE_1_0_1_d80
L_SHADE_1_0_1,bbob-largescale,16,80,17,16000,21940825,L_SHADE_1_0_1_d80
L_SHADE_1_0_1,bbob-largescale,16,80,18,16000,21940826,L_SHADE_1_0_1_d80
L_SHADE_1_0_1,bbob-largescale,17,80,16,16000,22040824,L_SHADE_1_0_1_d80
L_SHADE_1_0_1,bbob-largescale,17,80,17,16000,22040825,L_SHADE_1_0_1_d80
L_SHADE_1_0_1,bbob-largescale,17,80,18,16000,22040826,L_SHADE_1_0_1_d80
L_SHADE_1_0_1,bbob-largescale,18,80,16,16000,22140824,L_SHADE_1_0_1_d80
L_SHADE_1_0_1,bbob-largescale,18,80,17,16000,22140825,L_SHADE_1_0_1_d80
L_SHADE_1_0_1,bbob-largescale,18,80,18,16000,22140826,L_SHADE_1_0_1_d80
L_SHADE_1_0_1,bbob-largescale,19,80,16,16000,22240824,L_SHADE_1_0_1_d80
L_SHADE_1_0_1,bbob-largescale,19,80,17,16000,22240825,L_SHADE_1_0_1_d80
L_SHADE_1_0_1,bbob-largescale,19,80,18,16000,22240826,L_SHADE_1_0_1_d80
L_SHADE_1_0_1,bbob-largescale,20,80,16,16000,22340824,L_SHADE_1_0_1_d80
L_SHADE_1_0_1,bbob-largescale,20,80,17,16000,22340825,L_SHADE_1_0_1_d80
L_SHADE_1_0_1,bbob-largescale,20,80,18,16000,22340826,L_SHADE_1_0_1_d80
L_SHADE_1_0_1,bbob-largescale,21,80,16,16000,22440824,L_SHADE_1_0_1_d80
L_SHADE_1_0_1,bbob-largescale,21,80,17,16000,22440825,L_SHADE_1_0_1_d80
L_SHADE_1_0_1,bbob-largescale,21,80,18,16000,22440826,L_SHADE_1_0_1_d80
L_SHADE_1_0_1,bbob-largescale,22,80,16,16000,22540824,L_SHADE_1_0_1_d80
L_SHADE_1_0_1,bbob-largescale,22,80,17,16000,22540825,L_SHADE_1_0_1_d80
L_SHADE_1_0_1,bbob-largescale,22,80,18,16000,22540826,L_SHADE_1_0_1_d80
L_SHADE_1_0_1,bbob-largescale,23,80,16,16000,22640824,L_SHADE_1_0_1_d80
L_SHADE_1_0_1,bbob-largescale,23,80,17,16000,22640825,L_SHADE_1_0_1_d80
L_SHADE_1_0_1,bbob-largescale,23,80,18,16000,22640826,L_SHADE_1_0_1_d80
L_SHADE_1_0_1,bbob-largescale,24,80,16,16000,22740824,L_SHADE_1_0_1_d80
L_SHADE_1_0_1,bbob-largescale,24,80,17,16000,22740825,L_SHADE_1_0_1_d80
L_SHADE_1_0_1,bbob-largescale,24,80,18,16000,22740826,L_SHADE_1_0_1_d80
L_SHADE_1_0_1,bbob-largescale,1,160,16,32000,20520824,L_SHADE_1_0_1_d160
L_SHADE_1_0_1,bbob-largescale,1,160,17,32000,20520825,L_SHADE_1_0_1_d160
L_SHADE_1_0_1,bbob-largescale,1,160,18,32000,20520826,L_SHADE_1_0_1_d160
L_SHADE_1_0_1,bbob-largescale,2,160,16,32000,20620824,L_SHADE_1_0_1_d160
L_SHADE_1_0_1,bbob-largescale,2,160,17,32000,20620825,L_SHADE_1_0_1_d160
L_SHADE_1_0_1,bbob-largescale,2,160,18,32000,20620826,L_SHADE_1_0_1_d160
L_SHADE_1_0_1,bbob-largescale,3,160,16,32000,20720824,L_SHADE_1_0_1_d160
L_SHADE_1_0_1,bbob-largescale,3,160,17,32000,20720825,L_SHADE_1_0_1_d160
L_SHADE_1_0_1,bbob-largescale,3,160,18,32000,20720826,L_SHADE_1_0_1_d160
L_SHADE_1_0_1,bbob-largescale,4,160,16,32000,20820824,L_SHADE_1_0_1_d160
L_SHADE_1_0_1,bbob-largescale,4,160,17,32000,20820825,L_SHADE_1_0_1_d160
L_SHADE_1_0_1,bbob-largescale,4,160,18,32000,20820826,L_SHADE_1_0_1_d160
L_SHADE_1_0_1,bbob-largescale,5,160,16,32000,20920824,L_SHADE_1_0_1_d160
L_SHADE_1_0_1,bbob-largescale,5,160,17,32000,20920825,L_SHADE_1_0_1_d160
L_SHADE_1_0_1,bbob-largescale,5,160,18,32000,20920826,L_SHADE_1_0_1_d160
L_SHADE_1_0_1,bbob-largescale,6,160,16,32000,21020824,L_SHADE_1_0_1_d160
L_SHADE_1_0_1,bbob-largescale,6,160,17,32000,21020825,L_SHADE_1_0_1_d160
L_SHADE_1_0_1,bbob-largescale,6,160,18,32000,21020826,L_SHADE_1_0_1_d160
L_SHADE_1_0_1,bbob-largescale,7,160,16,32000,21120824,L_SHADE_1_0_1_d160
L_SHADE_1_0_1,bbob-largescale,7,160,17,32000,21120825,L_SHADE_1_0_1_d160
L_SHADE_1_0_1,bbob-largescale,7,160,18,32000,21120826,L_SHADE_1_0_1_d160
L_SHADE_1_0_1,bbob-largescale,8,160,16,32000,21220824,L_SHADE_1_0_1_d160
L_SHADE_1_0_1,bbob-largescale,8,160,17,32000,21220825,L_SHADE_1_0_1_d160
L_SHADE_1_0_1,bbob-largescale,8,160,18,32000,21220826,L_SHADE_1_0_1_d160
L_SHADE_1_0_1,bbob-largescale,9,160,16,32000,21320824,L_SHADE_1_0_1_d160
L_SHADE_1_0_1,bbob-largescale,9,160,17,32000,21320825,L_SHADE_1_0_1_d160
L_SHADE_1_0_1,bbob-largescale,9,160,18,32000,21320826,L_SHADE_1_0_1_d160
L_SHADE_1_0_1,bbob-largescale,10,160,16,32000,21420824,L_SHADE_1_0_1_d160
L_SHADE_1_0_1,bbob-largescale,10,160,17,32000,21420825,L_SHADE_1_0_1_d160
L_SHADE_1_0_1,bbob-largescale,10,160,18,32000,21420826,L_SHADE_1_0_1_d160
L_SHADE_1_0_1,bbob-largescale,11,160,16,32000,21520824,L_SHADE_1_0_1_d160
L_SHADE_1_0_1,bbob-largescale,11,160,17,32000,21520825,L_SHADE_1_0_1_d160
L_SHADE_1_0_1,bbob-largescale,11,160,18,32000,21520826,L_SHADE_1_0_1_d160
L_SHADE_1_0_1,bbob-largescale,12,160,16,32000,21620824,L_SHADE_1_0_1_d160
L_SHADE_1_0_1,bbob-largescale,12,160,17,32000,21620825,L_SHADE_1_0_1_d160
L_SHADE_1_0_1,bbob-largescale,12,160,18,32000,21620826,L_SHADE_1_0_1_d160
L_SHADE_1_0_1,bbob-largescale,13,160,16,32000,21720824,L_SHADE_1_0_1_d160
L_SHADE_1_0_1,bbob-largescale,13,160,17,32000,21720825,L_SHADE_1_0_1_d160
L_SHADE_1_0_1,bbob-largescale,13,160,18,32000,21720826,L_SHADE_1_0_1_d160
L_SHADE_1_0_1,bbob-largescale,14,160,16,32000,21820824,L_SHADE_1_0_1_d160
L_SHADE_1_0_1,bbob-largescale,14,160,17,32000,21820825,L_SHADE_1_0_1_d160
L_SHADE_1_0_1,bbob-largescale,14,160,18,32000,21820826,L_SHADE_1_0_1_d160
L_SHADE_1_0_1,bbob-largescale,15,160,16,32000,21920824,L_SHADE_1_0_1_d160
L_SHADE_1_0_1,bbob-largescale,15,160,17,32000,21920825,L_SHADE_1_0_1_d160
L_SHADE_1_0_1,bbob-largescale,15,160,18,32000,21920826,L_SHADE_1_0_1_d160
L_SHADE_1_0_1,bbob-largescale,16,160,16,32000,22020824,L_SHADE_1_0_1_d160
L_SHADE_1_0_1,bbob-largescale,16,160,17,32000,22020825,L_SHADE_1_0_1_d160
L_SHADE_1_0_1,bbob-largescale,16,160,18,32000,22020826,L_SHADE_1_0_1_d160
L_SHADE_1_0_1,bbob-largescale,17,160,16,32000,22120824,L_SHADE_1_0_1_d160
L_SHADE_1_0_1,bbob-largescale,17,160,17,32000,22120825,L_SHADE_1_0_1_d160
L_SHADE_1_0_1,bbob-largescale,17,160,18,32000,22120826,L_SHADE_1_0_1_d160
L_SHADE_1_0_1,bbob-largescale,18,160,16,32000,22220824,L_SHADE_1_0_1_d160
L_SHADE_1_0_1,bbob-largescale,18,160,17,32000,22220825,L_SHADE_1_0_1_d160
L_SHADE_1_0_1,bbob-largescale,18,160,18,32000,22220826,L_SHADE_1_0_1_d160
L_SHADE_1_0_1,bbob-largescale,19,160,16,32000,22320824,L_SHADE_1_0_1_d160
L_SHADE_1_0_1,bbob-largescale,19,160,17,32000,22320825,L_SHADE_1_0_1_d160
L_SHADE_1_0_1,bbob-largescale,19,160,18,32000,22320826,L_SHADE_1_0_1_d160
L_SHADE_1_0_1,bbob-largescale,20,160,16,32000,22420824,L_SHADE_1_0_1_d160
L_SHADE_1_0_1,bbob-largescale,20,160,17,32000,22420825,L_SHADE_1_0_1_d160
L_SHADE_1_0_1,bbob-largescale,20,160,18,32000,22420826,L_SHADE_1_0_1_d160
L_SHADE_1_0_1,bbob-largescale,21,160,16,32000,22520824,L_SHADE_1_0_1_d160
L_SHADE_1_0_1,bbob-largescale,21,160,17,32000,22520825,L_SHADE_1_0_1_d160
L_SHADE_1_0_1,bbob-largescale,21,160,18,32000,22520826,L_SHADE_1_0_1_d160
L_SHADE_1_0_1,bbob-largescale,22,160,16,32000,22620824,L_SHADE_1_0_1_d160
L_SHADE_1_0_1,bbob-largescale,22,160,17,32000,22620825,L_SHADE_1_0_1_d160
L_SHADE_1_0_1,bbob-largescale,22,160,18,32000,22620826,L_SHADE_1_0_1_d160
L_SHADE_1_0_1,bbob-largescale,23,160,16,32000,22720824,L_SHADE_1_0_1_d160
L_SHADE_1_0_1,bbob-largescale,23,160,17,32000,22720825,L_SHADE_1_0_1_d160
L_SHADE_1_0_1,bbob-largescale,23,160,18,32000,22720826,L_SHADE_1_0_1_d160
L_SHADE_1_0_1,bbob-largescale,24,160,16,32000,22820824,L_SHADE_1_0_1_d160
L_SHADE_1_0_1,bbob-largescale,24,160,17,32000,22820825,L_SHADE_1_0_1_d160
L_SHADE_1_0_1,bbob-largescale,24,160,18,32000,22820826,L_SHADE_1_0_1_d160
L_SHADE_1_0_1,bbob-largescale,1,320,16,64000,20680824,L_SHADE_1_0_1_d320
L_SHADE_1_0_1,bbob-largescale,1,320,17,64000,20680825,L_SHADE_1_0_1_d320
L_SHADE_1_0_1,bbob-largescale,1,320,18,64000,20680826,L_SHADE_1_0_1_d320
L_SHADE_1_0_1,bbob-largescale,2,320,16,64000,20780824,L_SHADE_1_0_1_d320
L_SHADE_1_0_1,bbob-largescale,2,320,17,64000,20780825,L_SHADE_1_0_1_d320
L_SHADE_1_0_1,bbob-largescale,2,320,18,64000,20780826,L_SHADE_1_0_1_d320
L_SHADE_1_0_1,bbob-largescale,3,320,16,64000,20880824,L_SHADE_1_0_1_d320
L_SHADE_1_0_1,bbob-largescale,3,320,17,64000,20880825,L_SHADE_1_0_1_d320
L_SHADE_1_0_1,bbob-largescale,3,320,18,64000,20880826,L_SHADE_1_0_1_d320
L_SHADE_1_0_1,bbob-largescale,4,320,16,64000,20980824,L_SHADE_1_0_1_d320
L_SHADE_1_0_1,bbob-largescale,4,320,17,64000,20980825,L_SHADE_1_0_1_d320
L_SHADE_1_0_1,bbob-largescale,4,320,18,64000,20980826,L_SHADE_1_0_1_d320
L_SHADE_1_0_1,bbob-largescale,5,320,16,64000,21080824,L_SHADE_1_0_1_d320
L_SHADE_1_0_1,bbob-largescale,5,320,17,64000,21080825,L_SHADE_1_0_1_d320
L_SHADE_1_0_1,bbob-largescale,5,320,18,64000,21080826,L_SHADE_1_0_1_d320
L_SHADE_1_0_1,bbob-largescale,6,320,16,64000,21180824,L_SHADE_1_0_1_d320
L_SHADE_1_0_1,bbob-largescale,6,320,17,64000,21180825,L_SHADE_1_0_1_d320
L_SHADE_1_0_1,bbob-largescale,6,320,18,64000,21180826,L_SHADE_1_0_1_d320
L_SHADE_1_0_1,bbob-largescale,7,320,16,64000,21280824,L_SHADE_1_0_1_d320
L_SHADE_1_0_1,bbob-largescale,7,320,17,64000,21280825,L_SHADE_1_0_1_d320
L_SHADE_1_0_1,bbob-largescale,7,320,18,64000,21280826,L_SHADE_1_0_1_d320
L_SHADE_1_0_1,bbob-largescale,8,320,16,64000,21380824,L_SHADE_1_0_1_d320
L_SHADE_1_0_1,bbob-largescale,8,320,17,64000,21380825,L_SHADE_1_0_1_d320
L_SHADE_1_0_1,bbob-largescale,8,320,18,64000,21380826,L_SHADE_1_0_1_d320
L_SHADE_1_0_1,bbob-largescale,9,320,16,64000,21480824,L_SHADE_1_0_1_d320
L_SHADE_1_0_1,bbob-largescale,9,320,17,64000,21480825,L_SHADE_1_0_1_d320
L_SHADE_1_0_1,bbob-largescale,9,320,18,64000,21480826,L_SHADE_1_0_1_d320
L_SHADE_1_0_1,bbob-largescale,10,320,16,64000,21580824,L_SHADE_1_0_1_d320
L_SHADE_1_0_1,bbob-largescale,10,320,17,64000,21580825,L_SHADE_1_0_1_d320
L_SHADE_1_0_1,bbob-largescale,10,320,18,64000,21580826,L_SHADE_1_0_1_d320
L_SHADE_1_0_1,bbob-largescale,11,320,16,64000,21680824,L_SHADE_1_0_1_d320
L_SHADE_1_0_1,bbob-largescale,11,320,17,64000,21680825,L_SHADE_1_0_1_d320
L_SHADE_1_0_1,bbob-largescale,11,320,18,64000,21680826,L_SHADE_1_0_1_d320
L_SHADE_1_0_1,bbob-largescale,12,320,16,64000,21780824,L_SHADE_1_0_1_d320
L_SHADE_1_0_1,bbob-largescale,12,320,17,64000,21780825,L_SHADE_1_0_1_d320
L_SHADE_1_0_1,bbob-largescale,12,320,18,64000,21780826,L_SHADE_1_0_1_d320
L_SHADE_1_0_1,bbob-largescale,13,320,16,64000,21880824,L_SHADE_1_0_1_d320
L_SHADE_1_0_1,bbob-largescale,13,320,17,64000,21880825,L_SHADE_1_0_1_d320
L_SHADE_1_0_1,bbob-largescale,13,320,18,64000,21880826,L_SHADE_1_0_1_d320
L_SHADE_1_0_1,bbob-largescale,14,320,16,64000,21980824,L_SHADE_1_0_1_d320
L_SHADE_1_0_1,bbob-largescale,14,320,17,64000,21980825,L_SHADE_1_0_1_d320
L_SHADE_1_0_1,bbob-largescale,14,320,18,64000,21980826,L_SHADE_1_0_1_d320
L_SHADE_1_0_1,bbob-largescale,15,320,16,64000,22080824,L_SHADE_1_0_1_d320
L_SHADE_1_0_1,bbob-largescale,15,320,17,64000,22080825,L_SHADE_1_0_1_d320
L_SHADE_1_0_1,bbob-largescale,15,320,18,64000,22080826,L_SHADE_1_0_1_d320
L_SHADE_1_0_1,bbob-largescale,16,320,16,64000,22180824,L_SHADE_1_0_1_d320
L_SHADE_1_0_1,bbob-largescale,16,320,17,64000,22180825,L_SHADE_1_0_1_d320
L_SHADE_1_0_1,bbob-largescale,16,320,18,64000,22180826,L_SHADE_1_0_1_d320
L_SHADE_1_0_1,bbob-largescale,17,320,16,64000,22280824,L_SHADE_1_0_1_d320
L_SHADE_1_0_1,bbob-largescale,17,320,17,64000,22280825,L_SHADE_1_0_1_d320
L_SHADE_1_0_1,bbob-largescale,17,320,18,64000,22280826,L_SHADE_1_0_1_d320
L_SHADE_1_0_1,bbob-largescale,18,320,16,64000,22380824,L_SHADE_1_0_1_d320
L_SHADE_1_0_1,bbob-largescale,18,320,17,64000,22380825,L_SHADE_1_0_1_d320
L_SHADE_1_0_1,bbob-largescale,18,320,18,64000,22380826,L_SHADE_1_0_1_d320
L_SHADE_1_0_1,bbob-largescale,19,320,16,64000,22480824,L_SHADE_1_0_1_d320
L_SHADE_1_0_1,bbob-largescale,19,320,17,64000,22480825,L_SHADE_1_0_1_d320
L_SHADE_1_0_1,bbob-largescale,19,320,18,64000,22480826,L_SHADE_1_0_1_d320
L_SHADE_1_0_1,bbob-largescale,20,320,16,64000,22580824,L_SHADE_1_0_1_d320
L_SHADE_1_0_1,bbob-largescale,20,320,17,64000,22580825,L_SHADE_1_0_1_d320
L_SHADE_1_0_1,bbob-largescale,20,320,18,64000,22580826,L_SHADE_1_0_1_d320
L_SHADE_1_0_1,bbob-largescale,21,320,16,64000,22680824,L_SHADE_1_0_1_d320
L_SHADE_1_0_1,bbob-largescale,21,320,17,64000,22680825,L_SHADE_1_0_1_d320
L_SHADE_1_0_1,bbob-largescale,21,320,18,64000,22680826,L_SHADE_1_0_1_d320
L_SHADE_1_0_1,bbob-largescale,22,320,16,64000,22780824,L_SHADE_1_0_1_d320
L_SHADE_1_0_1,bbob-largescale,22,320,17,64000,22780825,L_SHADE_1_0_1_d320
L_SHADE_1_0_1,bbob-largescale,22,320,18,64000,22780826,L_SHADE_1_0_1_d320
L_SHADE_1_0_1,bbob-largescale,23,320,16,64000,22880824,L_SHADE_1_0_1_d320
L_SHADE_1_0_1,bbob-largescale,23,320,17,64000,22880825,L_SHADE_1_0_1_d320
L_SHADE_1_0_1,bbob-largescale,23,320,18,64000,22880826,L_SHADE_1_0_1_d320
L_SHADE_1_0_1,bbob-largescale,24,320,16,64000,22980824,L_SHADE_1_0_1_d320
L_SHADE_1_0_1,bbob-largescale,24,320,17,64000,22980825,L_SHADE_1_0_1_d320
L_SHADE_1_0_1,bbob-largescale,24,320,18,64000,22980826,L_SHADE_1_0_1_d320
L_SRTDE,bbob-largescale,1,40,16,8000,20400824,L_SRTDE_d40
L_SRTDE,bbob-largescale,1,40,17,8000,20400825,L_SRTDE_d40
L_SRTDE,bbob-largescale,1,40,18,8000,20400826,L_SRTDE_d40
L_SRTDE,bbob-largescale,2,40,16,8000,20500824,L_SRTDE_d40
L_SRTDE,bbob-largescale,2,40,17,8000,20500825,L_SRTDE_d40
L_SRTDE,bbob-largescale,2,40,18,8000,20500826,L_SRTDE_d40
L_SRTDE,bbob-largescale,3,40,16,8000,20600824,L_SRTDE_d40
L_SRTDE,bbob-largescale,3,40,17,8000,20600825,L_SRTDE_d40
L_SRTDE,bbob-largescale,3,40,18,8000,20600826,L_SRTDE_d40
L_SRTDE,bbob-largescale,4,40,16,8000,20700824,L_SRTDE_d40
L_SRTDE,bbob-largescale,4,40,17,8000,20700825,L_SRTDE_d40
L_SRTDE,bbob-largescale,4,40,18,8000,20700826,L_SRTDE_d40
L_SRTDE,bbob-largescale,5,40,16,8000,20800824,L_SRTDE_d40
L_SRTDE,bbob-largescale,5,40,17,8000,20800825,L_SRTDE_d40
L_SRTDE,bbob-largescale,5,40,18,8000,20800826,L_SRTDE_d40
L_SRTDE,bbob-largescale,6,40,16,8000,20900824,L_SRTDE_d40
L_SRTDE,bbob-largescale,6,40,17,8000,20900825,L_SRTDE_d40
L_SRTDE,bbob-largescale,6,40,18,8000,20900826,L_SRTDE_d40
L_SRTDE,bbob-largescale,7,40,16,8000,21000824,L_SRTDE_d40
L_SRTDE,bbob-largescale,7,40,17,8000,21000825,L_SRTDE_d40
L_SRTDE,bbob-largescale,7,40,18,8000,21000826,L_SRTDE_d40
L_SRTDE,bbob-largescale,8,40,16,8000,21100824,L_SRTDE_d40
L_SRTDE,bbob-largescale,8,40,17,8000,21100825,L_SRTDE_d40
L_SRTDE,bbob-largescale,8,40,18,8000,21100826,L_SRTDE_d40
L_SRTDE,bbob-largescale,9,40,16,8000,21200824,L_SRTDE_d40
L_SRTDE,bbob-largescale,9,40,17,8000,21200825,L_SRTDE_d40
L_SRTDE,bbob-largescale,9,40,18,8000,21200826,L_SRTDE_d40
L_SRTDE,bbob-largescale,10,40,16,8000,21300824,L_SRTDE_d40
L_SRTDE,bbob-largescale,10,40,17,8000,21300825,L_SRTDE_d40
L_SRTDE,bbob-largescale,10,40,18,8000,21300826,L_SRTDE_d40
L_SRTDE,bbob-largescale,11,40,16,8000,21400824,L_SRTDE_d40
L_SRTDE,bbob-largescale,11,40,17,8000,21400825,L_SRTDE_d40
L_SRTDE,bbob-largescale,11,40,18,8000,21400826,L_SRTDE_d40
L_SRTDE,bbob-largescale,12,40,16,8000,21500824,L_SRTDE_d40
L_SRTDE,bbob-largescale,12,40,17,8000,21500825,L_SRTDE_d40
L_SRTDE,bbob-largescale,12,40,18,8000,21500826,L_SRTDE_d40
L_SRTDE,bbob-largescale,13,40,16,8000,21600824,L_SRTDE_d40
L_SRTDE,bbob-largescale,13,40,17,8000,21600825,L_SRTDE_d40
L_SRTDE,bbob-largescale,13,40,18,8000,21600826,L_SRTDE_d40
L_SRTDE,bbob-largescale,14,40,16,8000,21700824,L_SRTDE_d40
L_SRTDE,bbob-largescale,14,40,17,8000,21700825,L_SRTDE_d40
L_SRTDE,bbob-largescale,14,40,18,8000,21700826,L_SRTDE_d40
L_SRTDE,bbob-largescale,15,40,16,8000,21800824,L_SRTDE_d40
L_SRTDE,bbob-largescale,15,40,17,8000,21800825,L_SRTDE_d40
L_SRTDE,bbob-largescale,15,40,18,8000,21800826,L_SRTDE_d40
L_SRTDE,bbob-largescale,16,40,16,8000,21900824,L_SRTDE_d40
L_SRTDE,bbob-largescale,16,40,17,8000,21900825,L_SRTDE_d40
L_SRTDE,bbob-largescale,16,40,18,8000,21900826,L_SRTDE_d40
L_SRTDE,bbob-largescale,17,40,16,8000,22000824,L_SRTDE_d40
L_SRTDE,bbob-largescale,17,40,17,8000,22000825,L_SRTDE_d40
L_SRTDE,bbob-largescale,17,40,18,8000,22000826,L_SRTDE_d40
L_SRTDE,bbob-largescale,18,40,16,8000,22100824,L_SRTDE_d40
L_SRTDE,bbob-largescale,18,40,17,8000,22100825,L_SRTDE_d40
L_SRTDE,bbob-largescale,18,40,18,8000,22100826,L_SRTDE_d40
L_SRTDE,bbob-largescale,19,40,16,8000,22200824,L_SRTDE_d40
L_SRTDE,bbob-largescale,19,40,17,8000,22200825,L_SRTDE_d40
L_SRTDE,bbob-largescale,19,40,18,8000,22200826,L_SRTDE_d40
L_SRTDE,bbob-largescale,20,40,16,8000,22300824,L_SRTDE_d40
L_SRTDE,bbob-largescale,20,40,17,8000,22300825,L_SRTDE_d40
L_SRTDE,bbob-largescale,20,40,18,8000,22300826,L_SRTDE_d40
L_SRTDE,bbob-largescale,21,40,16,8000,22400824,L_SRTDE_d40
L_SRTDE,bbob-largescale,21,40,17,8000,22400825,L_SRTDE_d40
L_SRTDE,bbob-largescale,21,40,18,8000,22400826,L_SRTDE_d40
L_SRTDE,bbob-largescale,22,40,16,8000,22500824,L_SRTDE_d40
L_SRTDE,bbob-largescale,22,40,17,8000,22500825,L_SRTDE_d40
L_SRTDE,bbob-largescale,22,40,18,8000,22500826,L_SRTDE_d40
L_SRTDE,bbob-largescale,23,40,16,8000,22600824,L_SRTDE_d40
L_SRTDE,bbob-largescale,23,40,17,8000,22600825,L_SRTDE_d40
L_SRTDE,bbob-largescale,23,40,18,8000,22600826,L_SRTDE_d40
L_SRTDE,bbob-largescale,24,40,16,8000,22700824,L_SRTDE_d40
L_SRTDE,bbob-largescale,24,40,17,8000,22700825,L_SRTDE_d40
L_SRTDE,bbob-largescale,24,40,18,8000,22700826,L_SRTDE_d40
L_SRTDE,bbob-largescale,1,80,16,16000,20440824,L_SRTDE_d80
L_SRTDE,bbob-largescale,1,80,17,16000,20440825,L_SRTDE_d80
L_SRTDE,bbob-largescale,1,80,18,16000,20440826,L_SRTDE_d80
L_SRTDE,bbob-largescale,2,80,16,16000,20540824,L_SRTDE_d80
L_SRTDE,bbob-largescale,2,80,17,16000,20540825,L_SRTDE_d80
L_SRTDE,bbob-largescale,2,80,18,16000,20540826,L_SRTDE_d80
L_SRTDE,bbob-largescale,3,80,16,16000,20640824,L_SRTDE_d80
L_SRTDE,bbob-largescale,3,80,17,16000,20640825,L_SRTDE_d80
L_SRTDE,bbob-largescale,3,80,18,16000,20640826,L_SRTDE_d80
L_SRTDE,bbob-largescale,4,80,16,16000,20740824,L_SRTDE_d80
L_SRTDE,bbob-largescale,4,80,17,16000,20740825,L_SRTDE_d80
L_SRTDE,bbob-largescale,4,80,18,16000,20740826,L_SRTDE_d80
L_SRTDE,bbob-largescale,5,80,16,16000,20840824,L_SRTDE_d80
L_SRTDE,bbob-largescale,5,80,17,16000,20840825,L_SRTDE_d80
L_SRTDE,bbob-largescale,5,80,18,16000,20840826,L_SRTDE_d80
L_SRTDE,bbob-largescale,6,80,16,16000,20940824,L_SRTDE_d80
L_SRTDE,bbob-largescale,6,80,17,16000,20940825,L_SRTDE_d80
L_SRTDE,bbob-largescale,6,80,18,16000,20940826,L_SRTDE_d80
L_SRTDE,bbob-largescale,7,80,16,16000,21040824,L_SRTDE_d80
L_SRTDE,bbob-largescale,7,80,17,16000,21040825,L_SRTDE_d80
L_SRTDE,bbob-largescale,7,80,18,16000,21040826,L_SRTDE_d80
L_SRTDE,bbob-largescale,8,80,16,16000,21140824,L_SRTDE_d80
L_SRTDE,bbob-largescale,8,80,17,16000,21140825,L_SRTDE_d80
L_SRTDE,bbob-largescale,8,80,18,16000,21140826,L_SRTDE_d80
L_SRTDE,bbob-largescale,9,80,16,16000,21240824,L_SRTDE_d80
L_SRTDE,bbob-largescale,9,80,17,16000,21240825,L_SRTDE_d80
L_SRTDE,bbob-largescale,9,80,18,16000,21240826,L_SRTDE_d80
L_SRTDE,bbob-largescale,10,80,16,16000,21340824,L_SRTDE_d80
L_SRTDE,bbob-largescale,10,80,17,16000,21340825,L_SRTDE_d80
L_SRTDE,bbob-largescale,10,80,18,16000,21340826,L_SRTDE_d80
L_SRTDE,bbob-largescale,11,80,16,16000,21440824,L_SRTDE_d80
L_SRTDE,bbob-largescale,11,80,17,16000,21440825,L_SRTDE_d80
L_SRTDE,bbob-largescale,11,80,18,16000,21440826,L_SRTDE_d80
L_SRTDE,bbob-largescale,12,80,16,16000,21540824,L_SRTDE_d80
L_SRTDE,bbob-largescale,12,80,17,16000,21540825,L_SRTDE_d80
L_SRTDE,bbob-largescale,12,80,18,16000,21540826,L_SRTDE_d80
L_SRTDE,bbob-largescale,13,80,16,16000,21640824,L_SRTDE_d80
L_SRTDE,bbob-largescale,13,80,17,16000,21640825,L_SRTDE_d80
L_SRTDE,bbob-largescale,13,80,18,16000,21640826,L_SRTDE_d80
L_SRTDE,bbob-largescale,14,80,16,16000,21740824,L_SRTDE_d80
L_SRTDE,bbob-largescale,14,80,17,16000,21740825,L_SRTDE_d80
L_SRTDE,bbob-largescale,14,80,18,16000,21740826,L_SRTDE_d80
L_SRTDE,bbob-largescale,15,80,16,16000,21840824,L_SRTDE_d80
L_SRTDE,bbob-largescale,15,80,17,16000,21840825,L_SRTDE_d80
L_SRTDE,bbob-largescale,15,80,18,16000,21840826,L_SRTDE_d80
L_SRTDE,bbob-largescale,16,80,16,16000,21940824,L_SRTDE_d80
L_SRTDE,bbob-largescale,16,80,17,16000,21940825,L_SRTDE_d80
L_SRTDE,bbob-largescale,16,80,18,16000,21940826,L_SRTDE_d80
L_SRTDE,bbob-largescale,17,80,16,16000,22040824,L_SRTDE_d80
L_SRTDE,bbob-largescale,17,80,17,16000,22040825,L_SRTDE_d80
L_SRTDE,bbob-largescale,17,80,18,16000,22040826,L_SRTDE_d80
L_SRTDE,bbob-largescale,18,80,16,16000,22140824,L_SRTDE_d80
L_SRTDE,bbob-largescale,18,80,17,16000,22140825,L_SRTDE_d80
L_SRTDE,bbob-largescale,18,80,18,16000,22140826,L_SRTDE_d80
L_SRTDE,bbob-largescale,19,80,16,16000,22240824,L_SRTDE_d80
L_SRTDE,bbob-largescale,19,80,17,16000,22240825,L_SRTDE_d80
L_SRTDE,bbob-largescale,19,80,18,16000,22240826,L_SRTDE_d80
L_SRTDE,bbob-largescale,20,80,16,16000,22340824,L_SRTDE_d80
L_SRTDE,bbob-largescale,20,80,17,16000,22340825,L_SRTDE_d80
L_SRTDE,bbob-largescale,20,80,18,16000,22340826,L_SRTDE_d80
L_SRTDE,bbob-largescale,21,80,16,16000,22440824,L_SRTDE_d80
L_SRTDE,bbob-largescale,21,80,17,16000,22440825,L_SRTDE_d80
L_SRTDE,bbob-largescale,21,80,18,16000,22440826,L_SRTDE_d80
L_SRTDE,bbob-largescale,22,80,16,16000,22540824,L_SRTDE_d80
L_SRTDE,bbob-largescale,22,80,17,16000,22540825,L_SRTDE_d80
L_SRTDE,bbob-largescale,22,80,18,16000,22540826,L_SRTDE_d80
L_SRTDE,bbob-largescale,23,80,16,16000,22640824,L_SRTDE_d80
L_SRTDE,bbob-largescale,23,80,17,16000,22640825,L_SRTDE_d80
L_SRTDE,bbob-largescale,23,80,18,16000,22640826,L_SRTDE_d80
L_SRTDE,bbob-largescale,24,80,16,16000,22740824,L_SRTDE_d80
L_SRTDE,bbob-largescale,24,80,17,16000,22740825,L_SRTDE_d80
L_SRTDE,bbob-largescale,24,80,18,16000,22740826,L_SRTDE_d80
L_SRTDE,bbob-largescale,1,160,16,32000,20520824,L_SRTDE_d160
L_SRTDE,bbob-largescale,1,160,17,32000,20520825,L_SRTDE_d160
L_SRTDE,bbob-largescale,1,160,18,32000,20520826,L_SRTDE_d160
L_SRTDE,bbob-largescale,2,160,16,32000,20620824,L_SRTDE_d160
L_SRTDE,bbob-largescale,2,160,17,32000,20620825,L_SRTDE_d160
L_SRTDE,bbob-largescale,2,160,18,32000,20620826,L_SRTDE_d160
L_SRTDE,bbob-largescale,3,160,16,32000,20720824,L_SRTDE_d160
L_SRTDE,bbob-largescale,3,160,17,32000,20720825,L_SRTDE_d160
L_SRTDE,bbob-largescale,3,160,18,32000,20720826,L_SRTDE_d160
L_SRTDE,bbob-largescale,4,160,16,32000,20820824,L_SRTDE_d160
L_SRTDE,bbob-largescale,4,160,17,32000,20820825,L_SRTDE_d160
L_SRTDE,bbob-largescale,4,160,18,32000,20820826,L_SRTDE_d160
L_SRTDE,bbob-largescale,5,160,16,32000,20920824,L_SRTDE_d160
L_SRTDE,bbob-largescale,5,160,17,32000,20920825,L_SRTDE_d160
L_SRTDE,bbob-largescale,5,160,18,32000,20920826,L_SRTDE_d160
L_SRTDE,bbob-largescale,6,160,16,32000,21020824,L_SRTDE_d160
L_SRTDE,bbob-largescale,6,160,17,32000,21020825,L_SRTDE_d160
L_SRTDE,bbob-largescale,6,160,18,32000,21020826,L_SRTDE_d160
L_SRTDE,bbob-largescale,7,160,16,32000,21120824,L_SRTDE_d160
L_SRTDE,bbob-largescale,7,160,17,32000,21120825,L_SRTDE_d160
L_SRTDE,bbob-largescale,7,160,18,32000,21120826,L_SRTDE_d160
L_SRTDE,bbob-largescale,8,160,16,32000,21220824,L_SRTDE_d160
L_SRTDE,bbob-largescale,8,160,17,32000,21220825,L_SRTDE_d160
L_SRTDE,bbob-largescale,8,160,18,32000,21220826,L_SRTDE_d160
L_SRTDE,bbob-largescale,9,160,16,32000,21320824,L_SRTDE_d160
L_SRTDE,bbob-largescale,9,160,17,32000,21320825,L_SRTDE_d160
L_SRTDE,bbob-largescale,9,160,18,32000,21320826,L_SRTDE_d160
L_SRTDE,bbob-largescale,10,160,16,32000,21420824,L_SRTDE_d160
L_SRTDE,bbob-largescale,10,160,17,32000,21420825,L_SRTDE_d160
L_SRTDE,bbob-largescale,10,160,18,32000,21420826,L_SRTDE_d160
L_SRTDE,bbob-largescale,11,160,16,32000,21520824,L_SRTDE_d160
L_SRTDE,bbob-largescale,11,160,17,32000,21520825,L_SRTDE_d160
L_SRTDE,bbob-largescale,11,160,18,32000,21520826,L_SRTDE_d160
L_SRTDE,bbob-largescale,12,160,16,32000,21620824,L_SRTDE_d160
L_SRTDE,bbob-largescale,12,160,17,32000,21620825,L_SRTDE_d160
L_SRTDE,bbob-largescale,12,160,18,32000,21620826,L_SRTDE_d160
L_SRTDE,bbob-largescale,13,160,16,32000,21720824,L_SRTDE_d160
L_SRTDE,bbob-largescale,13,160,17,32000,21720825,L_SRTDE_d160
L_SRTDE,bbob-largescale,13,160,18,32000,21720826,L_SRTDE_d160
L_SRTDE,bbob-largescale,14,160,16,32000,21820824,L_SRTDE_d160
L_SRTDE,bbob-largescale,14,160,17,32000,21820825,L_SRTDE_d160
L_SRTDE,bbob-largescale,14,160,18,32000,21820826,L_SRTDE_d160
L_SRTDE,bbob-largescale,15,160,16,32000,21920824,L_SRTDE_d160
L_SRTDE,bbob-largescale,15,160,17,32000,21920825,L_SRTDE_d160
L_SRTDE,bbob-largescale,15,160,18,32000,21920826,L_SRTDE_d160
L_SRTDE,bbob-largescale,16,160,16,32000,22020824,L_SRTDE_d160
L_SRTDE,bbob-largescale,16,160,17,32000,22020825,L_SRTDE_d160
L_SRTDE,bbob-largescale,16,160,18,32000,22020826,L_SRTDE_d160
L_SRTDE,bbob-largescale,17,160,16,32000,22120824,L_SRTDE_d160
L_SRTDE,bbob-largescale,17,160,17,32000,22120825,L_SRTDE_d160
L_SRTDE,bbob-largescale,17,160,18,32000,22120826,L_SRTDE_d160
L_SRTDE,bbob-largescale,18,160,16,32000,22220824,L_SRTDE_d160
L_SRTDE,bbob-largescale,18,160,17,32000,22220825,L_SRTDE_d160
L_SRTDE,bbob-largescale,18,160,18,32000,22220826,L_SRTDE_d160
L_SRTDE,bbob-largescale,19,160,16,32000,22320824,L_SRTDE_d160
L_SRTDE,bbob-largescale,19,160,17,32000,22320825,L_SRTDE_d160
L_SRTDE,bbob-largescale,19,160,18,32000,22320826,L_SRTDE_d160
L_SRTDE,bbob-largescale,20,160,16,32000,22420824,L_SRTDE_d160
L_SRTDE,bbob-largescale,20,160,17,32000,22420825,L_SRTDE_d160
L_SRTDE,bbob-largescale,20,160,18,32000,22420826,L_SRTDE_d160
L_SRTDE,bbob-largescale,21,160,16,32000,22520824,L_SRTDE_d160
L_SRTDE,bbob-largescale,21,160,17,32000,22520825,L_SRTDE_d160
L_SRTDE,bbob-largescale,21,160,18,32000,22520826,L_SRTDE_d160
L_SRTDE,bbob-largescale,22,160,16,32000,22620824,L_SRTDE_d160
L_SRTDE,bbob-largescale,22,160,17,32000,22620825,L_SRTDE_d160
L_SRTDE,bbob-largescale,22,160,18,32000,22620826,L_SRTDE_d160
L_SRTDE,bbob-largescale,23,160,16,32000,22720824,L_SRTDE_d160
L_SRTDE,bbob-largescale,23,160,17,32000,22720825,L_SRTDE_d160
L_SRTDE,bbob-largescale,23,160,18,32000,22720826,L_SRTDE_d160
L_SRTDE,bbob-largescale,24,160,16,32000,22820824,L_SRTDE_d160
L_SRTDE,bbob-largescale,24,160,17,32000,22820825,L_SRTDE_d160
L_SRTDE,bbob-largescale,24,160,18,32000,22820826,L_SRTDE_d160
L_SRTDE,bbob-largescale,1,320,16,64000,20680824,L_SRTDE_d320
L_SRTDE,bbob-largescale,1,320,17,64000,20680825,L_SRTDE_d320
L_SRTDE,bbob-largescale,1,320,18,64000,20680826,L_SRTDE_d320
L_SRTDE,bbob-largescale,2,320,16,64000,20780824,L_SRTDE_d320
L_SRTDE,bbob-largescale,2,320,17,64000,20780825,L_SRTDE_d320
L_SRTDE,bbob-largescale,2,320,18,64000,20780826,L_SRTDE_d320
L_SRTDE,bbob-largescale,3,320,16,64000,20880824,L_SRTDE_d320
L_SRTDE,bbob-largescale,3,320,17,64000,20880825,L_SRTDE_d320
L_SRTDE,bbob-largescale,3,320,18,64000,20880826,L_SRTDE_d320
L_SRTDE,bbob-largescale,4,320,16,64000,20980824,L_SRTDE_d320
L_SRTDE,bbob-largescale,4,320,17,64000,20980825,L_SRTDE_d320
L_SRTDE,bbob-largescale,4,320,18,64000,20980826,L_SRTDE_d320
L_SRTDE,bbob-largescale,5,320,16,64000,21080824,L_SRTDE_d320
L_SRTDE,bbob-largescale,5,320,17,64000,21080825,L_SRTDE_d320
L_SRTDE,bbob-largescale,5,320,18,64000,21080826,L_SRTDE_d320
L_SRTDE,bbob-largescale,6,320,16,64000,21180824,L_SRTDE_d320
L_SRTDE,bbob-largescale,6,320,17,64000,21180825,L_SRTDE_d320
L_SRTDE,bbob-largescale,6,320,18,64000,21180826,L_SRTDE_d320
L_SRTDE,bbob-largescale,7,320,16,64000,21280824,L_SRTDE_d320
L_SRTDE,bbob-largescale,7,320,17,64000,21280825,L_SRTDE_d320
L_SRTDE,bbob-largescale,7,320,18,64000,21280826,L_SRTDE_d320
L_SRTDE,bbob-largescale,8,320,16,64000,21380824,L_SRTDE_d320
L_SRTDE,bbob-largescale,8,320,17,64000,21380825,L_SRTDE_d320
L_SRTDE,bbob-largescale,8,320,18,64000,21380826,L_SRTDE_d320
L_SRTDE,bbob-largescale,9,320,16,64000,21480824,L_SRTDE_d320
L_SRTDE,bbob-largescale,9,320,17,64000,21480825,L_SRTDE_d320
L_SRTDE,bbob-largescale,9,320,18,64000,21480826,L_SRTDE_d320
L_SRTDE,bbob-largescale,10,320,16,64000,21580824,L_SRTDE_d320
L_SRTDE,bbob-largescale,10,320,17,64000,21580825,L_SRTDE_d320
L_SRTDE,bbob-largescale,10,320,18,64000,21580826,L_SRTDE_d320
L_SRTDE,bbob-largescale,11,320,16,64000,21680824,L_SRTDE_d320
L_SRTDE,bbob-largescale,11,320,17,64000,21680825,L_SRTDE_d320
L_SRTDE,bbob-largescale,11,320,18,64000,21680826,L_SRTDE_d320
L_SRTDE,bbob-largescale,12,320,16,64000,21780824,L_SRTDE_d320
L_SRTDE,bbob-largescale,12,320,17,64000,21780825,L_SRTDE_d320
L_SRTDE,bbob-largescale,12,320,18,64000,21780826,L_SRTDE_d320
L_SRTDE,bbob-largescale,13,320,16,64000,21880824,L_SRTDE_d320
L_SRTDE,bbob-largescale,13,320,17,64000,21880825,L_SRTDE_d320
L_SRTDE,bbob-largescale,13,320,18,64000,21880826,L_SRTDE_d320
L_SRTDE,bbob-largescale,14,320,16,64000,21980824,L_SRTDE_d320
L_SRTDE,bbob-largescale,14,320,17,64000,21980825,L_SRTDE_d320
L_SRTDE,bbob-largescale,14,320,18,64000,21980826,L_SRTDE_d320
L_SRTDE,bbob-largescale,15,320,16,64000,22080824,L_SRTDE_d320
L_SRTDE,bbob-largescale,15,320,17,64000,22080825,L_SRTDE_d320
L_SRTDE,bbob-largescale,15,320,18,64000,22080826,L_SRTDE_d320
L_SRTDE,bbob-largescale,16,320,16,64000,22180824,L_SRTDE_d320
L_SRTDE,bbob-largescale,16,320,17,64000,22180825,L_SRTDE_d320
L_SRTDE,bbob-largescale,16,320,18,64000,22180826,L_SRTDE_d320
L_SRTDE,bbob-largescale,17,320,16,64000,22280824,L_SRTDE_d320
L_SRTDE,bbob-largescale,17,320,17,64000,22280825,L_SRTDE_d320
L_SRTDE,bbob-largescale,17,320,18,64000,22280826,L_SRTDE_d320
L_SRTDE,bbob-largescale,18,320,16,64000,22380824,L_SRTDE_d320
L_SRTDE,bbob-largescale,18,320,17,64000,22380825,L_SRTDE_d320
L_SRTDE,bbob-largescale,18,320,18,64000,22380826,L_SRTDE_d320
L_SRTDE,bbob-largescale,19,320,16,64000,22480824,L_SRTDE_d320
L_SRTDE,bbob-largescale,19,320,17,64000,22480825,L_SRTDE_d320
L_SRTDE,bbob-largescale,19,320,18,64000,22480826,L_SRTDE_d320
L_SRTDE,bbob-largescale,20,320,16,64000,22580824,L_SRTDE_d320
L_SRTDE,bbob-largescale,20,320,17,64000,22580825,L_SRTDE_d320
L_SRTDE,bbob-largescale,20,320,18,64000,22580826,L_SRTDE_d320
L_SRTDE,bbob-largescale,21,320,16,64000,22680824,L_SRTDE_d320
L_SRTDE,bbob-largescale,21,320,17,64000,22680825,L_SRTDE_d320
L_SRTDE,bbob-largescale,21,320,18,64000,22680826,L_SRTDE_d320
L_SRTDE,bbob-largescale,22,320,16,64000,22780824,L_SRTDE_d320
L_SRTDE,bbob-largescale,22,320,17,64000,22780825,L_SRTDE_d320
L_SRTDE,bbob-largescale,22,320,18,64000,22780826,L_SRTDE_d320
L_SRTDE,bbob-largescale,23,320,16,64000,22880824,L_SRTDE_d320
L_SRTDE,bbob-largescale,23,320,17,64000,22880825,L_SRTDE_d320
L_SRTDE,bbob-largescale,23,320,18,64000,22880826,L_SRTDE_d320
L_SRTDE,bbob-largescale,24,320,16,64000,22980824,L_SRTDE_d320
L_SRTDE,bbob-largescale,24,320,17,64000,22980825,L_SRTDE_d320
L_SRTDE,bbob-largescale,24,320,18,64000,22980826,L_SRTDE_d320
MS_LBFGSB,bbob-largescale,1,40,16,8000,20400824,MS_LBFGSB_d40
MS_LBFGSB,bbob-largescale,1,40,17,8000,20400825,MS_LBFGSB_d40
MS_LBFGSB,bbob-largescale,1,40,18,8000,20400826,MS_LBFGSB_d40
MS_LBFGSB,bbob-largescale,2,40,16,8000,20500824,MS_LBFGSB_d40
MS_LBFGSB,bbob-largescale,2,40,17,8000,20500825,MS_LBFGSB_d40
MS_LBFGSB,bbob-largescale,2,40,18,8000,20500826,MS_LBFGSB_d40
MS_LBFGSB,bbob-largescale,3,40,16,8000,20600824,MS_LBFGSB_d40
MS_LBFGSB,bbob-largescale,3,40,17,8000,20600825,MS_LBFGSB_d40
MS_LBFGSB,bbob-largescale,3,40,18,8000,20600826,MS_LBFGSB_d40
MS_LBFGSB,bbob-largescale,4,40,16,8000,20700824,MS_LBFGSB_d40
MS_LBFGSB,bbob-largescale,4,40,17,8000,20700825,MS_LBFGSB_d40
MS_LBFGSB,bbob-largescale,4,40,18,8000,20700826,MS_LBFGSB_d40
MS_LBFGSB,bbob-largescale,5,40,16,8000,20800824,MS_LBFGSB_d40
MS_LBFGSB,bbob-largescale,5,40,17,8000,20800825,MS_LBFGSB_d40
MS_LBFGSB,bbob-largescale,5,40,18,8000,20800826,MS_LBFGSB_d40
MS_LBFGSB,bbob-largescale,6,40,16,8000,20900824,MS_LBFGSB_d40
MS_LBFGSB,bbob-largescale,6,40,17,8000,20900825,MS_LBFGSB_d40
MS_LBFGSB,bbob-largescale,6,40,18,8000,20900826,MS_LBFGSB_d40
MS_LBFGSB,bbob-largescale,7,40,16,8000,21000824,MS_LBFGSB_d40
MS_LBFGSB,bbob-largescale,7,40,17,8000,21000825,MS_LBFGSB_d40
MS_LBFGSB,bbob-largescale,7,40,18,8000,21000826,MS_LBFGSB_d40
MS_LBFGSB,bbob-largescale,8,40,16,8000,21100824,MS_LBFGSB_d40
MS_LBFGSB,bbob-largescale,8,40,17,8000,21100825,MS_LBFGSB_d40
MS_LBFGSB,bbob-largescale,8,40,18,8000,21100826,MS_LBFGSB_d40
MS_LBFGSB,bbob-largescale,9,40,16,8000,21200824,MS_LBFGSB_d40
MS_LBFGSB,bbob-largescale,9,40,17,8000,21200825,MS_LBFGSB_d40
MS_LBFGSB,bbob-largescale,9,40,18,8000,21200826,MS_LBFGSB_d40
MS_LBFGSB,bbob-largescale,10,40,16,8000,21300824,MS_LBFGSB_d40
MS_LBFGSB,bbob-largescale,10,40,17,8000,21300825,MS_LBFGSB_d40
MS_LBFGSB,bbob-largescale,10,40,18,8000,21300826,MS_LBFGSB_d40
MS_LBFGSB,bbob-largescale,11,40,16,8000,21400824,MS_LBFGSB_d40
MS_LBFGSB,bbob-largescale,11,40,17,8000,21400825,MS_LBFGSB_d40
MS_LBFGSB,bbob-largescale,11,40,18,8000,21400826,MS_LBFGSB_d40
MS_LBFGSB,bbob-largescale,12,40,16,8000,21500824,MS_LBFGSB_d40
MS_LBFGSB,bbob-largescale,12,40,17,8000,21500825,MS_LBFGSB_d40
MS_LBFGSB,bbob-largescale,12,40,18,8000,21500826,MS_LBFGSB_d40
MS_LBFGSB,bbob-largescale,13,40,16,8000,21600824,MS_LBFGSB_d40
MS_LBFGSB,bbob-largescale,13,40,17,8000,21600825,MS_LBFGSB_d40
MS_LBFGSB,bbob-largescale,13,40,18,8000,21600826,MS_LBFGSB_d40
MS_LBFGSB,bbob-largescale,14,40,16,8000,21700824,MS_LBFGSB_d40
MS_LBFGSB,bbob-largescale,14,40,17,8000,21700825,MS_LBFGSB_d40
MS_LBFGSB,bbob-largescale,14,40,18,8000,21700826,MS_LBFGSB_d40
MS_LBFGSB,bbob-largescale,15,40,16,8000,21800824,MS_LBFGSB_d40
MS_LBFGSB,bbob-largescale,15,40,17,8000,21800825,MS_LBFGSB_d40
MS_LBFGSB,bbob-largescale,15,40,18,8000,21800826,MS_LBFGSB_d40
MS_LBFGSB,bbob-largescale,16,40,16,8000,21900824,MS_LBFGSB_d40
MS_LBFGSB,bbob-largescale,16,40,17,8000,21900825,MS_LBFGSB_d40
MS_LBFGSB,bbob-largescale,16,40,18,8000,21900826,MS_LBFGSB_d40
MS_LBFGSB,bbob-largescale,17,40,16,8000,22000824,MS_LBFGSB_d40
MS_LBFGSB,bbob-largescale,17,40,17,8000,22000825,MS_LBFGSB_d40
MS_LBFGSB,bbob-largescale,17,40,18,8000,22000826,MS_LBFGSB_d40
MS_LBFGSB,bbob-largescale,18,40,16,8000,22100824,MS_LBFGSB_d40
MS_LBFGSB,bbob-largescale,18,40,17,8000,22100825,MS_LBFGSB_d40
MS_LBFGSB,bbob-largescale,18,40,18,8000,22100826,MS_LBFGSB_d40
MS_LBFGSB,bbob-largescale,19,40,16,8000,22200824,MS_LBFGSB_d40
MS_LBFGSB,bbob-largescale,19,40,17,8000,22200825,MS_LBFGSB_d40
MS_LBFGSB,bbob-largescale,19,40,18,8000,22200826,MS_LBFGSB_d40
MS_LBFGSB,bbob-largescale,20,40,16,8000,22300824,MS_LBFGSB_d40
MS_LBFGSB,bbob-largescale,20,40,17,8000,22300825,MS_LBFGSB_d40
MS_LBFGSB,bbob-largescale,20,40,18,8000,22300826,MS_LBFGSB_d40
MS_LBFGSB,bbob-largescale,21,40,16,8000,22400824,MS_LBFGSB_d40
MS_LBFGSB,bbob-largescale,21,40,17,8000,22400825,MS_LBFGSB_d40
MS_LBFGSB,bbob-largescale,21,40,18,8000,22400826,MS_LBFGSB_d40
MS_LBFGSB,bbob-largescale,22,40,16,8000,22500824,MS_LBFGSB_d40
MS_LBFGSB,bbob-largescale,22,40,17,8000,22500825,MS_LBFGSB_d40
MS_LBFGSB,bbob-largescale,22,40,18,8000,22500826,MS_LBFGSB_d40
MS_LBFGSB,bbob-largescale,23,40,16,8000,22600824,MS_LBFGSB_d40
MS_LBFGSB,bbob-largescale,23,40,17,8000,22600825,MS_LBFGSB_d40
MS_LBFGSB,bbob-largescale,23,40,18,8000,22600826,MS_LBFGSB_d40
MS_LBFGSB,bbob-largescale,24,40,16,8000,22700824,MS_LBFGSB_d40
MS_LBFGSB,bbob-largescale,24,40,17,8000,22700825,MS_LBFGSB_d40
MS_LBFGSB,bbob-largescale,24,40,18,8000,22700826,MS_LBFGSB_d40
MS_LBFGSB,bbob-largescale,1,80,16,16000,20440824,MS_LBFGSB_d80
MS_LBFGSB,bbob-largescale,1,80,17,16000,20440825,MS_LBFGSB_d80
MS_LBFGSB,bbob-largescale,1,80,18,16000,20440826,MS_LBFGSB_d80
MS_LBFGSB,bbob-largescale,2,80,16,16000,20540824,MS_LBFGSB_d80
MS_LBFGSB,bbob-largescale,2,80,17,16000,20540825,MS_LBFGSB_d80
MS_LBFGSB,bbob-largescale,2,80,18,16000,20540826,MS_LBFGSB_d80
MS_LBFGSB,bbob-largescale,3,80,16,16000,20640824,MS_LBFGSB_d80
MS_LBFGSB,bbob-largescale,3,80,17,16000,20640825,MS_LBFGSB_d80
MS_LBFGSB,bbob-largescale,3,80,18,16000,20640826,MS_LBFGSB_d80
MS_LBFGSB,bbob-largescale,4,80,16,16000,20740824,MS_LBFGSB_d80
MS_LBFGSB,bbob-largescale,4,80,17,16000,20740825,MS_LBFGSB_d80
MS_LBFGSB,bbob-largescale,4,80,18,16000,20740826,MS_LBFGSB_d80
MS_LBFGSB,bbob-largescale,5,80,16,16000,20840824,MS_LBFGSB_d80
MS_LBFGSB,bbob-largescale,5,80,17,16000,20840825,MS_LBFGSB_d80
MS_LBFGSB,bbob-largescale,5,80,18,16000,20840826,MS_LBFGSB_d80
MS_LBFGSB,bbob-largescale,6,80,16,16000,20940824,MS_LBFGSB_d80
MS_LBFGSB,bbob-largescale,6,80,17,16000,20940825,MS_LBFGSB_d80
MS_LBFGSB,bbob-largescale,6,80,18,16000,20940826,MS_LBFGSB_d80
MS_LBFGSB,bbob-largescale,7,80,16,16000,21040824,MS_LBFGSB_d80
MS_LBFGSB,bbob-largescale,7,80,17,16000,21040825,MS_LBFGSB_d80
MS_LBFGSB,bbob-largescale,7,80,18,16000,21040826,MS_LBFGSB_d80
MS_LBFGSB,bbob-largescale,8,80,16,16000,21140824,MS_LBFGSB_d80
MS_LBFGSB,bbob-largescale,8,80,17,16000,21140825,MS_LBFGSB_d80
MS_LBFGSB,bbob-largescale,8,80,18,16000,21140826,MS_LBFGSB_d80
MS_LBFGSB,bbob-largescale,9,80,16,16000,21240824,MS_LBFGSB_d80
MS_LBFGSB,bbob-largescale,9,80,17,16000,21240825,MS_LBFGSB_d80
MS_LBFGSB,bbob-largescale,9,80,18,16000,21240826,MS_LBFGSB_d80
MS_LBFGSB,bbob-largescale,10,80,16,16000,21340824,MS_LBFGSB_d80
MS_LBFGSB,bbob-largescale,10,80,17,16000,21340825,MS_LBFGSB_d80
MS_LBFGSB,bbob-largescale,10,80,18,16000,21340826,MS_LBFGSB_d80
MS_LBFGSB,bbob-largescale,11,80,16,16000,21440824,MS_LBFGSB_d80
MS_LBFGSB,bbob-largescale,11,80,17,16000,21440825,MS_LBFGSB_d80
MS_LBFGSB,bbob-largescale,11,80,18,16000,21440826,MS_LBFGSB_d80
MS_LBFGSB,bbob-largescale,12,80,16,16000,21540824,MS_LBFGSB_d80
MS_LBFGSB,bbob-largescale,12,80,17,16000,21540825,MS_LBFGSB_d80
MS_LBFGSB,bbob-largescale,12,80,18,16000,21540826,MS_LBFGSB_d80
MS_LBFGSB,bbob-largescale,13,80,16,16000,21640824,MS_LBFGSB_d80
MS_LBFGSB,bbob-largescale,13,80,17,16000,21640825,MS_LBFGSB_d80
MS_LBFGSB,bbob-largescale,13,80,18,16000,21640826,MS_LBFGSB_d80
MS_LBFGSB,bbob-largescale,14,80,16,16000,21740824,MS_LBFGSB_d80
MS_LBFGSB,bbob-largescale,14,80,17,16000,21740825,MS_LBFGSB_d80
MS_LBFGSB,bbob-largescale,14,80,18,16000,21740826,MS_LBFGSB_d80
MS_LBFGSB,bbob-largescale,15,80,16,16000,21840824,MS_LBFGSB_d80
MS_LBFGSB,bbob-largescale,15,80,17,16000,21840825,MS_LBFGSB_d80
MS_LBFGSB,bbob-largescale,15,80,18,16000,21840826,MS_LBFGSB_d80
MS_LBFGSB,bbob-largescale,16,80,16,16000,21940824,MS_LBFGSB_d80
MS_LBFGSB,bbob-largescale,16,80,17,16000,21940825,MS_LBFGSB_d80
MS_LBFGSB,bbob-largescale,16,80,18,16000,21940826,MS_LBFGSB_d80
MS_LBFGSB,bbob-largescale,17,80,16,16000,22040824,MS_LBFGSB_d80
MS_LBFGSB,bbob-largescale,17,80,17,16000,22040825,MS_LBFGSB_d80
MS_LBFGSB,bbob-largescale,17,80,18,16000,22040826,MS_LBFGSB_d80
MS_LBFGSB,bbob-largescale,18,80,16,16000,22140824,MS_LBFGSB_d80
MS_LBFGSB,bbob-largescale,18,80,17,16000,22140825,MS_LBFGSB_d80
MS_LBFGSB,bbob-largescale,18,80,18,16000,22140826,MS_LBFGSB_d80
MS_LBFGSB,bbob-largescale,19,80,16,16000,22240824,MS_LBFGSB_d80
MS_LBFGSB,bbob-largescale,19,80,17,16000,22240825,MS_LBFGSB_d80
MS_LBFGSB,bbob-largescale,19,80,18,16000,22240826,MS_LBFGSB_d80
MS_LBFGSB,bbob-largescale,20,80,16,16000,22340824,MS_LBFGSB_d80
MS_LBFGSB,bbob-largescale,20,80,17,16000,22340825,MS_LBFGSB_d80
MS_LBFGSB,bbob-largescale,20,80,18,16000,22340826,MS_LBFGSB_d80
MS_LBFGSB,bbob-largescale,21,80,16,16000,22440824,MS_LBFGSB_d80
MS_LBFGSB,bbob-largescale,21,80,17,16000,22440825,MS_LBFGSB_d80
MS_LBFGSB,bbob-largescale,21,80,18,16000,22440826,MS_LBFGSB_d80
MS_LBFGSB,bbob-largescale,22,80,16,16000,22540824,MS_LBFGSB_d80
MS_LBFGSB,bbob-largescale,22,80,17,16000,22540825,MS_LBFGSB_d80
MS_LBFGSB,bbob-largescale,22,80,18,16000,22540826,MS_LBFGSB_d80
MS_LBFGSB,bbob-largescale,23,80,16,16000,22640824,MS_LBFGSB_d80
MS_LBFGSB,bbob-largescale,23,80,17,16000,22640825,MS_LBFGSB_d80
MS_LBFGSB,bbob-largescale,23,80,18,16000,22640826,MS_LBFGSB_d80
MS_LBFGSB,bbob-largescale,24,80,16,16000,22740824,MS_LBFGSB_d80
MS_LBFGSB,bbob-largescale,24,80,17,16000,22740825,MS_LBFGSB_d80
MS_LBFGSB,bbob-largescale,24,80,18,16000,22740826,MS_LBFGSB_d80
MS_LBFGSB,bbob-largescale,1,160,16,32000,20520824,MS_LBFGSB_d160
MS_LBFGSB,bbob-largescale,1,160,17,32000,20520825,MS_LBFGSB_d160
MS_LBFGSB,bbob-largescale,1,160,18,32000,20520826,MS_LBFGSB_d160
MS_LBFGSB,bbob-largescale,2,160,16,32000,20620824,MS_LBFGSB_d160
MS_LBFGSB,bbob-largescale,2,160,17,32000,20620825,MS_LBFGSB_d160
MS_LBFGSB,bbob-largescale,2,160,18,32000,20620826,MS_LBFGSB_d160
MS_LBFGSB,bbob-largescale,3,160,16,32000,20720824,MS_LBFGSB_d160
MS_LBFGSB,bbob-largescale,3,160,17,32000,20720825,MS_LBFGSB_d160
MS_LBFGSB,bbob-largescale,3,160,18,32000,20720826,MS_LBFGSB_d160
MS_LBFGSB,bbob-largescale,4,160,16,32000,20820824,MS_LBFGSB_d160
MS_LBFGSB,bbob-largescale,4,160,17,32000,20820825,MS_LBFGSB_d160
MS_LBFGSB,bbob-largescale,4,160,18,32000,20820826,MS_LBFGSB_d160
MS_LBFGSB,bbob-largescale,5,160,16,32000,20920824,MS_LBFGSB_d160
MS_LBFGSB,bbob-largescale,5,160,17,32000,20920825,MS_LBFGSB_d160
MS_LBFGSB,bbob-largescale,5,160,18,32000,20920826,MS_LBFGSB_d160
MS_LBFGSB,bbob-largescale,6,160,16,32000,21020824,MS_LBFGSB_d160
MS_LBFGSB,bbob-largescale,6,160,17,32000,21020825,MS_LBFGSB_d160
MS_LBFGSB,bbob-largescale,6,160,18,32000,21020826,MS_LBFGSB_d160
MS_LBFGSB,bbob-largescale,7,160,16,32000,21120824,MS_LBFGSB_d160
MS_LBFGSB,bbob-largescale,7,160,17,32000,21120825,MS_LBFGSB_d160
MS_LBFGSB,bbob-largescale,7,160,18,32000,21120826,MS_LBFGSB_d160
MS_LBFGSB,bbob-largescale,8,160,16,32000,21220824,MS_LBFGSB_d160
MS_LBFGSB,bbob-largescale,8,160,17,32000,21220825,MS_LBFGSB_d160
MS_LBFGSB,bbob-largescale,8,160,18,32000,21220826,MS_LBFGSB_d160
MS_LBFGSB,bbob-largescale,9,160,16,32000,21320824,MS_LBFGSB_d160
MS_LBFGSB,bbob-largescale,9,160,17,32000,21320825,MS_LBFGSB_d160
MS_LBFGSB,bbob-largescale,9,160,18,32000,21320826,MS_LBFGSB_d160
MS_LBFGSB,bbob-largescale,10,160,16,32000,21420824,MS_LBFGSB_d160
MS_LBFGSB,bbob-largescale,10,160,17,32000,21420825,MS_LBFGSB_d160
MS_LBFGSB,bbob-largescale,10,160,18,32000,21420826,MS_LBFGSB_d160
MS_LBFGSB,bbob-largescale,11,160,16,32000,21520824,MS_LBFGSB_d160
MS_LBFGSB,bbob-largescale,11,160,17,32000,21520825,MS_LBFGSB_d160
MS_LBFGSB,bbob-largescale,11,160,18,32000,21520826,MS_LBFGSB_d160
MS_LBFGSB,bbob-largescale,12,160,16,32000,21620824,MS_LBFGSB_d160
MS_LBFGSB,bbob-largescale,12,160,17,32000,21620825,MS_LBFGSB_d160
MS_LBFGSB,bbob-largescale,12,160,18,32000,21620826,MS_LBFGSB_d160
MS_LBFGSB,bbob-largescale,13,160,16,32000,21720824,MS_LBFGSB_d160
MS_LBFGSB,bbob-largescale,13,160,17,32000,21720825,MS_LBFGSB_d160
MS_LBFGSB,bbob-largescale,13,160,18,32000,21720826,MS_LBFGSB_d160
MS_LBFGSB,bbob-largescale,14,160,16,32000,21820824,MS_LBFGSB_d160
MS_LBFGSB,bbob-largescale,14,160,17,32000,21820825,MS_LBFGSB_d160
MS_LBFGSB,bbob-largescale,14,160,18,32000,21820826,MS_LBFGSB_d160
MS_LBFGSB,bbob-largescale,15,160,16,32000,21920824,MS_LBFGSB_d160
MS_LBFGSB,bbob-largescale,15,160,17,32000,21920825,MS_LBFGSB_d160
MS_LBFGSB,bbob-largescale,15,160,18,32000,21920826,MS_LBFGSB_d160
MS_LBFGSB,bbob-largescale,16,160,16,32000,22020824,MS_LBFGSB_d160
MS_LBFGSB,bbob-largescale,16,160,17,32000,22020825,MS_LBFGSB_d160
MS_LBFGSB,bbob-largescale,16,160,18,32000,22020826,MS_LBFGSB_d160
MS_LBFGSB,bbob-largescale,17,160,16,32000,22120824,MS_LBFGSB_d160
MS_LBFGSB,bbob-largescale,17,160,17,32000,22120825,MS_LBFGSB_d160
MS_LBFGSB,bbob-largescale,17,160,18,32000,22120826,MS_LBFGSB_d160
MS_LBFGSB,bbob-largescale,18,160,16,32000,22220824,MS_LBFGSB_d160
MS_LBFGSB,bbob-largescale,18,160,17,32000,22220825,MS_LBFGSB_d160
MS_LBFGSB,bbob-largescale,18,160,18,32000,22220826,MS_LBFGSB_d160
MS_LBFGSB,bbob-largescale,19,160,16,32000,22320824,MS_LBFGSB_d160
MS_LBFGSB,bbob-largescale,19,160,17,32000,22320825,MS_LBFGSB_d160
MS_LBFGSB,bbob-largescale,19,160,18,32000,22320826,MS_LBFGSB_d160
MS_LBFGSB,bbob-largescale,20,160,16,32000,22420824,MS_LBFGSB_d160
MS_LBFGSB,bbob-largescale,20,160,17,32000,22420825,MS_LBFGSB_d160
MS_LBFGSB,bbob-largescale,20,160,18,32000,22420826,MS_LBFGSB_d160
MS_LBFGSB,bbob-largescale,21,160,16,32000,22520824,MS_LBFGSB_d160
MS_LBFGSB,bbob-largescale,21,160,17,32000,22520825,MS_LBFGSB_d160
MS_LBFGSB,bbob-largescale,21,160,18,32000,22520826,MS_LBFGSB_d160
MS_LBFGSB,bbob-largescale,22,160,16,32000,22620824,MS_LBFGSB_d160
MS_LBFGSB,bbob-largescale,22,160,17,32000,22620825,MS_LBFGSB_d160
MS_LBFGSB,bbob-largescale,22,160,18,32000,22620826,MS_LBFGSB_d160
MS_LBFGSB,bbob-largescale,23,160,16,32000,22720824,MS_LBFGSB_d160
MS_LBFGSB,bbob-largescale,23,160,17,32000,22720825,MS_LBFGSB_d160
MS_LBFGSB,bbob-largescale,23,160,18,32000,22720826,MS_LBFGSB_d160
MS_LBFGSB,bbob-largescale,24,160,16,32000,22820824,MS_LBFGSB_d160
MS_LBFGSB,bbob-largescale,24,160,17,32000,22820825,MS_LBFGSB_d160
MS_LBFGSB,bbob-largescale,24,160,18,32000,22820826,MS_LBFGSB_d160
MS_LBFGSB,bbob-largescale,1,320,16,64000,20680824,MS_LBFGSB_d320
MS_LBFGSB,bbob-largescale,1,320,17,64000,20680825,MS_LBFGSB_d320
MS_LBFGSB,bbob-largescale,1,320,18,64000,20680826,MS_LBFGSB_d320
MS_LBFGSB,bbob-largescale,2,320,16,64000,20780824,MS_LBFGSB_d320
MS_LBFGSB,bbob-largescale,2,320,17,64000,20780825,MS_LBFGSB_d320
MS_LBFGSB,bbob-largescale,2,320,18,64000,20780826,MS_LBFGSB_d320
MS_LBFGSB,bbob-largescale,3,320,16,64000,20880824,MS_LBFGSB_d320
MS_LBFGSB,bbob-largescale,3,320,17,64000,20880825,MS_LBFGSB_d320
MS_LBFGSB,bbob-largescale,3,320,18,64000,20880826,MS_LBFGSB_d320
MS_LBFGSB,bbob-largescale,4,320,16,64000,20980824,MS_LBFGSB_d320
MS_LBFGSB,bbob-largescale,4,320,17,64000,20980825,MS_LBFGSB_d320
MS_LBFGSB,bbob-largescale,4,320,18,64000,20980826,MS_LBFGSB_d320
MS_LBFGSB,bbob-largescale,5,320,16,64000,21080824,MS_LBFGSB_d320
MS_LBFGSB,bbob-largescale,5,320,17,64000,21080825,MS_LBFGSB_d320
MS_LBFGSB,bbob-largescale,5,320,18,64000,21080826,MS_LBFGSB_d320
MS_LBFGSB,bbob-largescale,6,320,16,64000,21180824,MS_LBFGSB_d320
MS_LBFGSB,bbob-largescale,6,320,17,64000,21180825,MS_LBFGSB_d320
MS_LBFGSB,bbob-largescale,6,320,18,64000,21180826,MS_LBFGSB_d320
MS_LBFGSB,bbob-largescale,7,320,16,64000,21280824,MS_LBFGSB_d320
MS_LBFGSB,bbob-largescale,7,320,17,64000,21280825,MS_LBFGSB_d320
MS_LBFGSB,bbob-largescale,7,320,18,64000,21280826,MS_LBFGSB_d320
MS_LBFGSB,bbob-largescale,8,320,16,64000,21380824,MS_LBFGSB_d320
MS_LBFGSB,bbob-largescale,8,320,17,64000,21380825,MS_LBFGSB_d320
MS_LBFGSB,bbob-largescale,8,320,18,64000,21380826,MS_LBFGSB_d320
MS_LBFGSB,bbob-largescale,9,320,16,64000,21480824,MS_LBFGSB_d320
MS_LBFGSB,bbob-largescale,9,320,17,64000,21480825,MS_LBFGSB_d320
MS_LBFGSB,bbob-largescale,9,320,18,64000,21480826,MS_LBFGSB_d320
MS_LBFGSB,bbob-largescale,10,320,16,64000,21580824,MS_LBFGSB_d320
MS_LBFGSB,bbob-largescale,10,320,17,64000,21580825,MS_LBFGSB_d320
MS_LBFGSB,bbob-largescale,10,320,18,64000,21580826,MS_LBFGSB_d320
MS_LBFGSB,bbob-largescale,11,320,16,64000,21680824,MS_LBFGSB_d320
MS_LBFGSB,bbob-largescale,11,320,17,64000,21680825,MS_LBFGSB_d320
MS_LBFGSB,bbob-largescale,11,320,18,64000,21680826,MS_LBFGSB_d320
MS_LBFGSB,bbob-largescale,12,320,16,64000,21780824,MS_LBFGSB_d320
MS_LBFGSB,bbob-largescale,12,320,17,64000,21780825,MS_LBFGSB_d320
MS_LBFGSB,bbob-largescale,12,320,18,64000,21780826,MS_LBFGSB_d320
MS_LBFGSB,bbob-largescale,13,320,16,64000,21880824,MS_LBFGSB_d320
MS_LBFGSB,bbob-largescale,13,320,17,64000,21880825,MS_LBFGSB_d320
MS_LBFGSB,bbob-largescale,13,320,18,64000,21880826,MS_LBFGSB_d320
MS_LBFGSB,bbob-largescale,14,320,16,64000,21980824,MS_LBFGSB_d320
MS_LBFGSB,bbob-largescale,14,320,17,64000,21980825,MS_LBFGSB_d320
MS_LBFGSB,bbob-largescale,14,320,18,64000,21980826,MS_LBFGSB_d320
MS_LBFGSB,bbob-largescale,15,320,16,64000,22080824,MS_LBFGSB_d320
MS_LBFGSB,bbob-largescale,15,320,17,64000,22080825,MS_LBFGSB_d320
MS_LBFGSB,bbob-largescale,15,320,18,64000,22080826,MS_LBFGSB_d320
MS_LBFGSB,bbob-largescale,16,320,16,64000,22180824,MS_LBFGSB_d320
MS_LBFGSB,bbob-largescale,16,320,17,64000,22180825,MS_LBFGSB_d320
MS_LBFGSB,bbob-largescale,16,320,18,64000,22180826,MS_LBFGSB_d320
MS_LBFGSB,bbob-largescale,17,320,16,64000,22280824,MS_LBFGSB_d320
MS_LBFGSB,bbob-largescale,17,320,17,64000,22280825,MS_LBFGSB_d320
MS_LBFGSB,bbob-largescale,17,320,18,64000,22280826,MS_LBFGSB_d320
MS_LBFGSB,bbob-largescale,18,320,16,64000,22380824,MS_LBFGSB_d320
MS_LBFGSB,bbob-largescale,18,320,17,64000,22380825,MS_LBFGSB_d320
MS_LBFGSB,bbob-largescale,18,320,18,64000,22380826,MS_LBFGSB_d320
MS_LBFGSB,bbob-largescale,19,320,16,64000,22480824,MS_LBFGSB_d320
MS_LBFGSB,bbob-largescale,19,320,17,64000,22480825,MS_LBFGSB_d320
MS_LBFGSB,bbob-largescale,19,320,18,64000,22480826,MS_LBFGSB_d320
MS_LBFGSB,bbob-largescale,20,320,16,64000,22580824,MS_LBFGSB_d320
MS_LBFGSB,bbob-largescale,20,320,17,64000,22580825,MS_LBFGSB_d320
MS_LBFGSB,bbob-largescale,20,320,18,64000,22580826,MS_LBFGSB_d320
MS_LBFGSB,bbob-largescale,21,320,16,64000,22680824,MS_LBFGSB_d320
MS_LBFGSB,bbob-largescale,21,320,17,64000,22680825,MS_LBFGSB_d320
MS_LBFGSB,bbob-largescale,21,320,18,64000,22680826,MS_LBFGSB_d320
MS_LBFGSB,bbob-largescale,22,320,16,64000,22780824,MS_LBFGSB_d320
MS_LBFGSB,bbob-largescale,22,320,17,64000,22780825,MS_LBFGSB_d320
MS_LBFGSB,bbob-largescale,22,320,18,64000,22780826,MS_LBFGSB_d320
MS_LBFGSB,bbob-largescale,23,320,16,64000,22880824,MS_LBFGSB_d320
MS_LBFGSB,bbob-largescale,23,320,17,64000,22880825,MS_LBFGSB_d320
MS_LBFGSB,bbob-largescale,23,320,18,64000,22880826,MS_LBFGSB_d320
MS_LBFGSB,bbob-largescale,24,320,16,64000,22980824,MS_LBFGSB_d320
MS_LBFGSB,bbob-largescale,24,320,17,64000,22980825,MS_LBFGSB_d320
MS_LBFGSB,bbob-largescale,24,320,18,64000,22980826,MS_LBFGSB_d320
